post_id,user_id,text,timestamp,platform,reply_to,reshare_of,engagement_count,followers,following,label,clean_text,predicted_label,confidence,prob_human,prob_ai_generated
post_ea7f4bac,user_00163,The intersection of sustainability and talent management presents significant opportunities for innovation. Organizations that prioritize data-driven decision-making will be well-positioned to capitalize on emerging trends in the coming quarters.,2024-06-01T01:31:09.227968+00:00,twitter,,,51,1106,26,ai_generated,the intersection of sustainability and talent management presents significant opportunities for innovation. organizations that prioritize data-driven decision-making will be well-positioned to capitalize on emerging trends in the coming quarters.,ai_generated,0.999,0.001,0.999
post_c3d885a2,user_00027,can't believe it's already March. where did the year go??,2024-04-01T16:07:12.218898+00:00,mastodon,,,8,243,622,human,can't believe it's already march. where did the year go??,human,0.9995,0.9995,0.0005
post_ee708af4,user_00120,I'm excited to share insights on AI. The evidence strongly suggests that adoption rates have accelerated significantly. This has profound implications for communities worldwide. Let's discuss how we can leverage this for positive impact.,2024-02-29T14:24:34.872806+00:00,facebook,,,17,1252,191,ai_generated,i'm excited to share insights on ai. the evidence strongly suggests that adoption rates have accelerated significantly. this has profound implications for communities worldwide. let's discuss how we can leverage this for positive impact.,ai_generated,0.9989,0.0011,0.9989
post_9f194397,user_00113,woke up at 4:30am for no reason and now i can't sleep. hate this,2024-04-25T07:34:48.339722+00:00,twitter,,,1,204,38,human,woke up at 4:30am for no reason and now i can't sleep. hate this,human,0.9995,0.9995,0.0005
post_b0bb7e33,user_00049,throwback to that time when we stayed up all night talking. good times fr,2024-03-15T12:04:46.814310+00:00,facebook,,,23,97,54,human,throwback to that time when we stayed up all night talking. good times fr,human,0.9994,0.9994,0.0006
post_8ef59753,user_00281,does anyone else feel like veganism is totally overrated?,2024-04-10T22:59:33.845761+00:00,mastodon,,,6,208,51,human,does anyone else feel like veganism is totally overrated?,human,0.9995,0.9995,0.0005
post_e483671b,user_00185,woke up at 4:30am for no reason and now i can't sleep. hate this,2024-05-15T12:29:22.341025+00:00,reddit,,,4,622,209,human,woke up at 4:30am for no reason and now i can't sleep. hate this,human,0.9995,0.9995,0.0005
post_900f8dcf,user_00197,The intersection of digital transformation and customer experience presents significant opportunities for innovation. Organizations that prioritize data-driven decision-making will be well-positioned to capitalize on emerging trends in the coming quarters.,2024-02-14T11:32:34.725287+00:00,twitter,,,0,463,2,ai_generated,the intersection of digital transformation and customer experience presents significant opportunities for innovation. organizations that prioritize data-driven decision-making will be well-positioned to capitalize on emerging trends in the coming quarters.,ai_generated,0.9976,0.0024,0.9976
post_a21f4c5c,user_00152,can't believe it's already August. where did the year go??,2024-03-29T15:15:20.442430+00:00,mastodon,,,23,1003,42,human,can't believe it's already august. where did the year go??,human,0.9992,0.9992,0.0008
post_8a464d9e,user_00018,"Key considerations for AI: 1) Prioritize scalability from day one. 2) Build cross-functional alignment early. 3) Measure outcomes with clear KPIs. By addressing these dimensions, stakeholders can achieve sustainable outcomes aligned with organizational objectives.",2024-03-11T17:42:04.782691+00:00,reddit,,,18,407,36,ai_generated,"key considerations for ai: 1) prioritize scalability from day one. 2) build cross-functional alignment early. 3) measure outcomes with clear kpis. by addressing these dimensions, stakeholders can achieve sustainable outcomes aligned with organizational objectives.",ai_generated,0.999,0.001,0.999
post_2c14571e,user_00134,throwback to that time when we stayed up all night talking. good times fr,2024-02-26T06:49:00.476745+00:00,mastodon,,,20,172,81,human,throwback to that time when we stayed up all night talking. good times fr,human,0.9995,0.9995,0.0005
post_aefa22f0,user_00193,my cat is being so annoying today lmao,2024-03-31T12:54:05.402868+00:00,facebook,,,8,330,147,human,my cat is being so annoying today lmao,human,0.9995,0.9995,0.0005
post_0c4158e7,user_00286,just had the best sushi at my friend's place! totally worth it 😊,2024-06-20T18:50:56.738073+00:00,mastodon,,,9,158,77,human,just had the best sushi at my friend's place! totally worth it 😊,human,0.9995,0.9995,0.0005
post_ed2d3dd7,user_00142,can't believe it's already November. where did the year go??,2024-05-22T06:14:23.540573+00:00,reddit,,,5,262,562,human,can't believe it's already november. where did the year go??,human,0.9995,0.9995,0.0005
post_52d55c04,user_00219,woke up at 3am for no reason and now i can't sleep. hate this,2024-06-09T08:18:01.770143+00:00,facebook,,,6,604,14,human,woke up at 3am for no reason and now i can't sleep. hate this,human,0.9995,0.9995,0.0005
post_6204efa9,user_00167,ok why does everyone suddenly care about digital transformation? been saying this for years,2024-06-12T06:56:17.374447+00:00,mastodon,,,6,300,1376,human,ok why does everyone suddenly care about digital transformation? been saying this for years,human,0.9993,0.9993,0.0007
post_ed0dd47a,user_00048,just had the best pizza at a random food truck! totally worth it 😊,2024-04-12T02:25:45.391199+00:00,reddit,,,20,18,61,human,just had the best pizza at a random food truck! totally worth it 😊,human,0.9995,0.9995,0.0005
post_c76f5fd1,user_00026,I'm excited to share insights on meditation. The evidence strongly suggests that outcomes improve with structured frameworks. This has profound implications for practitioners worldwide. Let's discuss how we can leverage this for positive impact.,2024-02-18T00:25:46.015354+00:00,mastodon,,,42,604,13,ai_generated,i'm excited to share insights on meditation. the evidence strongly suggests that outcomes improve with structured frameworks. this has profound implications for practitioners worldwide. let's discuss how we can leverage this for positive impact.,ai_generated,0.9991,0.0009,0.9991
post_737a4125,user_00151,"Key considerations for AI: 1) Prioritize scalability from day one. 2) Build cross-functional alignment early. 3) Measure outcomes with clear KPIs. By addressing these dimensions, stakeholders can achieve sustainable outcomes aligned with organizational objectives.",2024-01-22T11:06:55.840860+00:00,reddit,,,2,1746,28,ai_generated,"key considerations for ai: 1) prioritize scalability from day one. 2) build cross-functional alignment early. 3) measure outcomes with clear kpis. by addressing these dimensions, stakeholders can achieve sustainable outcomes aligned with organizational objectives.",ai_generated,0.9978,0.0022,0.9978
post_c8f10bf4,user_00030,woke up at 4:30am for no reason and now i can't sleep. hate this,2024-03-19T09:46:47.185257+00:00,mastodon,,,11,691,42,human,woke up at 4:30am for no reason and now i can't sleep. hate this,human,0.9995,0.9995,0.0005
post_565b9fd7,user_00253,"As we navigate the evolving landscape of retail, it becomes increasingly important to consider the multifaceted implications of personalization. A comprehensive framework for analysis should incorporate both market signals and behavioral patterns to yield meaningful insights.",2024-05-03T05:27:21.225507+00:00,facebook,,post_598ec38b,22,3611,101,ai_generated,"as we navigate the evolving landscape of retail, it becomes increasingly important to consider the multifaceted implications of personalization. a comprehensive framework for analysis should incorporate both market signals and behavioral patterns to yield meaningful insights.",ai_generated,0.9992,0.0008,0.9992
post_bd80b764,user_00291,I'm excited to share insights on AI. The evidence strongly suggests that outcomes improve with structured frameworks. This has profound implications for organizations worldwide. Let's discuss how we can leverage this for positive impact.,2024-02-05T10:42:15.974053+00:00,facebook,,,16,517,69,ai_generated,i'm excited to share insights on ai. the evidence strongly suggests that outcomes improve with structured frameworks. this has profound implications for organizations worldwide. let's discuss how we can leverage this for positive impact.,ai_generated,0.9989,0.0011,0.9989
post_f2deae26,user_00180,can't believe it's already November. where did the year go??,2024-02-03T12:13:52.744966+00:00,twitter,,,16,146,300,human,can't believe it's already november. where did the year go??,human,0.9994,0.9994,0.0006
post_cacfa129,user_00132,I'm excited to share insights on remote work. The evidence strongly suggests that outcomes improve with structured frameworks. This has profound implications for communities worldwide. Let's discuss how we can leverage this for positive impact.,2024-06-23T07:31:51.779173+00:00,reddit,,,13,433,41,ai_generated,i'm excited to share insights on remote work. the evidence strongly suggests that outcomes improve with structured frameworks. this has profound implications for communities worldwide. let's discuss how we can leverage this for positive impact.,ai_generated,0.999,0.001,0.999
post_1b08dd48,user_00120,does anyone else feel like crypto is totally overrated?,2024-01-30T22:06:44.599347+00:00,facebook,,post_c21c7d94,9,58,1066,human,does anyone else feel like crypto is totally overrated?,human,0.9995,0.9995,0.0005
post_3c3019bc,user_00090,ok why does everyone suddenly care about remote collaboration? been saying this for years,2024-06-17T14:13:03.885788+00:00,reddit,,,33,115,8,human,ok why does everyone suddenly care about remote collaboration? been saying this for years,human,0.9974,0.9974,0.0026
post_3cd539e2,user_00281,unpopular opinion: open offices are terrible. fight me,2024-01-23T13:17:36.696085+00:00,facebook,,,1,21,70,human,unpopular opinion: open offices are terrible. fight me,human,0.9995,0.9995,0.0005
post_e2d4e28e,user_00056,you guys i just found out this has been happening for years. my whole life is a lie,2024-06-29T23:54:00.636100+00:00,mastodon,,,24,152,111,human,you guys i just found out this has been happening for years. my whole life is a lie,human,0.9988,0.9988,0.0012
post_1ee94601,user_00058,honestly whatever about that whole situation rn. mixed feelings for sure,2024-01-10T15:53:28.015197+00:00,twitter,,,17,251,95,human,honestly whatever about that whole situation rn. mixed feelings for sure,human,0.9993,0.9993,0.0007
post_94768c10,user_00246,honestly excited about what happened yesterday rn. mixed feelings for sure,2024-04-11T15:07:40.470692+00:00,reddit,,,3,802,27,human,honestly excited about what happened yesterday rn. mixed feelings for sure,human,0.9992,0.9992,0.0008
post_83f18c55,user_00282,my hamster is being so annoying today lmao,2024-04-18T00:53:01.990953+00:00,mastodon,,,3,134,152,human,my hamster is being so annoying today lmao,human,0.9995,0.9995,0.0005
post_e2e772ff,user_00210,woke up at 3am for no reason and now i can't sleep. hate this,2024-03-25T19:21:34.588945+00:00,facebook,,,1,5660,101,human,woke up at 3am for no reason and now i can't sleep. hate this,human,0.9995,0.9995,0.0005
post_c92f1dd8,user_00190,throwback to that time when we got completely lost. good times fr,2024-02-14T20:11:56.621324+00:00,facebook,,,4,20,1004,human,throwback to that time when we got completely lost. good times fr,human,0.9995,0.9995,0.0005
post_9ee813fc,user_00074,you guys i just found out I misunderstood everything. my whole life is a lie,2024-03-09T00:51:19.735315+00:00,reddit,,,6,364,174,human,you guys i just found out i misunderstood everything. my whole life is a lie,human,0.9991,0.9991,0.0009
post_797281a7,user_00059,my cat is being so annoying today lmao,2024-01-12T19:33:51.503671+00:00,twitter,,,2,12,7,human,my cat is being so annoying today lmao,human,0.9995,0.9995,0.0005
post_c81748a2,user_00266,"Key considerations for crypto: 1) Prioritize scalability from day one. 2) Build cross-functional alignment early. 3) Measure outcomes with clear KPIs. By addressing these dimensions, stakeholders can achieve sustainable outcomes aligned with organizational objectives.",2024-02-01T11:26:52.771390+00:00,mastodon,,,35,365,4,ai_generated,"key considerations for crypto: 1) prioritize scalability from day one. 2) build cross-functional alignment early. 3) measure outcomes with clear kpis. by addressing these dimensions, stakeholders can achieve sustainable outcomes aligned with organizational objectives.",ai_generated,0.9991,0.0009,0.9991
post_58c065cb,user_00018,can't believe it's already March. where did the year go??,2024-06-05T11:12:54.279663+00:00,facebook,,post_fb47f537,1,33,11,human,can't believe it's already march. where did the year go??,human,0.9995,0.9995,0.0005
post_7b9a6e45,user_00108,you guys i just found out this has been happening for years. my whole life is a lie,2024-02-12T15:03:07.977512+00:00,twitter,,,3,270,220,human,you guys i just found out this has been happening for years. my whole life is a lie,human,0.9992,0.9992,0.0008
post_bc6651a1,user_00228,honestly excited about what happened yesterday rn. mixed feelings for sure,2024-02-05T20:01:42.104766+00:00,twitter,,,13,404,346,human,honestly excited about what happened yesterday rn. mixed feelings for sure,human,0.9993,0.9993,0.0007
post_7add5ef1,user_00127,honestly excited about the announcement rn. mixed feelings for sure,2024-05-13T12:59:33.301414+00:00,reddit,,,5,65,91,human,honestly excited about the announcement rn. mixed feelings for sure,human,0.9995,0.9995,0.0005
post_ec051016,user_00183,"Key considerations for meditation: 1) Prioritize scalability from day one. 2) Build cross-functional alignment early. 3) Measure outcomes with clear KPIs. By addressing these dimensions, stakeholders can achieve sustainable outcomes aligned with organizational objectives.",2024-04-05T15:16:36.750345+00:00,mastodon,,post_4429f7ab,25,5653,105,ai_generated,"key considerations for meditation: 1) prioritize scalability from day one. 2) build cross-functional alignment early. 3) measure outcomes with clear kpis. by addressing these dimensions, stakeholders can achieve sustainable outcomes aligned with organizational objectives.",ai_generated,0.9992,0.0008,0.9992
post_0151d4c9,user_00253,you guys i just found out I misunderstood everything. my whole life is a lie,2024-01-02T23:30:01.542617+00:00,reddit,,,4,394,189,human,you guys i just found out i misunderstood everything. my whole life is a lie,human,0.9992,0.9992,0.0008
post_af189ab0,user_00107,ok why does everyone suddenly care about remote collaboration? been saying this for years,2024-06-26T13:57:00.894004+00:00,twitter,,,0,99,617,human,ok why does everyone suddenly care about remote collaboration? been saying this for years,human,0.9994,0.9994,0.0006
post_a2a5be5f,user_00043,"As we navigate the evolving landscape of education, it becomes increasingly important to consider the multifaceted implications of resilience. A comprehensive framework for analysis should incorporate both market signals and technological constraints to yield meaningful insights.",2024-06-24T19:46:40.459414+00:00,facebook,,,22,3004,60,ai_generated,"as we navigate the evolving landscape of education, it becomes increasingly important to consider the multifaceted implications of resilience. a comprehensive framework for analysis should incorporate both market signals and technological constraints to yield meaningful insights.",ai_generated,0.9992,0.0008,0.9992
post_afa7bf4f,user_00028,ok why does everyone suddenly care about remote collaboration? been saying this for years,2024-02-05T07:36:05.475208+00:00,reddit,,post_16946672,15,1085,244,human,ok why does everyone suddenly care about remote collaboration? been saying this for years,human,0.9982,0.9982,0.0018
post_95390c77,user_00294,ok why does everyone suddenly care about digital transformation? been saying this for years,2024-03-13T19:01:21.240090+00:00,reddit,,,4,61,641,human,ok why does everyone suddenly care about digital transformation? been saying this for years,human,0.9993,0.9993,0.0007
post_a55ace77,user_00203,ok why does everyone suddenly care about digital transformation? been saying this for years,2024-03-02T21:19:50.235752+00:00,twitter,,,8,189,56,human,ok why does everyone suddenly care about digital transformation? been saying this for years,human,0.9985,0.9985,0.0015
post_65d98997,user_00241,"As we navigate the evolving landscape of education, it becomes increasingly important to consider the multifaceted implications of scalability. A comprehensive framework for analysis should incorporate both qualitative feedback and behavioral patterns to yield meaningful insights.",2024-04-01T01:16:25.214227+00:00,twitter,,,31,436,25,ai_generated,"as we navigate the evolving landscape of education, it becomes increasingly important to consider the multifaceted implications of scalability. a comprehensive framework for analysis should incorporate both qualitative feedback and behavioral patterns to yield meaningful insights.",ai_generated,0.9992,0.0008,0.9992
post_a98a1bb3,user_00267,"Key considerations for meditation: 1) Prioritize scalability from day one. 2) Build cross-functional alignment early. 3) Measure outcomes with clear KPIs. By addressing these dimensions, stakeholders can achieve sustainable outcomes aligned with organizational objectives.",2024-06-16T12:39:57.566860+00:00,reddit,,,137,2374,25,ai_generated,"key considerations for meditation: 1) prioritize scalability from day one. 2) build cross-functional alignment early. 3) measure outcomes with clear kpis. by addressing these dimensions, stakeholders can achieve sustainable outcomes aligned with organizational objectives.",ai_generated,0.9992,0.0008,0.9992
post_90684ec3,user_00266,you guys i just found out I misunderstood everything. my whole life is a lie,2024-01-28T04:09:46.060268+00:00,mastodon,,,6,161,163,human,you guys i just found out i misunderstood everything. my whole life is a lie,human,0.9971,0.9971,0.0029
post_47e372f3,user_00085,"Key considerations for veganism: 1) Prioritize scalability from day one. 2) Build cross-functional alignment early. 3) Measure outcomes with clear KPIs. By addressing these dimensions, stakeholders can achieve sustainable outcomes aligned with organizational objectives.",2024-01-19T00:17:34.099418+00:00,mastodon,,,38,995,11,ai_generated,"key considerations for veganism: 1) prioritize scalability from day one. 2) build cross-functional alignment early. 3) measure outcomes with clear kpis. by addressing these dimensions, stakeholders can achieve sustainable outcomes aligned with organizational objectives.",ai_generated,0.9992,0.0008,0.9992
post_6a2818e3,user_00162,throwback to that time when we stayed up all night talking. good times fr,2024-02-20T14:44:24.769037+00:00,facebook,,,3,205,595,human,throwback to that time when we stayed up all night talking. good times fr,human,0.9995,0.9995,0.0005
post_2347a565,user_00102,you guys i just found out I misunderstood everything. my whole life is a lie,2024-01-14T17:42:16.434928+00:00,mastodon,,,17,19,66,human,you guys i just found out i misunderstood everything. my whole life is a lie,human,0.9992,0.9992,0.0008
post_bb359931,user_00274,"Key considerations for crypto: 1) Prioritize scalability from day one. 2) Build cross-functional alignment early. 3) Measure outcomes with clear KPIs. By addressing these dimensions, stakeholders can achieve sustainable outcomes aligned with organizational objectives.",2024-05-06T22:20:42.020015+00:00,twitter,,post_1e785efd,70,5759,8,ai_generated,"key considerations for crypto: 1) prioritize scalability from day one. 2) build cross-functional alignment early. 3) measure outcomes with clear kpis. by addressing these dimensions, stakeholders can achieve sustainable outcomes aligned with organizational objectives.",ai_generated,0.9992,0.0008,0.9992
post_a344592d,user_00060,can't believe it's already August. where did the year go??,2024-03-02T19:53:23.857507+00:00,facebook,,,9,140,821,human,can't believe it's already august. where did the year go??,human,0.9995,0.9995,0.0005
post_660e34fd,user_00178,The data clearly indicates that remote collaboration is reshaping healthcare. Forward-thinking leaders must adapt their strategies to remain competitive. Leveraging cloud infrastructure will be paramount in this transition.,2024-02-29T13:59:10.705104+00:00,mastodon,,post_4c32a96c,72,314,27,ai_generated,the data clearly indicates that remote collaboration is reshaping healthcare. forward-thinking leaders must adapt their strategies to remain competitive. leveraging cloud infrastructure will be paramount in this transition.,ai_generated,0.9988,0.0012,0.9988
post_56e85494,user_00091,you guys i just found out I misunderstood everything. my whole life is a lie,2024-04-20T13:16:42.867648+00:00,facebook,,post_7f37c541,0,310,971,human,you guys i just found out i misunderstood everything. my whole life is a lie,human,0.9994,0.9994,0.0006
post_75087a39,user_00162,just had the best pizza at a random food truck! totally worth it 😊,2024-01-10T20:14:07.064810+00:00,facebook,,,0,12,59,human,just had the best pizza at a random food truck! totally worth it 😊,human,0.9995,0.9995,0.0005
post_88778478,user_00270,The data clearly indicates that AI adoption is reshaping manufacturing. Forward-thinking leaders must adapt their strategies to remain competitive. Leveraging automation tools will be paramount in this transition.,2024-05-10T08:27:39.455919+00:00,facebook,,,2,1070,119,ai_generated,the data clearly indicates that ai adoption is reshaping manufacturing. forward-thinking leaders must adapt their strategies to remain competitive. leveraging automation tools will be paramount in this transition.,ai_generated,0.9952,0.0048,0.9952
post_1c10d1b0,user_00263,woke up at 4:30am for no reason and now i can't sleep. hate this,2024-02-07T14:10:18.126091+00:00,twitter,,,0,934,579,human,woke up at 4:30am for no reason and now i can't sleep. hate this,human,0.9995,0.9995,0.0005
post_1a600d0d,user_00223,"Key considerations for veganism: 1) Prioritize scalability from day one. 2) Build cross-functional alignment early. 3) Measure outcomes with clear KPIs. By addressing these dimensions, stakeholders can achieve sustainable outcomes aligned with organizational objectives.",2024-03-10T02:13:58.253359+00:00,facebook,,,15,1811,19,ai_generated,"key considerations for veganism: 1) prioritize scalability from day one. 2) build cross-functional alignment early. 3) measure outcomes with clear kpis. by addressing these dimensions, stakeholders can achieve sustainable outcomes aligned with organizational objectives.",ai_generated,0.9991,0.0009,0.9991
post_0c877655,user_00008,honestly conflicted about that whole situation rn. mixed feelings for sure,2024-03-06T01:08:15.166615+00:00,facebook,,,31,40,38,human,honestly conflicted about that whole situation rn. mixed feelings for sure,human,0.9992,0.9992,0.0008
post_83b7e320,user_00015,"As we navigate the evolving landscape of healthcare, it becomes increasingly important to consider the multifaceted implications of scalability. A comprehensive framework for analysis should incorporate both market signals and behavioral patterns to yield meaningful insights.",2024-02-22T08:30:03.640612+00:00,twitter,,,38,2083,120,ai_generated,"as we navigate the evolving landscape of healthcare, it becomes increasingly important to consider the multifaceted implications of scalability. a comprehensive framework for analysis should incorporate both market signals and behavioral patterns to yield meaningful insights.",ai_generated,0.9992,0.0008,0.9992
post_a2169417,user_00102,I'm excited to share insights on veganism. The evidence strongly suggests that adoption rates have accelerated significantly. This has profound implications for practitioners worldwide. Let's discuss how we can leverage this for positive impact.,2024-02-13T12:37:44.323935+00:00,reddit,,,24,2298,16,ai_generated,i'm excited to share insights on veganism. the evidence strongly suggests that adoption rates have accelerated significantly. this has profound implications for practitioners worldwide. let's discuss how we can leverage this for positive impact.,ai_generated,0.9991,0.0009,0.9991
post_1f833b60,user_00009,throwback to that time when we stayed up all night talking. good times fr,2024-02-17T12:35:38.914658+00:00,mastodon,,,21,1014,37,human,throwback to that time when we stayed up all night talking. good times fr,human,0.9993,0.9993,0.0007
post_9209ed17,user_00102,"As we navigate the evolving landscape of finance, it becomes increasingly important to consider the multifaceted implications of personalization. A comprehensive framework for analysis should incorporate both quantitative metrics and technological constraints to yield meaningful insights.",2024-06-10T22:22:10.603569+00:00,facebook,,post_9ee813fc,36,2027,75,ai_generated,"as we navigate the evolving landscape of finance, it becomes increasingly important to consider the multifaceted implications of personalization. a comprehensive framework for analysis should incorporate both quantitative metrics and technological constraints to yield meaningful insights.",ai_generated,0.9992,0.0008,0.9992
post_8cd6ffa0,user_00225,ok why does everyone suddenly care about digital transformation? been saying this for years,2024-04-30T21:08:12.285728+00:00,twitter,,,0,89,189,human,ok why does everyone suddenly care about digital transformation? been saying this for years,human,0.9993,0.9993,0.0007
post_198379af,user_00071,The intersection of artificial intelligence and customer experience presents significant opportunities for innovation. Organizations that prioritize data-driven decision-making will be well-positioned to capitalize on emerging trends in the coming quarters.,2024-05-28T09:45:25.273749+00:00,mastodon,,post_80e225bc,35,495,28,ai_generated,the intersection of artificial intelligence and customer experience presents significant opportunities for innovation. organizations that prioritize data-driven decision-making will be well-positioned to capitalize on emerging trends in the coming quarters.,ai_generated,0.9991,0.0009,0.9991
post_e913a831,user_00288,The data clearly indicates that digital transformation is reshaping finance. Forward-thinking leaders must adapt their strategies to remain competitive. Leveraging automation tools will be paramount in this transition.,2024-01-22T22:05:18.281790+00:00,facebook,,,10,2843,18,ai_generated,the data clearly indicates that digital transformation is reshaping finance. forward-thinking leaders must adapt their strategies to remain competitive. leveraging automation tools will be paramount in this transition.,ai_generated,0.9985,0.0015,0.9985
post_26bb8d4b,user_00193,does anyone else feel like AI is totally overrated?,2024-01-06T11:13:55.254589+00:00,reddit,,,9,175,19,human,does anyone else feel like ai is totally overrated?,human,0.9995,0.9995,0.0005
post_b39dbb29,user_00112,The intersection of sustainability and talent management presents significant opportunities for innovation. Organizations that prioritize agile methodologies will be well-positioned to capitalize on emerging trends in the coming quarters.,2024-02-24T00:35:25.795951+00:00,twitter,,,57,876,12,ai_generated,the intersection of sustainability and talent management presents significant opportunities for innovation. organizations that prioritize agile methodologies will be well-positioned to capitalize on emerging trends in the coming quarters.,ai_generated,0.999,0.001,0.999
post_5ab1492d,user_00160,just had the best tacos at a random food truck! totally worth it 😊,2024-05-15T23:48:55.306650+00:00,facebook,,,32,568,118,human,just had the best tacos at a random food truck! totally worth it 😊,human,0.9994,0.9994,0.0006
post_7a340335,user_00051,unpopular opinion: mornings are fine. fight me,2024-05-24T10:41:51.498978+00:00,facebook,,,25,67,134,human,unpopular opinion: mornings are fine. fight me,human,0.9995,0.9995,0.0005
post_3110743f,user_00061,throwback to that time when we stayed up all night talking. good times fr,2024-01-18T15:44:03.142399+00:00,mastodon,,post_0d4e38d4,9,135,1584,human,throwback to that time when we stayed up all night talking. good times fr,human,0.9995,0.9995,0.0005
post_36c043d2,user_00278,The data clearly indicates that remote collaboration is reshaping finance. Forward-thinking leaders must adapt their strategies to remain competitive. Leveraging cloud infrastructure will be paramount in this transition.,2024-01-13T16:07:23.163681+00:00,twitter,,post_5f300651,14,1084,11,ai_generated,the data clearly indicates that remote collaboration is reshaping finance. forward-thinking leaders must adapt their strategies to remain competitive. leveraging cloud infrastructure will be paramount in this transition.,ai_generated,0.9986,0.0014,0.9986
post_67801397,user_00298,does anyone else feel like veganism is totally overrated?,2024-03-05T18:04:37.664218+00:00,twitter,,,4,341,149,human,does anyone else feel like veganism is totally overrated?,human,0.9995,0.9995,0.0005
post_2783fe38,user_00024,woke up at 5am for no reason and now i can't sleep. hate this,2024-04-11T21:35:41.494331+00:00,mastodon,,,14,1820,162,human,woke up at 5am for no reason and now i can't sleep. hate this,human,0.9995,0.9995,0.0005
post_de8cb730,user_00004,The data clearly indicates that remote collaboration is reshaping manufacturing. Forward-thinking leaders must adapt their strategies to remain competitive. Leveraging machine learning will be paramount in this transition.,2024-06-14T17:00:28.995995+00:00,twitter,,,68,89,39,ai_generated,the data clearly indicates that remote collaboration is reshaping manufacturing. forward-thinking leaders must adapt their strategies to remain competitive. leveraging machine learning will be paramount in this transition.,ai_generated,0.9963,0.0037,0.9963
post_45e7b8b2,user_00076,woke up at 4:30am for no reason and now i can't sleep. hate this,2024-06-03T08:28:52.417636+00:00,twitter,,post_547df4d0,4,111,23,human,woke up at 4:30am for no reason and now i can't sleep. hate this,human,0.9995,0.9995,0.0005
post_2119ce0f,user_00179,honestly excited about the announcement rn. mixed feelings for sure,2024-04-04T05:18:59.174922+00:00,facebook,,,10,166,156,human,honestly excited about the announcement rn. mixed feelings for sure,human,0.9994,0.9994,0.0006
post_615e2ecb,user_00146,The data clearly indicates that AI adoption is reshaping manufacturing. Forward-thinking leaders must adapt their strategies to remain competitive. Leveraging machine learning will be paramount in this transition.,2024-05-05T08:45:47.525324+00:00,reddit,,post_1860cf71,34,739,13,ai_generated,the data clearly indicates that ai adoption is reshaping manufacturing. forward-thinking leaders must adapt their strategies to remain competitive. leveraging machine learning will be paramount in this transition.,ai_generated,0.9986,0.0014,0.9986
post_37cd61e1,user_00132,The data clearly indicates that remote collaboration is reshaping manufacturing. Forward-thinking leaders must adapt their strategies to remain competitive. Leveraging automation tools will be paramount in this transition.,2024-05-22T17:25:02.715782+00:00,facebook,,,42,576,22,ai_generated,the data clearly indicates that remote collaboration is reshaping manufacturing. forward-thinking leaders must adapt their strategies to remain competitive. leveraging automation tools will be paramount in this transition.,ai_generated,0.9986,0.0014,0.9986
post_3ddfc4e8,user_00269,The data clearly indicates that remote collaboration is reshaping healthcare. Forward-thinking leaders must adapt their strategies to remain competitive. Leveraging cloud infrastructure will be paramount in this transition.,2024-05-26T02:52:50.186785+00:00,facebook,,,8,1400,114,ai_generated,the data clearly indicates that remote collaboration is reshaping healthcare. forward-thinking leaders must adapt their strategies to remain competitive. leveraging cloud infrastructure will be paramount in this transition.,ai_generated,0.9979,0.0021,0.9979
post_c677636d,user_00249,"Key considerations for AI: 1) Prioritize scalability from day one. 2) Build cross-functional alignment early. 3) Measure outcomes with clear KPIs. By addressing these dimensions, stakeholders can achieve sustainable outcomes aligned with organizational objectives.",2024-03-29T04:41:05.253635+00:00,reddit,,,24,1523,72,ai_generated,"key considerations for ai: 1) prioritize scalability from day one. 2) build cross-functional alignment early. 3) measure outcomes with clear kpis. by addressing these dimensions, stakeholders can achieve sustainable outcomes aligned with organizational objectives.",ai_generated,0.9991,0.0009,0.9991
post_464517df,user_00182,I'm excited to share insights on crypto. The evidence strongly suggests that outcomes improve with structured frameworks. This has profound implications for organizations worldwide. Let's discuss how we can leverage this for positive impact.,2024-01-07T23:41:07.334957+00:00,facebook,,,78,222,44,ai_generated,i'm excited to share insights on crypto. the evidence strongly suggests that outcomes improve with structured frameworks. this has profound implications for organizations worldwide. let's discuss how we can leverage this for positive impact.,ai_generated,0.9991,0.0009,0.9991
post_0f4ad4a0,user_00065,unpopular opinion: mornings are fine. fight me,2024-05-03T16:09:13.008477+00:00,twitter,,,0,149,35,human,unpopular opinion: mornings are fine. fight me,human,0.9995,0.9995,0.0005
post_49e6c35b,user_00081,ok why does everyone suddenly care about digital transformation? been saying this for years,2024-04-15T11:10:21.409530+00:00,twitter,,,1,43,85,human,ok why does everyone suddenly care about digital transformation? been saying this for years,human,0.9992,0.9992,0.0008
post_237cf413,user_00081,The data clearly indicates that remote collaboration is reshaping finance. Forward-thinking leaders must adapt their strategies to remain competitive. Leveraging cloud infrastructure will be paramount in this transition.,2024-06-10T21:32:42.071502+00:00,facebook,,,5,4691,36,ai_generated,the data clearly indicates that remote collaboration is reshaping finance. forward-thinking leaders must adapt their strategies to remain competitive. leveraging cloud infrastructure will be paramount in this transition.,ai_generated,0.9985,0.0015,0.9985
post_10363758,user_00131,The intersection of digital transformation and talent management presents significant opportunities for innovation. Organizations that prioritize stakeholder alignment will be well-positioned to capitalize on emerging trends in the coming quarters.,2024-05-20T02:47:26.807304+00:00,mastodon,,post_ee34bb9a,26,1681,40,ai_generated,the intersection of digital transformation and talent management presents significant opportunities for innovation. organizations that prioritize stakeholder alignment will be well-positioned to capitalize on emerging trends in the coming quarters.,ai_generated,0.999,0.001,0.999
post_f9516489,user_00256,"Key considerations for AI: 1) Prioritize scalability from day one. 2) Build cross-functional alignment early. 3) Measure outcomes with clear KPIs. By addressing these dimensions, stakeholders can achieve sustainable outcomes aligned with organizational objectives.",2024-02-09T10:29:37.603398+00:00,facebook,,,38,1861,89,ai_generated,"key considerations for ai: 1) prioritize scalability from day one. 2) build cross-functional alignment early. 3) measure outcomes with clear kpis. by addressing these dimensions, stakeholders can achieve sustainable outcomes aligned with organizational objectives.",ai_generated,0.9991,0.0009,0.9991
post_fe41cf6c,user_00162,can't believe it's already August. where did the year go??,2024-01-17T00:01:10.382893+00:00,twitter,,,12,189,41,human,can't believe it's already august. where did the year go??,human,0.9994,0.9994,0.0006
post_64dc4ad2,user_00182,honestly nervous about the announcement rn. mixed feelings for sure,2024-06-22T00:15:29.377860+00:00,twitter,,,16,65,39,human,honestly nervous about the announcement rn. mixed feelings for sure,human,0.9993,0.9993,0.0007
post_e216ab66,user_00026,I'm excited to share insights on veganism. The evidence strongly suggests that adoption rates have accelerated significantly. This has profound implications for communities worldwide. Let's discuss how we can leverage this for positive impact.,2024-02-25T02:00:30.829827+00:00,twitter,,,14,609,16,ai_generated,i'm excited to share insights on veganism. the evidence strongly suggests that adoption rates have accelerated significantly. this has profound implications for communities worldwide. let's discuss how we can leverage this for positive impact.,ai_generated,0.9991,0.0009,0.9991
post_c21e4092,user_00275,"As we navigate the evolving landscape of finance, it becomes increasingly important to consider the multifaceted implications of scalability. A comprehensive framework for analysis should incorporate both qualitative feedback and behavioral patterns to yield meaningful insights.",2024-02-21T20:39:33.606775+00:00,reddit,,post_0d9ba8d1,45,96,176,ai_generated,"as we navigate the evolving landscape of finance, it becomes increasingly important to consider the multifaceted implications of scalability. a comprehensive framework for analysis should incorporate both qualitative feedback and behavioral patterns to yield meaningful insights.",ai_generated,0.9951,0.0049,0.9951
post_ee34bb9a,user_00234,does anyone else feel like meditation is totally overrated?,2024-04-25T20:54:14.046416+00:00,twitter,,,15,542,186,human,does anyone else feel like meditation is totally overrated?,human,0.9994,0.9994,0.0006
post_3b88b7fb,user_00224,woke up at 5am for no reason and now i can't sleep. hate this,2024-04-11T21:07:10.950002+00:00,facebook,,,8,170,156,human,woke up at 5am for no reason and now i can't sleep. hate this,human,0.9995,0.9995,0.0005
post_ecee5008,user_00254,"Key considerations for crypto: 1) Prioritize scalability from day one. 2) Build cross-functional alignment early. 3) Measure outcomes with clear KPIs. By addressing these dimensions, stakeholders can achieve sustainable outcomes aligned with organizational objectives.",2024-03-20T11:52:38.331618+00:00,mastodon,,,127,7202,40,ai_generated,"key considerations for crypto: 1) prioritize scalability from day one. 2) build cross-functional alignment early. 3) measure outcomes with clear kpis. by addressing these dimensions, stakeholders can achieve sustainable outcomes aligned with organizational objectives.",ai_generated,0.9992,0.0008,0.9992
post_41583701,user_00049,"Key considerations for veganism: 1) Prioritize scalability from day one. 2) Build cross-functional alignment early. 3) Measure outcomes with clear KPIs. By addressing these dimensions, stakeholders can achieve sustainable outcomes aligned with organizational objectives.",2024-02-17T14:40:13.058954+00:00,facebook,,post_4451989b,39,3595,102,ai_generated,"key considerations for veganism: 1) prioritize scalability from day one. 2) build cross-functional alignment early. 3) measure outcomes with clear kpis. by addressing these dimensions, stakeholders can achieve sustainable outcomes aligned with organizational objectives.",ai_generated,0.9992,0.0008,0.9992
post_42e58d44,user_00110,unpopular opinion: mornings are fine. fight me,2024-01-11T03:47:21.255373+00:00,twitter,,,9,76,578,human,unpopular opinion: mornings are fine. fight me,human,0.9995,0.9995,0.0005
post_ddca4cba,user_00085,my fish is being so annoying today lmao,2024-05-21T10:30:05.889632+00:00,facebook,,post_871f4b5a,3,3429,16,human,my fish is being so annoying today lmao,human,0.9995,0.9995,0.0005
post_d0166aff,user_00221,does anyone else feel like meditation is totally overrated?,2024-06-13T17:25:46.359918+00:00,facebook,,post_f9ff1b83,0,101,219,human,does anyone else feel like meditation is totally overrated?,human,0.9995,0.9995,0.0005
post_2533b5bd,user_00042,The intersection of artificial intelligence and customer experience presents significant opportunities for innovation. Organizations that prioritize data-driven decision-making will be well-positioned to capitalize on emerging trends in the coming quarters.,2024-03-04T08:26:51.746290+00:00,mastodon,,,103,390,38,ai_generated,the intersection of artificial intelligence and customer experience presents significant opportunities for innovation. organizations that prioritize data-driven decision-making will be well-positioned to capitalize on emerging trends in the coming quarters.,ai_generated,0.9991,0.0009,0.9991
post_04dd2710,user_00213,does anyone else feel like AI is totally overrated?,2024-02-06T03:54:33.043604+00:00,mastodon,,,5,13,36,human,does anyone else feel like ai is totally overrated?,human,0.9995,0.9995,0.0005
post_efa6e2e6,user_00063,ok why does everyone suddenly care about AI adoption? been saying this for years,2024-04-23T11:39:56.104926+00:00,facebook,,,1,267,72,human,ok why does everyone suddenly care about ai adoption? been saying this for years,human,0.9993,0.9993,0.0007
post_83180341,user_00252,unpopular opinion: mornings are fine. fight me,2024-04-02T23:35:36.034187+00:00,facebook,,,2,198,11,human,unpopular opinion: mornings are fine. fight me,human,0.9995,0.9995,0.0005
post_fdb4b6f7,user_00251,you guys i just found out this has been happening for years. my whole life is a lie,2024-01-09T21:10:39.587931+00:00,facebook,,,5,40,12,human,you guys i just found out this has been happening for years. my whole life is a lie,human,0.9991,0.9991,0.0009
post_47816cd1,user_00099,honestly nervous about the announcement rn. mixed feelings for sure,2024-01-16T13:11:17.819169+00:00,mastodon,,,14,11,50,human,honestly nervous about the announcement rn. mixed feelings for sure,human,0.9995,0.9995,0.0005
post_f4dca1a5,user_00102,does anyone else feel like crypto is totally overrated?,2024-06-05T18:38:39.665300+00:00,twitter,,,0,253,7,human,does anyone else feel like crypto is totally overrated?,human,0.9995,0.9995,0.0005
post_89dcadb7,user_00104,throwback to that time when we stayed up all night talking. good times fr,2024-01-22T03:01:31.539275+00:00,mastodon,,,3,124,113,human,throwback to that time when we stayed up all night talking. good times fr,human,0.9995,0.9995,0.0005
post_85619ba0,user_00182,"As we navigate the evolving landscape of healthcare, it becomes increasingly important to consider the multifaceted implications of resilience. A comprehensive framework for analysis should incorporate both quantitative metrics and regulatory frameworks to yield meaningful insights.",2024-01-05T07:33:39.639946+00:00,twitter,,post_7b5350be,52,816,20,ai_generated,"as we navigate the evolving landscape of healthcare, it becomes increasingly important to consider the multifaceted implications of resilience. a comprehensive framework for analysis should incorporate both quantitative metrics and regulatory frameworks to yield meaningful insights.",ai_generated,0.9992,0.0008,0.9992
post_a8543304,user_00186,unpopular opinion: coffee is overrated. fight me,2024-05-08T05:54:30.550200+00:00,facebook,,,8,11,132,human,unpopular opinion: coffee is overrated. fight me,human,0.9995,0.9995,0.0005
post_f2955e04,user_00222,The data clearly indicates that AI adoption is reshaping healthcare. Forward-thinking leaders must adapt their strategies to remain competitive. Leveraging automation tools will be paramount in this transition.,2024-03-18T05:35:24.976968+00:00,mastodon,,,19,242,25,ai_generated,the data clearly indicates that ai adoption is reshaping healthcare. forward-thinking leaders must adapt their strategies to remain competitive. leveraging automation tools will be paramount in this transition.,ai_generated,0.9952,0.0048,0.9952
post_a7f3da09,user_00232,can't believe it's already March. where did the year go??,2024-04-16T14:42:23.205722+00:00,reddit,,post_e4617def,1,596,66,human,can't believe it's already march. where did the year go??,human,0.9994,0.9994,0.0006
post_e18a7b71,user_00003,you guys i just found out this has been happening for years. my whole life is a lie,2024-05-31T03:02:30.484862+00:00,mastodon,,,4,907,170,human,you guys i just found out this has been happening for years. my whole life is a lie,human,0.999,0.999,0.001
post_6d8b9624,user_00056,ok why does everyone suddenly care about digital transformation? been saying this for years,2024-03-26T05:21:10.167101+00:00,facebook,,,1,1159,27,human,ok why does everyone suddenly care about digital transformation? been saying this for years,human,0.9984,0.9984,0.0016
post_c603811e,user_00098,woke up at 4:30am for no reason and now i can't sleep. hate this,2024-03-19T13:27:02.573444+00:00,twitter,,,21,549,112,human,woke up at 4:30am for no reason and now i can't sleep. hate this,human,0.9995,0.9995,0.0005
post_39b1cbc5,user_00260,The intersection of artificial intelligence and supply chain optimization presents significant opportunities for innovation. Organizations that prioritize data-driven decision-making will be well-positioned to capitalize on emerging trends in the coming quarters.,2024-01-02T13:53:01.770523+00:00,mastodon,,,6,1400,43,ai_generated,the intersection of artificial intelligence and supply chain optimization presents significant opportunities for innovation. organizations that prioritize data-driven decision-making will be well-positioned to capitalize on emerging trends in the coming quarters.,ai_generated,0.999,0.001,0.999
post_e4629ed5,user_00013,"Key considerations for remote work: 1) Prioritize scalability from day one. 2) Build cross-functional alignment early. 3) Measure outcomes with clear KPIs. By addressing these dimensions, stakeholders can achieve sustainable outcomes aligned with organizational objectives.",2024-05-30T10:14:02.769386+00:00,facebook,,,40,112,7,ai_generated,"key considerations for remote work: 1) prioritize scalability from day one. 2) build cross-functional alignment early. 3) measure outcomes with clear kpis. by addressing these dimensions, stakeholders can achieve sustainable outcomes aligned with organizational objectives.",ai_generated,0.9991,0.0009,0.9991
post_116911fa,user_00127,can't believe it's already August. where did the year go??,2024-01-11T12:04:18.100514+00:00,mastodon,,,0,86,45,human,can't believe it's already august. where did the year go??,human,0.9995,0.9995,0.0005
post_5267e373,user_00160,you guys i just found out I misunderstood everything. my whole life is a lie,2024-04-09T10:29:28.428435+00:00,mastodon,,,4,97,467,human,you guys i just found out i misunderstood everything. my whole life is a lie,human,0.9994,0.9994,0.0006
post_6e5f6523,user_00243,woke up at 4:30am for no reason and now i can't sleep. hate this,2024-03-18T10:46:21.645302+00:00,twitter,,post_718769c8,0,256,223,human,woke up at 4:30am for no reason and now i can't sleep. hate this,human,0.9995,0.9995,0.0005
post_3fd0db28,user_00163,does anyone else feel like veganism is totally overrated?,2024-06-13T03:35:02.774520+00:00,mastodon,,,14,1154,95,human,does anyone else feel like veganism is totally overrated?,human,0.9974,0.9974,0.0026
post_17817b86,user_00295,The data clearly indicates that remote collaboration is reshaping manufacturing. Forward-thinking leaders must adapt their strategies to remain competitive. Leveraging cloud infrastructure will be paramount in this transition.,2024-05-07T14:35:53.174241+00:00,mastodon,,post_54f91b4b,24,179,3,ai_generated,the data clearly indicates that remote collaboration is reshaping manufacturing. forward-thinking leaders must adapt their strategies to remain competitive. leveraging cloud infrastructure will be paramount in this transition.,ai_generated,0.9966,0.0034,0.9966
post_221a099d,user_00214,ok why does everyone suddenly care about AI adoption? been saying this for years,2024-01-28T06:26:08.081839+00:00,facebook,,,3,137,187,human,ok why does everyone suddenly care about ai adoption? been saying this for years,human,0.9993,0.9993,0.0007
post_07b86c4e,user_00134,can't believe it's already November. where did the year go??,2024-05-18T02:47:13.282128+00:00,facebook,,post_41eb1bc7,5,33,145,human,can't believe it's already november. where did the year go??,human,0.9995,0.9995,0.0005
post_b89486b2,user_00203,ok why does everyone suddenly care about digital transformation? been saying this for years,2024-06-05T03:45:43.182423+00:00,twitter,,,5,355,230,human,ok why does everyone suddenly care about digital transformation? been saying this for years,human,0.9989,0.9989,0.0011
post_2a2d4f27,user_00219,can't believe it's already November. where did the year go??,2024-05-23T12:52:56.300467+00:00,mastodon,,,5,365,30,human,can't believe it's already november. where did the year go??,human,0.9993,0.9993,0.0007
post_836b4387,user_00246,The data clearly indicates that digital transformation is reshaping finance. Forward-thinking leaders must adapt their strategies to remain competitive. Leveraging automation tools will be paramount in this transition.,2024-05-29T11:07:35.594369+00:00,facebook,,,10,3023,43,ai_generated,the data clearly indicates that digital transformation is reshaping finance. forward-thinking leaders must adapt their strategies to remain competitive. leveraging automation tools will be paramount in this transition.,ai_generated,0.9983,0.0017,0.9983
post_b182fbc3,user_00204,I'm excited to share insights on veganism. The evidence strongly suggests that adoption rates have accelerated significantly. This has profound implications for organizations worldwide. Let's discuss how we can leverage this for positive impact.,2024-02-19T00:39:57.151954+00:00,twitter,,,14,158,41,ai_generated,i'm excited to share insights on veganism. the evidence strongly suggests that adoption rates have accelerated significantly. this has profound implications for organizations worldwide. let's discuss how we can leverage this for positive impact.,ai_generated,0.9989,0.0011,0.9989
post_4edc6f4f,user_00294,unpopular opinion: mornings are fine. fight me,2024-03-10T03:03:20.274269+00:00,mastodon,,,9,489,57,human,unpopular opinion: mornings are fine. fight me,human,0.9995,0.9995,0.0005
post_09c54234,user_00166,my hamster is being so annoying today lmao,2024-02-14T11:41:19.084961+00:00,reddit,,post_da8184f4,3,37,718,human,my hamster is being so annoying today lmao,human,0.9995,0.9995,0.0005
post_fa1d67fc,user_00120,unpopular opinion: open offices are terrible. fight me,2024-06-29T15:58:35.884782+00:00,facebook,,post_d6311c95,11,115,316,human,unpopular opinion: open offices are terrible. fight me,human,0.9995,0.9995,0.0005
post_689adc32,user_00279,my fish is being so annoying today lmao,2024-06-02T15:28:44.524279+00:00,facebook,,,11,102,34,human,my fish is being so annoying today lmao,human,0.9995,0.9995,0.0005
post_041ea1d8,user_00107,I'm excited to share insights on remote work. The evidence strongly suggests that outcomes improve with structured frameworks. This has profound implications for practitioners worldwide. Let's discuss how we can leverage this for positive impact.,2024-06-27T05:09:48.857217+00:00,facebook,,,38,2326,22,ai_generated,i'm excited to share insights on remote work. the evidence strongly suggests that outcomes improve with structured frameworks. this has profound implications for practitioners worldwide. let's discuss how we can leverage this for positive impact.,ai_generated,0.9992,0.0008,0.9992
post_a43da0b6,user_00104,The data clearly indicates that AI adoption is reshaping manufacturing. Forward-thinking leaders must adapt their strategies to remain competitive. Leveraging automation tools will be paramount in this transition.,2024-06-28T07:08:05.488877+00:00,mastodon,,,191,2943,49,ai_generated,the data clearly indicates that ai adoption is reshaping manufacturing. forward-thinking leaders must adapt their strategies to remain competitive. leveraging automation tools will be paramount in this transition.,ai_generated,0.9992,0.0008,0.9992
post_3609b0bf,user_00247,"Key considerations for crypto: 1) Prioritize scalability from day one. 2) Build cross-functional alignment early. 3) Measure outcomes with clear KPIs. By addressing these dimensions, stakeholders can achieve sustainable outcomes aligned with organizational objectives.",2024-04-30T07:56:28.897765+00:00,twitter,,,22,1364,44,ai_generated,"key considerations for crypto: 1) prioritize scalability from day one. 2) build cross-functional alignment early. 3) measure outcomes with clear kpis. by addressing these dimensions, stakeholders can achieve sustainable outcomes aligned with organizational objectives.",ai_generated,0.9991,0.0009,0.9991
post_d5a87f66,user_00042,"As we navigate the evolving landscape of finance, it becomes increasingly important to consider the multifaceted implications of automation. A comprehensive framework for analysis should incorporate both quantitative metrics and technological constraints to yield meaningful insights.",2024-05-24T06:50:03.745725+00:00,reddit,,,31,913,21,ai_generated,"as we navigate the evolving landscape of finance, it becomes increasingly important to consider the multifaceted implications of automation. a comprehensive framework for analysis should incorporate both quantitative metrics and technological constraints to yield meaningful insights.",ai_generated,0.9992,0.0008,0.9992
post_86895152,user_00263,The intersection of sustainability and supply chain optimization presents significant opportunities for innovation. Organizations that prioritize stakeholder alignment will be well-positioned to capitalize on emerging trends in the coming quarters.,2024-04-05T12:14:50.394737+00:00,facebook,,,55,1643,50,ai_generated,the intersection of sustainability and supply chain optimization presents significant opportunities for innovation. organizations that prioritize stakeholder alignment will be well-positioned to capitalize on emerging trends in the coming quarters.,ai_generated,0.9991,0.0009,0.9991
post_3c8d00ee,user_00117,honestly conflicted about that whole situation rn. mixed feelings for sure,2024-02-06T22:13:59.191071+00:00,mastodon,,,11,340,118,human,honestly conflicted about that whole situation rn. mixed feelings for sure,human,0.9993,0.9993,0.0007
post_eefd2758,user_00106,The data clearly indicates that digital transformation is reshaping healthcare. Forward-thinking leaders must adapt their strategies to remain competitive. Leveraging machine learning will be paramount in this transition.,2024-02-15T09:55:57.045826+00:00,twitter,,post_a08a82e0,95,1635,54,ai_generated,the data clearly indicates that digital transformation is reshaping healthcare. forward-thinking leaders must adapt their strategies to remain competitive. leveraging machine learning will be paramount in this transition.,ai_generated,0.999,0.001,0.999
post_b4827a31,user_00215,ok why does everyone suddenly care about digital transformation? been saying this for years,2024-03-01T15:26:34.803149+00:00,reddit,,post_9fdf53ff,28,838,182,human,ok why does everyone suddenly care about digital transformation? been saying this for years,human,0.9974,0.9974,0.0026
post_e38ba149,user_00140,"As we navigate the evolving landscape of healthcare, it becomes increasingly important to consider the multifaceted implications of resilience. A comprehensive framework for analysis should incorporate both market signals and technological constraints to yield meaningful insights.",2024-03-12T07:28:43.637148+00:00,facebook,,,51,3345,38,ai_generated,"as we navigate the evolving landscape of healthcare, it becomes increasingly important to consider the multifaceted implications of resilience. a comprehensive framework for analysis should incorporate both market signals and technological constraints to yield meaningful insights.",ai_generated,0.9992,0.0008,0.9992
post_e2b4f468,user_00161,ok why does everyone suddenly care about remote collaboration? been saying this for years,2024-02-19T17:14:02.234276+00:00,mastodon,,,24,423,28,human,ok why does everyone suddenly care about remote collaboration? been saying this for years,human,0.9979,0.9979,0.0021
post_fb40211f,user_00276,honestly whatever about that whole situation rn. mixed feelings for sure,2024-04-13T06:25:01.688851+00:00,reddit,,post_a10df448,35,119,187,human,honestly whatever about that whole situation rn. mixed feelings for sure,human,0.9992,0.9992,0.0008
post_81b63208,user_00286,unpopular opinion: open offices are terrible. fight me,2024-05-16T00:21:47.349905+00:00,facebook,,,7,158,114,human,unpopular opinion: open offices are terrible. fight me,human,0.9995,0.9995,0.0005
post_184b070f,user_00092,ok why does everyone suddenly care about remote collaboration? been saying this for years,2024-06-11T14:32:33.604198+00:00,twitter,,post_0dff0dc6,1,366,57,human,ok why does everyone suddenly care about remote collaboration? been saying this for years,human,0.999,0.999,0.001
post_04867fee,user_00228,just had the best pasta at a random food truck! totally worth it 😊,2024-05-22T12:44:35.057037+00:00,reddit,,,15,523,536,human,just had the best pasta at a random food truck! totally worth it 😊,human,0.9995,0.9995,0.0005
post_c8b92dd6,user_00176,"As we navigate the evolving landscape of finance, it becomes increasingly important to consider the multifaceted implications of personalization. A comprehensive framework for analysis should incorporate both market signals and technological constraints to yield meaningful insights.",2024-06-12T02:53:07.704323+00:00,mastodon,,,35,1609,15,ai_generated,"as we navigate the evolving landscape of finance, it becomes increasingly important to consider the multifaceted implications of personalization. a comprehensive framework for analysis should incorporate both market signals and technological constraints to yield meaningful insights.",ai_generated,0.9992,0.0008,0.9992
post_f581c9e3,user_00138,does anyone else feel like remote work is totally overrated?,2024-06-09T15:21:11.026214+00:00,reddit,,post_5ff004e5,12,414,12,human,does anyone else feel like remote work is totally overrated?,human,0.9992,0.9992,0.0008
post_247ff3fe,user_00152,woke up at 5am for no reason and now i can't sleep. hate this,2024-04-04T18:38:11.128208+00:00,facebook,,,7,1160,185,human,woke up at 5am for no reason and now i can't sleep. hate this,human,0.9995,0.9995,0.0005
post_658b4da6,user_00103,ok why does everyone suddenly care about AI adoption? been saying this for years,2024-02-11T16:25:26.596997+00:00,twitter,,,5,562,34,human,ok why does everyone suddenly care about ai adoption? been saying this for years,human,0.999,0.999,0.001
post_919c9d01,user_00128,just had the best tacos at my friend's place! totally worth it 😊,2024-03-09T14:55:09.355374+00:00,mastodon,,,4,63,42,human,just had the best tacos at my friend's place! totally worth it 😊,human,0.9995,0.9995,0.0005
post_f0f49ef8,user_00009,woke up at 5am for no reason and now i can't sleep. hate this,2024-03-05T22:04:28.583030+00:00,facebook,,,5,633,555,human,woke up at 5am for no reason and now i can't sleep. hate this,human,0.9995,0.9995,0.0005
post_b79af893,user_00250,woke up at 5am for no reason and now i can't sleep. hate this,2024-01-10T00:03:54.710725+00:00,reddit,,,5,1704,81,human,woke up at 5am for no reason and now i can't sleep. hate this,human,0.9995,0.9995,0.0005
post_908ee8f2,user_00102,I'm excited to share insights on AI. The evidence strongly suggests that adoption rates have accelerated significantly. This has profound implications for practitioners worldwide. Let's discuss how we can leverage this for positive impact.,2024-06-08T14:13:07.131338+00:00,twitter,,,36,514,28,ai_generated,i'm excited to share insights on ai. the evidence strongly suggests that adoption rates have accelerated significantly. this has profound implications for practitioners worldwide. let's discuss how we can leverage this for positive impact.,ai_generated,0.9991,0.0009,0.9991
post_e5e9dce0,user_00068,throwback to that time when we got completely lost. good times fr,2024-02-16T03:17:22.294026+00:00,twitter,,,1,145,61,human,throwback to that time when we got completely lost. good times fr,human,0.9995,0.9995,0.0005
post_70afb8a8,user_00017,The data clearly indicates that digital transformation is reshaping retail. Forward-thinking leaders must adapt their strategies to remain competitive. Leveraging machine learning will be paramount in this transition.,2024-06-26T05:19:46.552805+00:00,twitter,,post_7894d3e4,21,281,24,ai_generated,the data clearly indicates that digital transformation is reshaping retail. forward-thinking leaders must adapt their strategies to remain competitive. leveraging machine learning will be paramount in this transition.,ai_generated,0.9957,0.0043,0.9957
post_1bf50e18,user_00012,throwback to that time when we stayed up all night talking. good times fr,2024-01-28T15:18:05.056427+00:00,mastodon,,post_8c6a6ae1,25,1671,173,human,throwback to that time when we stayed up all night talking. good times fr,human,0.9993,0.9993,0.0007
post_e7c6d9f2,user_00005,can't believe it's already August. where did the year go??,2024-03-06T13:16:56.812090+00:00,facebook,,,8,95,77,human,can't believe it's already august. where did the year go??,human,0.9994,0.9994,0.0006
post_842c6c1b,user_00225,my fish is being so annoying today lmao,2024-02-24T17:58:27.628547+00:00,facebook,,,8,49,54,human,my fish is being so annoying today lmao,human,0.9995,0.9995,0.0005
post_d877a890,user_00288,honestly nervous about what happened yesterday rn. mixed feelings for sure,2024-03-30T08:16:44.599589+00:00,mastodon,,post_8d2b1afb,8,1269,12,human,honestly nervous about what happened yesterday rn. mixed feelings for sure,human,0.9986,0.9986,0.0014
post_969f9f6c,user_00263,I'm excited to share insights on remote work. The evidence strongly suggests that outcomes improve with structured frameworks. This has profound implications for practitioners worldwide. Let's discuss how we can leverage this for positive impact.,2024-03-20T23:17:29.369759+00:00,twitter,,post_b4b275a8,17,938,21,ai_generated,i'm excited to share insights on remote work. the evidence strongly suggests that outcomes improve with structured frameworks. this has profound implications for practitioners worldwide. let's discuss how we can leverage this for positive impact.,ai_generated,0.9991,0.0009,0.9991
post_4bde2c4d,user_00120,I'm excited to share insights on AI. The evidence strongly suggests that outcomes improve with structured frameworks. This has profound implications for practitioners worldwide. Let's discuss how we can leverage this for positive impact.,2024-04-28T15:52:21.614043+00:00,reddit,,,81,10329,68,ai_generated,i'm excited to share insights on ai. the evidence strongly suggests that outcomes improve with structured frameworks. this has profound implications for practitioners worldwide. let's discuss how we can leverage this for positive impact.,ai_generated,0.9992,0.0008,0.9992
post_d6c95d73,user_00021,"As we navigate the evolving landscape of retail, it becomes increasingly important to consider the multifaceted implications of personalization. A comprehensive framework for analysis should incorporate both quantitative metrics and technological constraints to yield meaningful insights.",2024-02-08T23:35:43.329266+00:00,mastodon,,post_846bfa62,48,569,10,ai_generated,"as we navigate the evolving landscape of retail, it becomes increasingly important to consider the multifaceted implications of personalization. a comprehensive framework for analysis should incorporate both quantitative metrics and technological constraints to yield meaningful insights.",ai_generated,0.9992,0.0008,0.9992
post_4cb7291d,user_00047,woke up at 4:30am for no reason and now i can't sleep. hate this,2024-02-26T02:38:20.085231+00:00,twitter,,post_1565a4b3,10,534,140,human,woke up at 4:30am for no reason and now i can't sleep. hate this,human,0.9995,0.9995,0.0005
post_a993e2ae,user_00084,you guys i just found out I misunderstood everything. my whole life is a lie,2024-01-28T15:17:09.389066+00:00,twitter,,,2,77,234,human,you guys i just found out i misunderstood everything. my whole life is a lie,human,0.9993,0.9993,0.0007
post_cd6c3ce4,user_00214,"Key considerations for veganism: 1) Prioritize scalability from day one. 2) Build cross-functional alignment early. 3) Measure outcomes with clear KPIs. By addressing these dimensions, stakeholders can achieve sustainable outcomes aligned with organizational objectives.",2024-05-29T03:02:04.809963+00:00,mastodon,,,56,142,24,ai_generated,"key considerations for veganism: 1) prioritize scalability from day one. 2) build cross-functional alignment early. 3) measure outcomes with clear kpis. by addressing these dimensions, stakeholders can achieve sustainable outcomes aligned with organizational objectives.",ai_generated,0.9991,0.0009,0.9991
post_8049c05c,user_00186,does anyone else feel like meditation is totally overrated?,2024-02-23T22:43:12.693789+00:00,twitter,,,24,485,268,human,does anyone else feel like meditation is totally overrated?,human,0.9994,0.9994,0.0006
post_51558ba3,user_00190,you guys i just found out this has been happening for years. my whole life is a lie,2024-02-07T18:50:01.839163+00:00,mastodon,,,32,99,213,human,you guys i just found out this has been happening for years. my whole life is a lie,human,0.9989,0.9989,0.0011
post_1f040794,user_00189,"As we navigate the evolving landscape of education, it becomes increasingly important to consider the multifaceted implications of scalability. A comprehensive framework for analysis should incorporate both market signals and behavioral patterns to yield meaningful insights.",2024-02-21T07:50:51.940931+00:00,mastodon,,post_325df556,38,585,23,ai_generated,"as we navigate the evolving landscape of education, it becomes increasingly important to consider the multifaceted implications of scalability. a comprehensive framework for analysis should incorporate both market signals and behavioral patterns to yield meaningful insights.",ai_generated,0.9992,0.0008,0.9992
post_7ead2bbf,user_00253,"As we navigate the evolving landscape of finance, it becomes increasingly important to consider the multifaceted implications of automation. A comprehensive framework for analysis should incorporate both quantitative metrics and behavioral patterns to yield meaningful insights.",2024-05-30T10:09:09.566545+00:00,mastodon,,,83,4751,32,ai_generated,"as we navigate the evolving landscape of finance, it becomes increasingly important to consider the multifaceted implications of automation. a comprehensive framework for analysis should incorporate both quantitative metrics and behavioral patterns to yield meaningful insights.",ai_generated,0.9992,0.0008,0.9992
post_c1beb919,user_00227,woke up at 3am for no reason and now i can't sleep. hate this,2024-04-05T23:49:07.523406+00:00,facebook,,post_ffc30763,10,101,250,human,woke up at 3am for no reason and now i can't sleep. hate this,human,0.9995,0.9995,0.0005
post_389e1658,user_00035,The data clearly indicates that AI adoption is reshaping retail. Forward-thinking leaders must adapt their strategies to remain competitive. Leveraging automation tools will be paramount in this transition.,2024-01-09T10:22:35.665654+00:00,facebook,,,18,969,6,ai_generated,the data clearly indicates that ai adoption is reshaping retail. forward-thinking leaders must adapt their strategies to remain competitive. leveraging automation tools will be paramount in this transition.,ai_generated,0.9982,0.0018,0.9982
post_5099f348,user_00149,honestly excited about the announcement rn. mixed feelings for sure,2024-02-17T04:57:42.640608+00:00,twitter,,,0,16,13,human,honestly excited about the announcement rn. mixed feelings for sure,human,0.9995,0.9995,0.0005
post_718769c8,user_00265,The intersection of sustainability and customer experience presents significant opportunities for innovation. Organizations that prioritize agile methodologies will be well-positioned to capitalize on emerging trends in the coming quarters.,2024-01-07T07:47:52.592645+00:00,reddit,,,25,710,24,ai_generated,the intersection of sustainability and customer experience presents significant opportunities for innovation. organizations that prioritize agile methodologies will be well-positioned to capitalize on emerging trends in the coming quarters.,ai_generated,0.9988,0.0012,0.9988
post_4e68c02f,user_00032,can't believe it's already March. where did the year go??,2024-05-07T13:37:04.570718+00:00,reddit,,,10,42,215,human,can't believe it's already march. where did the year go??,human,0.9995,0.9995,0.0005
post_7494318c,user_00098,I'm excited to share insights on remote work. The evidence strongly suggests that outcomes improve with structured frameworks. This has profound implications for practitioners worldwide. Let's discuss how we can leverage this for positive impact.,2024-04-29T11:44:09.011102+00:00,reddit,,,43,451,5,ai_generated,i'm excited to share insights on remote work. the evidence strongly suggests that outcomes improve with structured frameworks. this has profound implications for practitioners worldwide. let's discuss how we can leverage this for positive impact.,ai_generated,0.9992,0.0008,0.9992
post_b12d8010,user_00121,unpopular opinion: mornings are fine. fight me,2024-04-20T04:55:46.631775+00:00,facebook,,post_7b5350be,5,5,207,human,unpopular opinion: mornings are fine. fight me,human,0.9995,0.9995,0.0005
post_ceda6cbb,user_00113,The data clearly indicates that AI adoption is reshaping retail. Forward-thinking leaders must adapt their strategies to remain competitive. Leveraging cloud infrastructure will be paramount in this transition.,2024-06-26T13:11:46.813945+00:00,mastodon,,,33,7024,50,ai_generated,the data clearly indicates that ai adoption is reshaping retail. forward-thinking leaders must adapt their strategies to remain competitive. leveraging cloud infrastructure will be paramount in this transition.,ai_generated,0.9988,0.0012,0.9988
post_7bafcd66,user_00153,you guys i just found out I misunderstood everything. my whole life is a lie,2024-02-09T09:08:50.849825+00:00,facebook,,,5,56,37,human,you guys i just found out i misunderstood everything. my whole life is a lie,human,0.9992,0.9992,0.0008
post_c8b18a97,user_00293,unpopular opinion: mornings are fine. fight me,2024-05-06T17:54:49.668125+00:00,reddit,,,16,81,246,human,unpopular opinion: mornings are fine. fight me,human,0.9995,0.9995,0.0005
post_7de09b6e,user_00006,just had the best pasta at this tiny spot downtown! totally worth it 😊,2024-03-16T17:29:58.622343+00:00,reddit,,post_28f8843d,2,115,89,human,just had the best pasta at this tiny spot downtown! totally worth it 😊,human,0.9995,0.9995,0.0005
post_fdd573d6,user_00162,The data clearly indicates that digital transformation is reshaping manufacturing. Forward-thinking leaders must adapt their strategies to remain competitive. Leveraging automation tools will be paramount in this transition.,2024-03-13T00:38:16.574264+00:00,twitter,,post_9938d865,32,3590,60,ai_generated,the data clearly indicates that digital transformation is reshaping manufacturing. forward-thinking leaders must adapt their strategies to remain competitive. leveraging automation tools will be paramount in this transition.,ai_generated,0.9988,0.0012,0.9988
post_a3f932dc,user_00261,"As we navigate the evolving landscape of healthcare, it becomes increasingly important to consider the multifaceted implications of scalability. A comprehensive framework for analysis should incorporate both qualitative feedback and regulatory frameworks to yield meaningful insights.",2024-01-30T11:49:59.753043+00:00,reddit,,,29,1109,65,ai_generated,"as we navigate the evolving landscape of healthcare, it becomes increasingly important to consider the multifaceted implications of scalability. a comprehensive framework for analysis should incorporate both qualitative feedback and regulatory frameworks to yield meaningful insights.",ai_generated,0.9992,0.0008,0.9992
post_f89d7c5b,user_00002,ok why does everyone suddenly care about remote collaboration? been saying this for years,2024-02-18T18:25:59.064827+00:00,reddit,,,20,222,201,human,ok why does everyone suddenly care about remote collaboration? been saying this for years,human,0.9986,0.9986,0.0014
post_cae750b9,user_00013,woke up at 4:30am for no reason and now i can't sleep. hate this,2024-05-05T23:36:06.971135+00:00,twitter,,,5,24,105,human,woke up at 4:30am for no reason and now i can't sleep. hate this,human,0.9995,0.9995,0.0005
post_f41fd2ca,user_00047,you guys i just found out this has been happening for years. my whole life is a lie,2024-05-06T02:34:23.384182+00:00,facebook,,post_149cc5ab,2,9,872,human,you guys i just found out this has been happening for years. my whole life is a lie,human,0.9995,0.9995,0.0005
post_f5f57eaa,user_00251,The intersection of artificial intelligence and customer experience presents significant opportunities for innovation. Organizations that prioritize agile methodologies will be well-positioned to capitalize on emerging trends in the coming quarters.,2024-04-22T11:59:38.098830+00:00,mastodon,,,54,6231,24,ai_generated,the intersection of artificial intelligence and customer experience presents significant opportunities for innovation. organizations that prioritize agile methodologies will be well-positioned to capitalize on emerging trends in the coming quarters.,ai_generated,0.9992,0.0008,0.9992
post_3f0b44c4,user_00100,just had the best sushi at a random food truck! totally worth it 😊,2024-03-21T02:53:51.827482+00:00,facebook,,,0,1044,192,human,just had the best sushi at a random food truck! totally worth it 😊,human,0.9995,0.9995,0.0005
post_92cf9105,user_00184,woke up at 4:30am for no reason and now i can't sleep. hate this,2024-04-20T14:07:47.655578+00:00,reddit,,,19,13,7,human,woke up at 4:30am for no reason and now i can't sleep. hate this,human,0.9995,0.9995,0.0005
post_9b465061,user_00293,just had the best tacos at a random food truck! totally worth it 😊,2024-03-22T10:56:51.016005+00:00,reddit,,,5,2978,235,human,just had the best tacos at a random food truck! totally worth it 😊,human,0.9994,0.9994,0.0006
post_2116835e,user_00281,you guys i just found out I misunderstood everything. my whole life is a lie,2024-03-05T11:12:52.268816+00:00,mastodon,,,10,119,15,human,you guys i just found out i misunderstood everything. my whole life is a lie,human,0.9989,0.9989,0.0011
post_79a5f87b,user_00046,ok why does everyone suddenly care about AI adoption? been saying this for years,2024-04-03T18:09:22.535910+00:00,mastodon,,,4,3333,535,human,ok why does everyone suddenly care about ai adoption? been saying this for years,human,0.9992,0.9992,0.0008
post_df626a8b,user_00246,"Key considerations for remote work: 1) Prioritize scalability from day one. 2) Build cross-functional alignment early. 3) Measure outcomes with clear KPIs. By addressing these dimensions, stakeholders can achieve sustainable outcomes aligned with organizational objectives.",2024-05-23T07:04:25.989995+00:00,mastodon,,,85,2497,34,ai_generated,"key considerations for remote work: 1) prioritize scalability from day one. 2) build cross-functional alignment early. 3) measure outcomes with clear kpis. by addressing these dimensions, stakeholders can achieve sustainable outcomes aligned with organizational objectives.",ai_generated,0.9992,0.0008,0.9992
post_424c8786,user_00194,"As we navigate the evolving landscape of healthcare, it becomes increasingly important to consider the multifaceted implications of scalability. A comprehensive framework for analysis should incorporate both qualitative feedback and regulatory frameworks to yield meaningful insights.",2024-03-03T18:14:20.170933+00:00,reddit,,,47,940,21,ai_generated,"as we navigate the evolving landscape of healthcare, it becomes increasingly important to consider the multifaceted implications of scalability. a comprehensive framework for analysis should incorporate both qualitative feedback and regulatory frameworks to yield meaningful insights.",ai_generated,0.9992,0.0008,0.9992
post_664a3037,user_00226,does anyone else feel like AI is totally overrated?,2024-02-22T17:14:51.470186+00:00,twitter,,,21,235,52,human,does anyone else feel like ai is totally overrated?,human,0.9995,0.9995,0.0005
post_69d04c49,user_00082,throwback to that time when we got completely lost. good times fr,2024-06-19T19:51:36.399753+00:00,twitter,,,2,47,179,human,throwback to that time when we got completely lost. good times fr,human,0.9995,0.9995,0.0005
post_3e29aeb7,user_00146,unpopular opinion: mornings are fine. fight me,2024-04-30T04:23:21.008110+00:00,reddit,,,9,60,92,human,unpopular opinion: mornings are fine. fight me,human,0.9995,0.9995,0.0005
post_13614193,user_00181,honestly excited about that whole situation rn. mixed feelings for sure,2024-02-17T16:51:35.044808+00:00,reddit,,,2,43,182,human,honestly excited about that whole situation rn. mixed feelings for sure,human,0.9995,0.9995,0.0005
post_4429f7ab,user_00240,my cat is being so annoying today lmao,2024-01-17T19:03:36.045816+00:00,reddit,,,10,186,180,human,my cat is being so annoying today lmao,human,0.9995,0.9995,0.0005
post_f3a3f051,user_00023,"Key considerations for remote work: 1) Prioritize scalability from day one. 2) Build cross-functional alignment early. 3) Measure outcomes with clear KPIs. By addressing these dimensions, stakeholders can achieve sustainable outcomes aligned with organizational objectives.",2024-02-11T20:39:55.262823+00:00,twitter,,,16,1167,12,ai_generated,"key considerations for remote work: 1) prioritize scalability from day one. 2) build cross-functional alignment early. 3) measure outcomes with clear kpis. by addressing these dimensions, stakeholders can achieve sustainable outcomes aligned with organizational objectives.",ai_generated,0.9991,0.0009,0.9991
post_f9ff1b83,user_00093,I'm excited to share insights on crypto. The evidence strongly suggests that outcomes improve with structured frameworks. This has profound implications for organizations worldwide. Let's discuss how we can leverage this for positive impact.,2024-06-14T01:41:54.010223+00:00,facebook,,post_2119ce0f,64,1055,28,ai_generated,i'm excited to share insights on crypto. the evidence strongly suggests that outcomes improve with structured frameworks. this has profound implications for organizations worldwide. let's discuss how we can leverage this for positive impact.,ai_generated,0.9991,0.0009,0.9991
post_25a29f31,user_00051,you guys i just found out I misunderstood everything. my whole life is a lie,2024-06-04T18:33:27.635688+00:00,mastodon,,,4,56,68,human,you guys i just found out i misunderstood everything. my whole life is a lie,human,0.9992,0.9992,0.0008
post_c7d571d9,user_00290,woke up at 4:30am for no reason and now i can't sleep. hate this,2024-04-01T15:29:50.002656+00:00,twitter,,post_9ed539cc,9,667,171,human,woke up at 4:30am for no reason and now i can't sleep. hate this,human,0.9995,0.9995,0.0005
post_d9dfaa7b,user_00179,I'm excited to share insights on veganism. The evidence strongly suggests that outcomes improve with structured frameworks. This has profound implications for practitioners worldwide. Let's discuss how we can leverage this for positive impact.,2024-06-20T13:01:02.076840+00:00,twitter,,post_d9e2f156,33,551,63,ai_generated,i'm excited to share insights on veganism. the evidence strongly suggests that outcomes improve with structured frameworks. this has profound implications for practitioners worldwide. let's discuss how we can leverage this for positive impact.,ai_generated,0.9991,0.0009,0.9991
post_444f3c38,user_00214,ok why does everyone suddenly care about digital transformation? been saying this for years,2024-04-22T06:50:02.006716+00:00,mastodon,,,8,25,32,human,ok why does everyone suddenly care about digital transformation? been saying this for years,human,0.999,0.999,0.001
post_da8dc296,user_00159,just had the best tacos at this tiny spot downtown! totally worth it 😊,2024-01-15T14:55:53.835405+00:00,mastodon,,,20,184,144,human,just had the best tacos at this tiny spot downtown! totally worth it 😊,human,0.9994,0.9994,0.0006
post_b19f8f98,user_00206,unpopular opinion: open offices are terrible. fight me,2024-05-04T04:12:02.279281+00:00,reddit,,post_88adb78a,10,70,262,human,unpopular opinion: open offices are terrible. fight me,human,0.9995,0.9995,0.0005
post_1f989b37,user_00216,can't believe it's already August. where did the year go??,2024-03-15T13:24:22.411196+00:00,twitter,,post_c0b66a76,3,143,40,human,can't believe it's already august. where did the year go??,human,0.9994,0.9994,0.0006
post_d960879d,user_00097,The data clearly indicates that AI adoption is reshaping healthcare. Forward-thinking leaders must adapt their strategies to remain competitive. Leveraging cloud infrastructure will be paramount in this transition.,2024-01-30T19:15:44.899177+00:00,twitter,,,24,7651,55,ai_generated,the data clearly indicates that ai adoption is reshaping healthcare. forward-thinking leaders must adapt their strategies to remain competitive. leveraging cloud infrastructure will be paramount in this transition.,ai_generated,0.9989,0.0011,0.9989
post_7b333cb8,user_00214,my hamster is being so annoying today lmao,2024-01-25T19:45:21.159566+00:00,facebook,,,0,214,19,human,my hamster is being so annoying today lmao,human,0.9995,0.9995,0.0005
post_6071ef71,user_00222,honestly excited about what happened yesterday rn. mixed feelings for sure,2024-01-29T12:37:15.505411+00:00,mastodon,,,7,27,285,human,honestly excited about what happened yesterday rn. mixed feelings for sure,human,0.9994,0.9994,0.0006
post_085562e0,user_00034,can't believe it's already November. where did the year go??,2024-06-22T14:00:38.203740+00:00,reddit,,post_b9d9a8c5,28,11,24,human,can't believe it's already november. where did the year go??,human,0.9994,0.9994,0.0006
post_80f59a8e,user_00215,my fish is being so annoying today lmao,2024-06-20T16:44:10.629338+00:00,reddit,,,0,1058,47,human,my fish is being so annoying today lmao,human,0.9995,0.9995,0.0005
post_e7787036,user_00118,unpopular opinion: coffee is overrated. fight me,2024-01-27T16:08:45.707221+00:00,twitter,,,11,127,525,human,unpopular opinion: coffee is overrated. fight me,human,0.9995,0.9995,0.0005
post_839a13ec,user_00032,just had the best ramen at a random food truck! totally worth it 😊,2024-04-25T15:56:03.125003+00:00,facebook,,,19,390,31,human,just had the best ramen at a random food truck! totally worth it 😊,human,0.9994,0.9994,0.0006
post_26262704,user_00139,unpopular opinion: coffee is overrated. fight me,2024-04-03T19:50:43.914376+00:00,twitter,,,5,63,128,human,unpopular opinion: coffee is overrated. fight me,human,0.9985,0.9985,0.0015
post_154bbf9e,user_00299,just had the best tacos at my friend's place! totally worth it 😊,2024-02-02T09:01:32.997279+00:00,facebook,,,16,505,46,human,just had the best tacos at my friend's place! totally worth it 😊,human,0.9994,0.9994,0.0006
post_f6270928,user_00165,The intersection of artificial intelligence and talent management presents significant opportunities for innovation. Organizations that prioritize data-driven decision-making will be well-positioned to capitalize on emerging trends in the coming quarters.,2024-03-20T19:19:19.073032+00:00,reddit,,,24,1335,33,ai_generated,the intersection of artificial intelligence and talent management presents significant opportunities for innovation. organizations that prioritize data-driven decision-making will be well-positioned to capitalize on emerging trends in the coming quarters.,ai_generated,0.999,0.001,0.999
post_e9f38880,user_00050,"Key considerations for remote work: 1) Prioritize scalability from day one. 2) Build cross-functional alignment early. 3) Measure outcomes with clear KPIs. By addressing these dimensions, stakeholders can achieve sustainable outcomes aligned with organizational objectives.",2024-04-17T16:04:15.762616+00:00,facebook,,,9,1429,204,ai_generated,"key considerations for remote work: 1) prioritize scalability from day one. 2) build cross-functional alignment early. 3) measure outcomes with clear kpis. by addressing these dimensions, stakeholders can achieve sustainable outcomes aligned with organizational objectives.",ai_generated,0.999,0.001,0.999
post_6a4aedf9,user_00182,does anyone else feel like remote work is totally overrated?,2024-05-18T23:34:20.783112+00:00,facebook,,post_13c1d96d,7,23,51,human,does anyone else feel like remote work is totally overrated?,human,0.9995,0.9995,0.0005
post_44fa5e15,user_00069,can't believe it's already November. where did the year go??,2024-01-19T04:07:07.264930+00:00,mastodon,,,1,58,294,human,can't believe it's already november. where did the year go??,human,0.9995,0.9995,0.0005
post_4437c2ad,user_00164,"Key considerations for meditation: 1) Prioritize scalability from day one. 2) Build cross-functional alignment early. 3) Measure outcomes with clear KPIs. By addressing these dimensions, stakeholders can achieve sustainable outcomes aligned with organizational objectives.",2024-04-28T15:24:49.816350+00:00,reddit,,,30,1909,159,ai_generated,"key considerations for meditation: 1) prioritize scalability from day one. 2) build cross-functional alignment early. 3) measure outcomes with clear kpis. by addressing these dimensions, stakeholders can achieve sustainable outcomes aligned with organizational objectives.",ai_generated,0.9991,0.0009,0.9991
post_7c1f1122,user_00142,can't believe it's already March. where did the year go??,2024-05-24T00:56:00.603147+00:00,facebook,,,1,250,68,human,can't believe it's already march. where did the year go??,human,0.9995,0.9995,0.0005
post_653d71ca,user_00281,"As we navigate the evolving landscape of finance, it becomes increasingly important to consider the multifaceted implications of automation. A comprehensive framework for analysis should incorporate both market signals and behavioral patterns to yield meaningful insights.",2024-06-16T18:04:41.165855+00:00,twitter,,,72,2166,46,ai_generated,"as we navigate the evolving landscape of finance, it becomes increasingly important to consider the multifaceted implications of automation. a comprehensive framework for analysis should incorporate both market signals and behavioral patterns to yield meaningful insights.",ai_generated,0.9992,0.0008,0.9992
post_2d52cc96,user_00160,I'm excited to share insights on meditation. The evidence strongly suggests that outcomes improve with structured frameworks. This has profound implications for organizations worldwide. Let's discuss how we can leverage this for positive impact.,2024-05-21T08:12:29.524375+00:00,twitter,,,60,671,25,ai_generated,i'm excited to share insights on meditation. the evidence strongly suggests that outcomes improve with structured frameworks. this has profound implications for organizations worldwide. let's discuss how we can leverage this for positive impact.,ai_generated,0.9991,0.0009,0.9991
post_2c2f815a,user_00070,The intersection of sustainability and talent management presents significant opportunities for innovation. Organizations that prioritize stakeholder alignment will be well-positioned to capitalize on emerging trends in the coming quarters.,2024-05-14T15:12:24.438213+00:00,facebook,,,14,2146,38,ai_generated,the intersection of sustainability and talent management presents significant opportunities for innovation. organizations that prioritize stakeholder alignment will be well-positioned to capitalize on emerging trends in the coming quarters.,ai_generated,0.9987,0.0013,0.9987
post_400a6964,user_00183,I'm excited to share insights on AI. The evidence strongly suggests that adoption rates have accelerated significantly. This has profound implications for practitioners worldwide. Let's discuss how we can leverage this for positive impact.,2024-02-22T09:31:28.458458+00:00,facebook,,,48,5018,27,ai_generated,i'm excited to share insights on ai. the evidence strongly suggests that adoption rates have accelerated significantly. this has profound implications for practitioners worldwide. let's discuss how we can leverage this for positive impact.,ai_generated,0.9992,0.0008,0.9992
post_c6185b22,user_00202,ok why does everyone suddenly care about remote collaboration? been saying this for years,2024-05-25T12:34:51.744658+00:00,twitter,,,0,346,206,human,ok why does everyone suddenly care about remote collaboration? been saying this for years,human,0.9992,0.9992,0.0008
post_5e2f6f87,user_00163,just had the best ramen at my friend's place! totally worth it 😊,2024-04-20T02:03:27.983223+00:00,twitter,,,0,622,201,human,just had the best ramen at my friend's place! totally worth it 😊,human,0.9995,0.9995,0.0005
post_7fd4d4f0,user_00151,you guys i just found out I misunderstood everything. my whole life is a lie,2024-01-15T06:54:50.224517+00:00,twitter,,post_65db6e9d,37,350,37,human,you guys i just found out i misunderstood everything. my whole life is a lie,human,0.9958,0.9958,0.0042
post_375fe991,user_00207,"Key considerations for remote work: 1) Prioritize scalability from day one. 2) Build cross-functional alignment early. 3) Measure outcomes with clear KPIs. By addressing these dimensions, stakeholders can achieve sustainable outcomes aligned with organizational objectives.",2024-06-25T03:16:25.432732+00:00,twitter,,,14,556,40,ai_generated,"key considerations for remote work: 1) prioritize scalability from day one. 2) build cross-functional alignment early. 3) measure outcomes with clear kpis. by addressing these dimensions, stakeholders can achieve sustainable outcomes aligned with organizational objectives.",ai_generated,0.9991,0.0009,0.9991
post_495731e8,user_00209,ok why does everyone suddenly care about remote collaboration? been saying this for years,2024-03-27T18:05:58.350214+00:00,mastodon,,,0,151,91,human,ok why does everyone suddenly care about remote collaboration? been saying this for years,human,0.9992,0.9992,0.0008
post_a3d19b76,user_00136,can't believe it's already January. where did the year go??,2024-01-31T01:32:37.205268+00:00,twitter,,post_49fa60df,5,184,15,human,can't believe it's already january. where did the year go??,human,0.9993,0.9993,0.0007
post_4b6f6331,user_00248,The data clearly indicates that digital transformation is reshaping finance. Forward-thinking leaders must adapt their strategies to remain competitive. Leveraging automation tools will be paramount in this transition.,2024-04-21T05:13:21.370493+00:00,twitter,,,8,1633,25,ai_generated,the data clearly indicates that digital transformation is reshaping finance. forward-thinking leaders must adapt their strategies to remain competitive. leveraging automation tools will be paramount in this transition.,ai_generated,0.9982,0.0018,0.9982
post_2173247c,user_00174,unpopular opinion: mornings are fine. fight me,2024-03-20T13:06:31.658467+00:00,twitter,,,3,22,16,human,unpopular opinion: mornings are fine. fight me,human,0.9995,0.9995,0.0005
post_4b8760ad,user_00054,does anyone else feel like meditation is totally overrated?,2024-02-21T12:13:51.908635+00:00,twitter,,,15,642,80,human,does anyone else feel like meditation is totally overrated?,human,0.9993,0.9993,0.0007
post_a49a2429,user_00247,"As we navigate the evolving landscape of finance, it becomes increasingly important to consider the multifaceted implications of scalability. A comprehensive framework for analysis should incorporate both qualitative feedback and behavioral patterns to yield meaningful insights.",2024-02-05T22:16:40.701755+00:00,mastodon,,,6,1904,7,ai_generated,"as we navigate the evolving landscape of finance, it becomes increasingly important to consider the multifaceted implications of scalability. a comprehensive framework for analysis should incorporate both qualitative feedback and behavioral patterns to yield meaningful insights.",ai_generated,0.9992,0.0008,0.9992
post_858d1f32,user_00091,just had the best ramen at this tiny spot downtown! totally worth it 😊,2024-04-16T01:24:58.352664+00:00,reddit,,,3,135,24,human,just had the best ramen at this tiny spot downtown! totally worth it 😊,human,0.9995,0.9995,0.0005
post_8f613faa,user_00204,can't believe it's already November. where did the year go??,2024-04-15T04:54:17.277060+00:00,mastodon,,,7,154,19,human,can't believe it's already november. where did the year go??,human,0.9994,0.9994,0.0006
post_0e26715e,user_00223,I'm excited to share insights on AI. The evidence strongly suggests that outcomes improve with structured frameworks. This has profound implications for practitioners worldwide. Let's discuss how we can leverage this for positive impact.,2024-06-25T02:43:06.378074+00:00,reddit,,,56,126,28,ai_generated,i'm excited to share insights on ai. the evidence strongly suggests that outcomes improve with structured frameworks. this has profound implications for practitioners worldwide. let's discuss how we can leverage this for positive impact.,ai_generated,0.999,0.001,0.999
post_1c060364,user_00062,unpopular opinion: mornings are fine. fight me,2024-05-23T14:31:20.295136+00:00,mastodon,,,0,57,42,human,unpopular opinion: mornings are fine. fight me,human,0.9995,0.9995,0.0005
post_74e1f0ec,user_00006,"As we navigate the evolving landscape of education, it becomes increasingly important to consider the multifaceted implications of scalability. A comprehensive framework for analysis should incorporate both qualitative feedback and technological constraints to yield meaningful insights.",2024-05-20T08:51:36.805711+00:00,reddit,,,76,504,32,ai_generated,"as we navigate the evolving landscape of education, it becomes increasingly important to consider the multifaceted implications of scalability. a comprehensive framework for analysis should incorporate both qualitative feedback and technological constraints to yield meaningful insights.",ai_generated,0.9992,0.0008,0.9992
post_db67d849,user_00096,honestly conflicted about that whole situation rn. mixed feelings for sure,2024-04-24T10:45:44.686123+00:00,twitter,,,3,69,58,human,honestly conflicted about that whole situation rn. mixed feelings for sure,human,0.9994,0.9994,0.0006
post_90b46016,user_00212,does anyone else feel like crypto is totally overrated?,2024-01-27T12:35:57.891696+00:00,twitter,,,12,6253,30,human,does anyone else feel like crypto is totally overrated?,human,0.9969,0.9969,0.0031
post_a24ab738,user_00275,can't believe it's already March. where did the year go??,2024-01-09T12:02:52.664630+00:00,twitter,,,3,12,73,human,can't believe it's already march. where did the year go??,human,0.9995,0.9995,0.0005
post_e0efacea,user_00258,ok why does everyone suddenly care about AI adoption? been saying this for years,2024-05-11T01:31:18.643524+00:00,mastodon,,post_737a4125,2,99,45,human,ok why does everyone suddenly care about ai adoption? been saying this for years,human,0.9992,0.9992,0.0008
post_f627c994,user_00030,The data clearly indicates that digital transformation is reshaping finance. Forward-thinking leaders must adapt their strategies to remain competitive. Leveraging automation tools will be paramount in this transition.,2024-02-08T08:29:11.155107+00:00,facebook,,post_5f3616d7,4,3119,44,ai_generated,the data clearly indicates that digital transformation is reshaping finance. forward-thinking leaders must adapt their strategies to remain competitive. leveraging automation tools will be paramount in this transition.,ai_generated,0.998,0.002,0.998
post_b762b7c3,user_00128,can't believe it's already January. where did the year go??,2024-05-09T21:41:44.246197+00:00,mastodon,,,14,9,47,human,can't believe it's already january. where did the year go??,human,0.9995,0.9995,0.0005
post_ffc243c1,user_00028,woke up at 3am for no reason and now i can't sleep. hate this,2024-05-03T09:48:42.682347+00:00,twitter,,,2,2872,14,human,woke up at 3am for no reason and now i can't sleep. hate this,human,0.9995,0.9995,0.0005
post_8c033e2f,user_00142,you guys i just found out I misunderstood everything. my whole life is a lie,2024-02-14T22:03:31.100307+00:00,facebook,,,9,364,92,human,you guys i just found out i misunderstood everything. my whole life is a lie,human,0.999,0.999,0.001
post_323fed99,user_00053,I'm excited to share insights on veganism. The evidence strongly suggests that adoption rates have accelerated significantly. This has profound implications for organizations worldwide. Let's discuss how we can leverage this for positive impact.,2024-03-24T17:45:55.171429+00:00,reddit,,,27,1364,27,ai_generated,i'm excited to share insights on veganism. the evidence strongly suggests that adoption rates have accelerated significantly. this has profound implications for organizations worldwide. let's discuss how we can leverage this for positive impact.,ai_generated,0.9991,0.0009,0.9991
post_d59672f9,user_00293,you guys i just found out this has been happening for years. my whole life is a lie,2024-03-12T08:04:56.553822+00:00,reddit,,,0,425,25,human,you guys i just found out this has been happening for years. my whole life is a lie,human,0.9991,0.9991,0.0009
post_9a1da268,user_00048,"Key considerations for meditation: 1) Prioritize scalability from day one. 2) Build cross-functional alignment early. 3) Measure outcomes with clear KPIs. By addressing these dimensions, stakeholders can achieve sustainable outcomes aligned with organizational objectives.",2024-03-30T02:45:00.742078+00:00,mastodon,,,72,3844,67,ai_generated,"key considerations for meditation: 1) prioritize scalability from day one. 2) build cross-functional alignment early. 3) measure outcomes with clear kpis. by addressing these dimensions, stakeholders can achieve sustainable outcomes aligned with organizational objectives.",ai_generated,0.9992,0.0008,0.9992
post_67c3ad44,user_00027,does anyone else feel like remote work is totally overrated?,2024-01-10T09:43:20.452528+00:00,mastodon,,,26,127,66,human,does anyone else feel like remote work is totally overrated?,human,0.9994,0.9994,0.0006
post_6def00e5,user_00042,The intersection of artificial intelligence and customer experience presents significant opportunities for innovation. Organizations that prioritize agile methodologies will be well-positioned to capitalize on emerging trends in the coming quarters.,2024-01-18T00:04:03.384142+00:00,twitter,,post_428443eb,42,8744,42,ai_generated,the intersection of artificial intelligence and customer experience presents significant opportunities for innovation. organizations that prioritize agile methodologies will be well-positioned to capitalize on emerging trends in the coming quarters.,ai_generated,0.9992,0.0008,0.9992
post_1c40cad6,user_00022,my hamster is being so annoying today lmao,2024-06-23T16:28:03.528883+00:00,mastodon,,,13,209,17,human,my hamster is being so annoying today lmao,human,0.9995,0.9995,0.0005
post_9aa431a3,user_00296,The intersection of artificial intelligence and customer experience presents significant opportunities for innovation. Organizations that prioritize data-driven decision-making will be well-positioned to capitalize on emerging trends in the coming quarters.,2024-04-18T07:01:06.637849+00:00,facebook,,,110,409,116,ai_generated,the intersection of artificial intelligence and customer experience presents significant opportunities for innovation. organizations that prioritize data-driven decision-making will be well-positioned to capitalize on emerging trends in the coming quarters.,ai_generated,0.9991,0.0009,0.9991
post_6aa0c434,user_00096,woke up at 5am for no reason and now i can't sleep. hate this,2024-06-17T22:38:20.479684+00:00,twitter,,,5,41,122,human,woke up at 5am for no reason and now i can't sleep. hate this,human,0.9995,0.9995,0.0005
post_3353e5a4,user_00147,throwback to that time when we stayed up all night talking. good times fr,2024-04-12T20:07:08.306435+00:00,reddit,,,22,35,221,human,throwback to that time when we stayed up all night talking. good times fr,human,0.9995,0.9995,0.0005
post_0e223220,user_00220,woke up at 3am for no reason and now i can't sleep. hate this,2024-03-04T18:00:39.859369+00:00,twitter,,,0,7,123,human,woke up at 3am for no reason and now i can't sleep. hate this,human,0.9995,0.9995,0.0005
post_641bd48a,user_00019,unpopular opinion: coffee is overrated. fight me,2024-02-08T20:06:07.381537+00:00,mastodon,,,1,152,180,human,unpopular opinion: coffee is overrated. fight me,human,0.9995,0.9995,0.0005
post_2850b529,user_00153,The data clearly indicates that remote collaboration is reshaping healthcare. Forward-thinking leaders must adapt their strategies to remain competitive. Leveraging cloud infrastructure will be paramount in this transition.,2024-04-06T21:37:22.148807+00:00,twitter,,,12,961,36,ai_generated,the data clearly indicates that remote collaboration is reshaping healthcare. forward-thinking leaders must adapt their strategies to remain competitive. leveraging cloud infrastructure will be paramount in this transition.,ai_generated,0.9982,0.0018,0.9982
post_db40d0d3,user_00245,The data clearly indicates that digital transformation is reshaping manufacturing. Forward-thinking leaders must adapt their strategies to remain competitive. Leveraging automation tools will be paramount in this transition.,2024-02-18T11:51:30.361930+00:00,mastodon,,post_91edc682,11,1065,16,ai_generated,the data clearly indicates that digital transformation is reshaping manufacturing. forward-thinking leaders must adapt their strategies to remain competitive. leveraging automation tools will be paramount in this transition.,ai_generated,0.9986,0.0014,0.9986
post_07eb422c,user_00078,woke up at 5am for no reason and now i can't sleep. hate this,2024-06-12T02:43:55.506778+00:00,facebook,,,4,342,78,human,woke up at 5am for no reason and now i can't sleep. hate this,human,0.9995,0.9995,0.0005
post_b6c391fb,user_00035,"Key considerations for crypto: 1) Prioritize scalability from day one. 2) Build cross-functional alignment early. 3) Measure outcomes with clear KPIs. By addressing these dimensions, stakeholders can achieve sustainable outcomes aligned with organizational objectives.",2024-01-28T05:15:31.249183+00:00,twitter,,,135,608,100,ai_generated,"key considerations for crypto: 1) prioritize scalability from day one. 2) build cross-functional alignment early. 3) measure outcomes with clear kpis. by addressing these dimensions, stakeholders can achieve sustainable outcomes aligned with organizational objectives.",ai_generated,0.9992,0.0008,0.9992
post_ffb451cd,user_00104,"Key considerations for remote work: 1) Prioritize scalability from day one. 2) Build cross-functional alignment early. 3) Measure outcomes with clear KPIs. By addressing these dimensions, stakeholders can achieve sustainable outcomes aligned with organizational objectives.",2024-01-05T20:30:13.342768+00:00,mastodon,,,43,4255,149,ai_generated,"key considerations for remote work: 1) prioritize scalability from day one. 2) build cross-functional alignment early. 3) measure outcomes with clear kpis. by addressing these dimensions, stakeholders can achieve sustainable outcomes aligned with organizational objectives.",ai_generated,0.9992,0.0008,0.9992
post_26a1ebe4,user_00136,The intersection of sustainability and supply chain optimization presents significant opportunities for innovation. Organizations that prioritize stakeholder alignment will be well-positioned to capitalize on emerging trends in the coming quarters.,2024-03-22T06:05:45.122570+00:00,reddit,,,66,707,16,ai_generated,the intersection of sustainability and supply chain optimization presents significant opportunities for innovation. organizations that prioritize stakeholder alignment will be well-positioned to capitalize on emerging trends in the coming quarters.,ai_generated,0.9991,0.0009,0.9991
post_6545fdfd,user_00288,throwback to that time when we stayed up all night talking. good times fr,2024-06-14T10:40:44.979377+00:00,facebook,,post_ade62d32,10,126,79,human,throwback to that time when we stayed up all night talking. good times fr,human,0.9995,0.9995,0.0005
post_880b885c,user_00131,ok why does everyone suddenly care about digital transformation? been saying this for years,2024-02-09T16:30:59.349636+00:00,twitter,,,14,633,61,human,ok why does everyone suddenly care about digital transformation? been saying this for years,human,0.9981,0.9981,0.0019
post_a49e6c37,user_00093,I'm excited to share insights on veganism. The evidence strongly suggests that adoption rates have accelerated significantly. This has profound implications for communities worldwide. Let's discuss how we can leverage this for positive impact.,2024-02-13T19:12:05.048518+00:00,facebook,,,49,2297,8,ai_generated,i'm excited to share insights on veganism. the evidence strongly suggests that adoption rates have accelerated significantly. this has profound implications for communities worldwide. let's discuss how we can leverage this for positive impact.,ai_generated,0.9992,0.0008,0.9992
post_e82110ec,user_00120,honestly whatever about that whole situation rn. mixed feelings for sure,2024-02-06T05:35:48.560858+00:00,reddit,,post_ec0028c7,3,399,897,human,honestly whatever about that whole situation rn. mixed feelings for sure,human,0.9995,0.9995,0.0005
post_fb8dc69e,user_00120,"Key considerations for crypto: 1) Prioritize scalability from day one. 2) Build cross-functional alignment early. 3) Measure outcomes with clear KPIs. By addressing these dimensions, stakeholders can achieve sustainable outcomes aligned with organizational objectives.",2024-03-19T00:29:38.124992+00:00,mastodon,,,30,1915,16,ai_generated,"key considerations for crypto: 1) prioritize scalability from day one. 2) build cross-functional alignment early. 3) measure outcomes with clear kpis. by addressing these dimensions, stakeholders can achieve sustainable outcomes aligned with organizational objectives.",ai_generated,0.9992,0.0008,0.9992
post_9a125b0e,user_00272,"Key considerations for AI: 1) Prioritize scalability from day one. 2) Build cross-functional alignment early. 3) Measure outcomes with clear KPIs. By addressing these dimensions, stakeholders can achieve sustainable outcomes aligned with organizational objectives.",2024-04-19T17:02:20.866891+00:00,reddit,,,36,3480,29,ai_generated,"key considerations for ai: 1) prioritize scalability from day one. 2) build cross-functional alignment early. 3) measure outcomes with clear kpis. by addressing these dimensions, stakeholders can achieve sustainable outcomes aligned with organizational objectives.",ai_generated,0.9992,0.0008,0.9992
post_f9b73dd3,user_00289,woke up at 5am for no reason and now i can't sleep. hate this,2024-05-05T09:16:08.677774+00:00,mastodon,,,3,63,26,human,woke up at 5am for no reason and now i can't sleep. hate this,human,0.9995,0.9995,0.0005
post_879937a1,user_00008,"Key considerations for AI: 1) Prioritize scalability from day one. 2) Build cross-functional alignment early. 3) Measure outcomes with clear KPIs. By addressing these dimensions, stakeholders can achieve sustainable outcomes aligned with organizational objectives.",2024-05-22T09:13:39.681398+00:00,facebook,,post_61e2392f,6,8671,37,ai_generated,"key considerations for ai: 1) prioritize scalability from day one. 2) build cross-functional alignment early. 3) measure outcomes with clear kpis. by addressing these dimensions, stakeholders can achieve sustainable outcomes aligned with organizational objectives.",ai_generated,0.9992,0.0008,0.9992
post_c05ac315,user_00180,The data clearly indicates that AI adoption is reshaping manufacturing. Forward-thinking leaders must adapt their strategies to remain competitive. Leveraging automation tools will be paramount in this transition.,2024-04-30T23:52:43.853494+00:00,reddit,,,37,2592,25,ai_generated,the data clearly indicates that ai adoption is reshaping manufacturing. forward-thinking leaders must adapt their strategies to remain competitive. leveraging automation tools will be paramount in this transition.,ai_generated,0.9987,0.0013,0.9987
post_cdebb261,user_00282,you guys i just found out this has been happening for years. my whole life is a lie,2024-02-12T03:30:37.172864+00:00,twitter,,post_93291706,10,32,210,human,you guys i just found out this has been happening for years. my whole life is a lie,human,0.9992,0.9992,0.0008
post_61e2392f,user_00156,woke up at 5am for no reason and now i can't sleep. hate this,2024-02-10T04:10:06.052270+00:00,facebook,,post_389e1658,7,74,157,human,woke up at 5am for no reason and now i can't sleep. hate this,human,0.9995,0.9995,0.0005
post_9938d865,user_00151,The intersection of artificial intelligence and customer experience presents significant opportunities for innovation. Organizations that prioritize agile methodologies will be well-positioned to capitalize on emerging trends in the coming quarters.,2024-05-05T21:09:28.573607+00:00,reddit,,,14,258,33,ai_generated,the intersection of artificial intelligence and customer experience presents significant opportunities for innovation. organizations that prioritize agile methodologies will be well-positioned to capitalize on emerging trends in the coming quarters.,ai_generated,0.9987,0.0013,0.9987
post_97357012,user_00091,does anyone else feel like meditation is totally overrated?,2024-05-14T08:37:45.020178+00:00,facebook,,,4,5291,149,human,does anyone else feel like meditation is totally overrated?,human,0.9993,0.9993,0.0007
post_e2d9db60,user_00270,honestly conflicted about the announcement rn. mixed feelings for sure,2024-05-18T03:08:50.812000+00:00,twitter,,,10,6,188,human,honestly conflicted about the announcement rn. mixed feelings for sure,human,0.9995,0.9995,0.0005
post_8576baf9,user_00168,woke up at 5am for no reason and now i can't sleep. hate this,2024-06-23T13:48:33.054347+00:00,twitter,,,2,11,61,human,woke up at 5am for no reason and now i can't sleep. hate this,human,0.9995,0.9995,0.0005
post_161c1bae,user_00265,I'm excited to share insights on meditation. The evidence strongly suggests that adoption rates have accelerated significantly. This has profound implications for communities worldwide. Let's discuss how we can leverage this for positive impact.,2024-03-10T09:01:37.273948+00:00,mastodon,,,75,2656,100,ai_generated,i'm excited to share insights on meditation. the evidence strongly suggests that adoption rates have accelerated significantly. this has profound implications for communities worldwide. let's discuss how we can leverage this for positive impact.,ai_generated,0.9992,0.0008,0.9992
post_628cbab3,user_00182,The data clearly indicates that remote collaboration is reshaping manufacturing. Forward-thinking leaders must adapt their strategies to remain competitive. Leveraging cloud infrastructure will be paramount in this transition.,2024-03-03T19:37:41.492375+00:00,mastodon,,,34,399,36,ai_generated,the data clearly indicates that remote collaboration is reshaping manufacturing. forward-thinking leaders must adapt their strategies to remain competitive. leveraging cloud infrastructure will be paramount in this transition.,ai_generated,0.9985,0.0015,0.9985
post_5fcb5314,user_00270,The intersection of artificial intelligence and talent management presents significant opportunities for innovation. Organizations that prioritize stakeholder alignment will be well-positioned to capitalize on emerging trends in the coming quarters.,2024-05-30T01:51:55.264676+00:00,facebook,,,118,1519,13,ai_generated,the intersection of artificial intelligence and talent management presents significant opportunities for innovation. organizations that prioritize stakeholder alignment will be well-positioned to capitalize on emerging trends in the coming quarters.,ai_generated,0.9992,0.0008,0.9992
post_da712ab6,user_00254,ok why does everyone suddenly care about AI adoption? been saying this for years,2024-01-24T04:44:12.853266+00:00,reddit,,post_b1e84f55,29,141,426,human,ok why does everyone suddenly care about ai adoption? been saying this for years,human,0.9992,0.9992,0.0008
post_dc9bbc9c,user_00076,woke up at 5am for no reason and now i can't sleep. hate this,2024-06-17T10:30:05.445681+00:00,twitter,,,7,1577,810,human,woke up at 5am for no reason and now i can't sleep. hate this,human,0.9995,0.9995,0.0005
post_96d423d3,user_00200,ok why does everyone suddenly care about digital transformation? been saying this for years,2024-06-16T22:20:36.055206+00:00,mastodon,,,9,1130,100,human,ok why does everyone suddenly care about digital transformation? been saying this for years,human,0.9979,0.9979,0.0021
post_a994cf61,user_00042,The intersection of digital transformation and supply chain optimization presents significant opportunities for innovation. Organizations that prioritize data-driven decision-making will be well-positioned to capitalize on emerging trends in the coming quarters.,2024-05-19T20:01:13.306905+00:00,mastodon,,post_c4ed6394,58,1942,151,ai_generated,the intersection of digital transformation and supply chain optimization presents significant opportunities for innovation. organizations that prioritize data-driven decision-making will be well-positioned to capitalize on emerging trends in the coming quarters.,ai_generated,0.9991,0.0009,0.9991
post_55218a1b,user_00194,"Key considerations for remote work: 1) Prioritize scalability from day one. 2) Build cross-functional alignment early. 3) Measure outcomes with clear KPIs. By addressing these dimensions, stakeholders can achieve sustainable outcomes aligned with organizational objectives.",2024-02-15T01:25:57.376263+00:00,mastodon,,post_9658b19d,44,408,45,ai_generated,"key considerations for remote work: 1) prioritize scalability from day one. 2) build cross-functional alignment early. 3) measure outcomes with clear kpis. by addressing these dimensions, stakeholders can achieve sustainable outcomes aligned with organizational objectives.",ai_generated,0.9991,0.0009,0.9991
post_1a45e51b,user_00159,you guys i just found out I misunderstood everything. my whole life is a lie,2024-05-28T16:50:09.350100+00:00,reddit,,,6,653,8,human,you guys i just found out i misunderstood everything. my whole life is a lie,human,0.9982,0.9982,0.0018
post_2998810f,user_00009,just had the best sushi at a random food truck! totally worth it 😊,2024-06-14T04:15:30.913909+00:00,mastodon,,post_36c043d2,15,2658,61,human,just had the best sushi at a random food truck! totally worth it 😊,human,0.9993,0.9993,0.0007
post_96886dc7,user_00221,you guys i just found out this has been happening for years. my whole life is a lie,2024-01-08T10:26:51.292739+00:00,twitter,,post_81cee1da,6,109,342,human,you guys i just found out this has been happening for years. my whole life is a lie,human,0.9993,0.9993,0.0007
post_c3cd5774,user_00020,I'm excited to share insights on remote work. The evidence strongly suggests that outcomes improve with structured frameworks. This has profound implications for practitioners worldwide. Let's discuss how we can leverage this for positive impact.,2024-05-30T06:35:52.407399+00:00,facebook,,,24,3337,24,ai_generated,i'm excited to share insights on remote work. the evidence strongly suggests that outcomes improve with structured frameworks. this has profound implications for practitioners worldwide. let's discuss how we can leverage this for positive impact.,ai_generated,0.9992,0.0008,0.9992
post_e69adc72,user_00022,The intersection of sustainability and supply chain optimization presents significant opportunities for innovation. Organizations that prioritize agile methodologies will be well-positioned to capitalize on emerging trends in the coming quarters.,2024-01-05T00:57:17.064454+00:00,twitter,,,43,714,34,ai_generated,the intersection of sustainability and supply chain optimization presents significant opportunities for innovation. organizations that prioritize agile methodologies will be well-positioned to capitalize on emerging trends in the coming quarters.,ai_generated,0.999,0.001,0.999
post_518508bd,user_00197,ok why does everyone suddenly care about AI adoption? been saying this for years,2024-01-15T08:07:47.027502+00:00,twitter,,,24,332,98,human,ok why does everyone suddenly care about ai adoption? been saying this for years,human,0.9989,0.9989,0.0011
post_2c2e74a7,user_00288,"As we navigate the evolving landscape of retail, it becomes increasingly important to consider the multifaceted implications of scalability. A comprehensive framework for analysis should incorporate both qualitative feedback and behavioral patterns to yield meaningful insights.",2024-02-22T13:10:35.223301+00:00,facebook,,,85,572,131,ai_generated,"as we navigate the evolving landscape of retail, it becomes increasingly important to consider the multifaceted implications of scalability. a comprehensive framework for analysis should incorporate both qualitative feedback and behavioral patterns to yield meaningful insights.",ai_generated,0.9992,0.0008,0.9992
post_ab93d924,user_00180,I'm excited to share insights on AI. The evidence strongly suggests that outcomes improve with structured frameworks. This has profound implications for practitioners worldwide. Let's discuss how we can leverage this for positive impact.,2024-05-26T06:25:39.495585+00:00,twitter,,,4,4122,69,ai_generated,i'm excited to share insights on ai. the evidence strongly suggests that outcomes improve with structured frameworks. this has profound implications for practitioners worldwide. let's discuss how we can leverage this for positive impact.,ai_generated,0.999,0.001,0.999
post_ed1e8c1b,user_00080,does anyone else feel like AI is totally overrated?,2024-03-14T09:57:16.683056+00:00,facebook,,,7,48,396,human,does anyone else feel like ai is totally overrated?,human,0.9995,0.9995,0.0005
post_c1585d27,user_00220,unpopular opinion: coffee is overrated. fight me,2024-06-03T01:18:56.832896+00:00,mastodon,,,0,10108,1109,human,unpopular opinion: coffee is overrated. fight me,human,0.9995,0.9995,0.0005
post_406b3daa,user_00192,can't believe it's already January. where did the year go??,2024-01-04T12:56:13.718343+00:00,twitter,,,0,9,152,human,can't believe it's already january. where did the year go??,human,0.9995,0.9995,0.0005
post_74fe82b2,user_00038,I'm excited to share insights on veganism. The evidence strongly suggests that outcomes improve with structured frameworks. This has profound implications for practitioners worldwide. Let's discuss how we can leverage this for positive impact.,2024-01-27T05:52:28.029660+00:00,facebook,,,71,1545,16,ai_generated,i'm excited to share insights on veganism. the evidence strongly suggests that outcomes improve with structured frameworks. this has profound implications for practitioners worldwide. let's discuss how we can leverage this for positive impact.,ai_generated,0.9992,0.0008,0.9992
post_a8e01dcf,user_00064,can't believe it's already August. where did the year go??,2024-05-20T17:41:11.297333+00:00,twitter,,,23,108,63,human,can't believe it's already august. where did the year go??,human,0.9994,0.9994,0.0006
post_12240a74,user_00174,unpopular opinion: open offices are terrible. fight me,2024-05-20T19:22:26.259625+00:00,facebook,,,20,171,71,human,unpopular opinion: open offices are terrible. fight me,human,0.9995,0.9995,0.0005
post_548dd44c,user_00017,just had the best pasta at this tiny spot downtown! totally worth it 😊,2024-06-02T02:59:19.854088+00:00,mastodon,,,9,47,27,human,just had the best pasta at this tiny spot downtown! totally worth it 😊,human,0.9995,0.9995,0.0005
post_03a3443f,user_00192,just had the best pizza at my friend's place! totally worth it 😊,2024-02-10T17:30:09.530460+00:00,mastodon,,,10,433,32,human,just had the best pizza at my friend's place! totally worth it 😊,human,0.9994,0.9994,0.0006
post_65613ec6,user_00081,The intersection of sustainability and supply chain optimization presents significant opportunities for innovation. Organizations that prioritize agile methodologies will be well-positioned to capitalize on emerging trends in the coming quarters.,2024-04-15T12:01:37.565009+00:00,twitter,,,43,586,18,ai_generated,the intersection of sustainability and supply chain optimization presents significant opportunities for innovation. organizations that prioritize agile methodologies will be well-positioned to capitalize on emerging trends in the coming quarters.,ai_generated,0.999,0.001,0.999
post_b210d1a5,user_00144,The data clearly indicates that digital transformation is reshaping finance. Forward-thinking leaders must adapt their strategies to remain competitive. Leveraging machine learning will be paramount in this transition.,2024-05-11T10:00:03.715592+00:00,twitter,,,24,5070,13,ai_generated,the data clearly indicates that digital transformation is reshaping finance. forward-thinking leaders must adapt their strategies to remain competitive. leveraging machine learning will be paramount in this transition.,ai_generated,0.9991,0.0009,0.9991
post_c0c27942,user_00091,The data clearly indicates that AI adoption is reshaping healthcare. Forward-thinking leaders must adapt their strategies to remain competitive. Leveraging automation tools will be paramount in this transition.,2024-04-06T11:11:47.725906+00:00,reddit,,,45,645,30,ai_generated,the data clearly indicates that ai adoption is reshaping healthcare. forward-thinking leaders must adapt their strategies to remain competitive. leveraging automation tools will be paramount in this transition.,ai_generated,0.9983,0.0017,0.9983
post_51b7e190,user_00043,"As we navigate the evolving landscape of retail, it becomes increasingly important to consider the multifaceted implications of resilience. A comprehensive framework for analysis should incorporate both qualitative feedback and technological constraints to yield meaningful insights.",2024-03-06T23:02:33.849990+00:00,reddit,,,36,943,48,ai_generated,"as we navigate the evolving landscape of retail, it becomes increasingly important to consider the multifaceted implications of resilience. a comprehensive framework for analysis should incorporate both qualitative feedback and technological constraints to yield meaningful insights.",ai_generated,0.9992,0.0008,0.9992
post_e61f58fe,user_00272,ok why does everyone suddenly care about remote collaboration? been saying this for years,2024-01-01T23:35:13.918038+00:00,twitter,,,2,4,39,human,ok why does everyone suddenly care about remote collaboration? been saying this for years,human,0.9994,0.9994,0.0006
post_c561a202,user_00077,The data clearly indicates that AI adoption is reshaping healthcare. Forward-thinking leaders must adapt their strategies to remain competitive. Leveraging automation tools will be paramount in this transition.,2024-06-28T19:45:52.292291+00:00,reddit,,,33,1036,86,ai_generated,the data clearly indicates that ai adoption is reshaping healthcare. forward-thinking leaders must adapt their strategies to remain competitive. leveraging automation tools will be paramount in this transition.,ai_generated,0.9977,0.0023,0.9977
post_358b5917,user_00232,you guys i just found out this has been happening for years. my whole life is a lie,2024-05-19T16:54:48.769155+00:00,mastodon,,,16,155,309,human,you guys i just found out this has been happening for years. my whole life is a lie,human,0.9991,0.9991,0.0009
post_85be68a9,user_00067,does anyone else feel like crypto is totally overrated?,2024-04-22T11:36:55.144240+00:00,twitter,,,21,85,54,human,does anyone else feel like crypto is totally overrated?,human,0.9995,0.9995,0.0005
post_ebd89609,user_00037,you guys i just found out I misunderstood everything. my whole life is a lie,2024-05-14T04:26:47.450017+00:00,twitter,,,14,46,30,human,you guys i just found out i misunderstood everything. my whole life is a lie,human,0.9989,0.9989,0.0011
post_e521d1dd,user_00295,my fish is being so annoying today lmao,2024-04-14T11:57:38.265706+00:00,mastodon,,post_2c15a75d,19,6,84,human,my fish is being so annoying today lmao,human,0.9995,0.9995,0.0005
post_928903db,user_00018,The intersection of sustainability and talent management presents significant opportunities for innovation. Organizations that prioritize data-driven decision-making will be well-positioned to capitalize on emerging trends in the coming quarters.,2024-03-25T18:46:04.348753+00:00,mastodon,,,40,156,123,ai_generated,the intersection of sustainability and talent management presents significant opportunities for innovation. organizations that prioritize data-driven decision-making will be well-positioned to capitalize on emerging trends in the coming quarters.,ai_generated,0.9985,0.0015,0.9985
post_426cd052,user_00232,unpopular opinion: open offices are terrible. fight me,2024-04-21T12:16:58.724373+00:00,twitter,,,28,265,162,human,unpopular opinion: open offices are terrible. fight me,human,0.9995,0.9995,0.0005
post_9c3db7b7,user_00055,The data clearly indicates that digital transformation is reshaping healthcare. Forward-thinking leaders must adapt their strategies to remain competitive. Leveraging cloud infrastructure will be paramount in this transition.,2024-06-21T02:15:02.343645+00:00,twitter,,,27,10015,17,ai_generated,the data clearly indicates that digital transformation is reshaping healthcare. forward-thinking leaders must adapt their strategies to remain competitive. leveraging cloud infrastructure will be paramount in this transition.,ai_generated,0.9992,0.0008,0.9992
post_441fe87d,user_00294,ok why does everyone suddenly care about remote collaboration? been saying this for years,2024-02-28T20:12:16.921528+00:00,mastodon,,,15,13,13,human,ok why does everyone suddenly care about remote collaboration? been saying this for years,human,0.999,0.999,0.001
post_8ab55489,user_00191,does anyone else feel like AI is totally overrated?,2024-06-23T02:59:25.427145+00:00,reddit,,,14,162,35,human,does anyone else feel like ai is totally overrated?,human,0.9995,0.9995,0.0005
post_ec1d3a08,user_00274,just had the best sushi at my friend's place! totally worth it 😊,2024-02-12T22:08:54.951728+00:00,facebook,,,15,2149,221,human,just had the best sushi at my friend's place! totally worth it 😊,human,0.9994,0.9994,0.0006
post_e90afb4d,user_00209,The data clearly indicates that digital transformation is reshaping finance. Forward-thinking leaders must adapt their strategies to remain competitive. Leveraging automation tools will be paramount in this transition.,2024-04-20T09:38:05.533311+00:00,reddit,,,5,1886,72,ai_generated,the data clearly indicates that digital transformation is reshaping finance. forward-thinking leaders must adapt their strategies to remain competitive. leveraging automation tools will be paramount in this transition.,ai_generated,0.9978,0.0022,0.9978
post_a32da94c,user_00111,you guys i just found out I misunderstood everything. my whole life is a lie,2024-06-08T02:52:07.795819+00:00,mastodon,,,5,128,35,human,you guys i just found out i misunderstood everything. my whole life is a lie,human,0.999,0.999,0.001
post_10b97500,user_00050,throwback to that time when we stayed up all night talking. good times fr,2024-01-21T07:03:46.879647+00:00,reddit,,post_9b465061,4,409,41,human,throwback to that time when we stayed up all night talking. good times fr,human,0.9994,0.9994,0.0006
post_30b3ee0c,user_00170,"Key considerations for veganism: 1) Prioritize scalability from day one. 2) Build cross-functional alignment early. 3) Measure outcomes with clear KPIs. By addressing these dimensions, stakeholders can achieve sustainable outcomes aligned with organizational objectives.",2024-02-25T18:49:58.758846+00:00,facebook,,,103,308,35,ai_generated,"key considerations for veganism: 1) prioritize scalability from day one. 2) build cross-functional alignment early. 3) measure outcomes with clear kpis. by addressing these dimensions, stakeholders can achieve sustainable outcomes aligned with organizational objectives.",ai_generated,0.9992,0.0008,0.9992
post_10613a1a,user_00206,ok why does everyone suddenly care about digital transformation? been saying this for years,2024-05-29T15:14:58.598707+00:00,reddit,,,28,50,318,human,ok why does everyone suddenly care about digital transformation? been saying this for years,human,0.999,0.999,0.001
post_e49056f9,user_00078,throwback to that time when we got completely lost. good times fr,2024-06-12T10:09:57.006237+00:00,mastodon,,,3,18,40,human,throwback to that time when we got completely lost. good times fr,human,0.9995,0.9995,0.0005
post_ea2cb291,user_00056,woke up at 3am for no reason and now i can't sleep. hate this,2024-04-21T13:15:23.153914+00:00,mastodon,,post_22966e07,14,11,47,human,woke up at 3am for no reason and now i can't sleep. hate this,human,0.9995,0.9995,0.0005
post_028a43bc,user_00298,"As we navigate the evolving landscape of retail, it becomes increasingly important to consider the multifaceted implications of automation. A comprehensive framework for analysis should incorporate both market signals and behavioral patterns to yield meaningful insights.",2024-03-31T14:36:40.420030+00:00,reddit,,,38,994,44,ai_generated,"as we navigate the evolving landscape of retail, it becomes increasingly important to consider the multifaceted implications of automation. a comprehensive framework for analysis should incorporate both market signals and behavioral patterns to yield meaningful insights.",ai_generated,0.9992,0.0008,0.9992
post_bd2de0ec,user_00081,"Key considerations for veganism: 1) Prioritize scalability from day one. 2) Build cross-functional alignment early. 3) Measure outcomes with clear KPIs. By addressing these dimensions, stakeholders can achieve sustainable outcomes aligned with organizational objectives.",2024-03-10T19:13:34.654061+00:00,facebook,,post_8d23d3b7,48,178,57,ai_generated,"key considerations for veganism: 1) prioritize scalability from day one. 2) build cross-functional alignment early. 3) measure outcomes with clear kpis. by addressing these dimensions, stakeholders can achieve sustainable outcomes aligned with organizational objectives.",ai_generated,0.9991,0.0009,0.9991
post_faecc7fd,user_00215,honestly conflicted about that whole situation rn. mixed feelings for sure,2024-03-09T19:44:36.155251+00:00,reddit,,,20,126,35,human,honestly conflicted about that whole situation rn. mixed feelings for sure,human,0.9991,0.9991,0.0009
post_67d74389,user_00080,"As we navigate the evolving landscape of healthcare, it becomes increasingly important to consider the multifaceted implications of personalization. A comprehensive framework for analysis should incorporate both quantitative metrics and technological constraints to yield meaningful insights.",2024-05-02T00:24:34.554908+00:00,facebook,,post_6acfbc3d,118,4110,28,ai_generated,"as we navigate the evolving landscape of healthcare, it becomes increasingly important to consider the multifaceted implications of personalization. a comprehensive framework for analysis should incorporate both quantitative metrics and technological constraints to yield meaningful insights.",ai_generated,0.9992,0.0008,0.9992
post_53f1a61c,user_00221,you guys i just found out I misunderstood everything. my whole life is a lie,2024-01-11T19:46:35.231088+00:00,facebook,,,6,94,100,human,you guys i just found out i misunderstood everything. my whole life is a lie,human,0.9992,0.9992,0.0008
post_756cc04d,user_00181,unpopular opinion: mornings are fine. fight me,2024-04-01T06:17:22.381775+00:00,twitter,,,12,156,25,human,unpopular opinion: mornings are fine. fight me,human,0.9995,0.9995,0.0005
post_86fe95b1,user_00196,The data clearly indicates that remote collaboration is reshaping finance. Forward-thinking leaders must adapt their strategies to remain competitive. Leveraging machine learning will be paramount in this transition.,2024-01-27T13:52:46.102024+00:00,mastodon,,,45,2485,56,ai_generated,the data clearly indicates that remote collaboration is reshaping finance. forward-thinking leaders must adapt their strategies to remain competitive. leveraging machine learning will be paramount in this transition.,ai_generated,0.9988,0.0012,0.9988
post_df1aabcd,user_00040,ok why does everyone suddenly care about remote collaboration? been saying this for years,2024-02-27T18:29:30.240086+00:00,mastodon,,,3,75,551,human,ok why does everyone suddenly care about remote collaboration? been saying this for years,human,0.9993,0.9993,0.0007
post_776651ac,user_00196,I'm excited to share insights on remote work. The evidence strongly suggests that adoption rates have accelerated significantly. This has profound implications for practitioners worldwide. Let's discuss how we can leverage this for positive impact.,2024-04-09T08:00:53.578360+00:00,mastodon,,,27,808,48,ai_generated,i'm excited to share insights on remote work. the evidence strongly suggests that adoption rates have accelerated significantly. this has profound implications for practitioners worldwide. let's discuss how we can leverage this for positive impact.,ai_generated,0.9991,0.0009,0.9991
post_0a457c69,user_00253,"Key considerations for crypto: 1) Prioritize scalability from day one. 2) Build cross-functional alignment early. 3) Measure outcomes with clear KPIs. By addressing these dimensions, stakeholders can achieve sustainable outcomes aligned with organizational objectives.",2024-05-27T22:31:27.904419+00:00,facebook,,post_e975f3ca,86,398,69,ai_generated,"key considerations for crypto: 1) prioritize scalability from day one. 2) build cross-functional alignment early. 3) measure outcomes with clear kpis. by addressing these dimensions, stakeholders can achieve sustainable outcomes aligned with organizational objectives.",ai_generated,0.9992,0.0008,0.9992
post_f6bcdde8,user_00181,honestly excited about that whole situation rn. mixed feelings for sure,2024-04-11T10:58:25.468715+00:00,mastodon,,post_a888dd57,6,2468,56,human,honestly excited about that whole situation rn. mixed feelings for sure,human,0.9991,0.9991,0.0009
post_4fe81ab3,user_00029,just had the best tacos at this tiny spot downtown! totally worth it 😊,2024-05-17T13:17:46.114065+00:00,facebook,,,3,150,70,human,just had the best tacos at this tiny spot downtown! totally worth it 😊,human,0.9995,0.9995,0.0005
post_d0711d10,user_00055,does anyone else feel like crypto is totally overrated?,2024-02-12T14:48:12.822870+00:00,mastodon,,,17,91,743,human,does anyone else feel like crypto is totally overrated?,human,0.9995,0.9995,0.0005
post_7ced1ad6,user_00082,I'm excited to share insights on remote work. The evidence strongly suggests that adoption rates have accelerated significantly. This has profound implications for practitioners worldwide. Let's discuss how we can leverage this for positive impact.,2024-02-16T11:29:34.533620+00:00,twitter,,,11,1893,62,ai_generated,i'm excited to share insights on remote work. the evidence strongly suggests that adoption rates have accelerated significantly. this has profound implications for practitioners worldwide. let's discuss how we can leverage this for positive impact.,ai_generated,0.9991,0.0009,0.9991
post_d07a44bd,user_00164,The intersection of sustainability and customer experience presents significant opportunities for innovation. Organizations that prioritize agile methodologies will be well-positioned to capitalize on emerging trends in the coming quarters.,2024-02-28T20:39:27.425166+00:00,facebook,,,44,850,23,ai_generated,the intersection of sustainability and customer experience presents significant opportunities for innovation. organizations that prioritize agile methodologies will be well-positioned to capitalize on emerging trends in the coming quarters.,ai_generated,0.9989,0.0011,0.9989
post_74951ab6,user_00153,honestly nervous about what happened yesterday rn. mixed feelings for sure,2024-05-08T18:20:49.205225+00:00,reddit,,,1,281,145,human,honestly nervous about what happened yesterday rn. mixed feelings for sure,human,0.9994,0.9994,0.0006
post_33a4019c,user_00284,The data clearly indicates that AI adoption is reshaping manufacturing. Forward-thinking leaders must adapt their strategies to remain competitive. Leveraging automation tools will be paramount in this transition.,2024-06-23T19:44:19.493305+00:00,facebook,,post_417626d5,10,836,80,ai_generated,the data clearly indicates that ai adoption is reshaping manufacturing. forward-thinking leaders must adapt their strategies to remain competitive. leveraging automation tools will be paramount in this transition.,ai_generated,0.997,0.003,0.997
post_d106d04f,user_00242,The intersection of artificial intelligence and customer experience presents significant opportunities for innovation. Organizations that prioritize data-driven decision-making will be well-positioned to capitalize on emerging trends in the coming quarters.,2024-04-02T17:49:18.223092+00:00,reddit,,,14,1386,29,ai_generated,the intersection of artificial intelligence and customer experience presents significant opportunities for innovation. organizations that prioritize data-driven decision-making will be well-positioned to capitalize on emerging trends in the coming quarters.,ai_generated,0.999,0.001,0.999
post_640c7b23,user_00106,"As we navigate the evolving landscape of finance, it becomes increasingly important to consider the multifaceted implications of resilience. A comprehensive framework for analysis should incorporate both market signals and behavioral patterns to yield meaningful insights.",2024-03-07T21:06:23.796499+00:00,twitter,,,13,690,20,ai_generated,"as we navigate the evolving landscape of finance, it becomes increasingly important to consider the multifaceted implications of resilience. a comprehensive framework for analysis should incorporate both market signals and behavioral patterns to yield meaningful insights.",ai_generated,0.9992,0.0008,0.9992
post_b658ba7c,user_00094,can't believe it's already January. where did the year go??,2024-01-17T13:43:50.754009+00:00,twitter,,,12,164,3,human,can't believe it's already january. where did the year go??,human,0.9992,0.9992,0.0008
post_e46db5d8,user_00053,my hamster is being so annoying today lmao,2024-02-19T09:37:26.792404+00:00,reddit,,,1,196,38,human,my hamster is being so annoying today lmao,human,0.9995,0.9995,0.0005
post_9fce9b22,user_00018,does anyone else feel like crypto is totally overrated?,2024-02-04T22:25:29.053465+00:00,twitter,,,6,869,114,human,does anyone else feel like crypto is totally overrated?,human,0.9995,0.9995,0.0005
post_5e1f9f8a,user_00227,woke up at 4:30am for no reason and now i can't sleep. hate this,2024-03-07T20:46:44.734704+00:00,facebook,,,7,61,1205,human,woke up at 4:30am for no reason and now i can't sleep. hate this,human,0.9995,0.9995,0.0005
post_cb7dbf90,user_00118,you guys i just found out I misunderstood everything. my whole life is a lie,2024-03-15T14:51:04.834944+00:00,facebook,,,20,627,8,human,you guys i just found out i misunderstood everything. my whole life is a lie,human,0.9953,0.9953,0.0047
post_9e61a3d6,user_00185,my cat is being so annoying today lmao,2024-06-03T14:24:57.236506+00:00,facebook,,,16,153,19,human,my cat is being so annoying today lmao,human,0.9995,0.9995,0.0005
post_90f6ce01,user_00110,just had the best biryani at this tiny spot downtown! totally worth it 😊,2024-02-13T01:09:24.882935+00:00,facebook,,post_1096aee2,10,97,187,human,just had the best biryani at this tiny spot downtown! totally worth it 😊,human,0.9995,0.9995,0.0005
post_846e313f,user_00192,The data clearly indicates that digital transformation is reshaping healthcare. Forward-thinking leaders must adapt their strategies to remain competitive. Leveraging cloud infrastructure will be paramount in this transition.,2024-03-02T18:31:42.518045+00:00,mastodon,,post_8e69d4d4,18,8599,15,ai_generated,the data clearly indicates that digital transformation is reshaping healthcare. forward-thinking leaders must adapt their strategies to remain competitive. leveraging cloud infrastructure will be paramount in this transition.,ai_generated,0.9992,0.0008,0.9992
post_f441ccd0,user_00038,ok why does everyone suddenly care about AI adoption? been saying this for years,2024-04-21T19:39:43.587619+00:00,facebook,,post_18d1b82e,0,137,86,human,ok why does everyone suddenly care about ai adoption? been saying this for years,human,0.9993,0.9993,0.0007
post_24db5b00,user_00055,just had the best pizza at my friend's place! totally worth it 😊,2024-02-14T20:07:40.731037+00:00,facebook,,,6,35,1123,human,just had the best pizza at my friend's place! totally worth it 😊,human,0.9995,0.9995,0.0005
post_533dcef6,user_00155,woke up at 4:30am for no reason and now i can't sleep. hate this,2024-02-15T05:14:40.291604+00:00,reddit,,,4,762,1277,human,woke up at 4:30am for no reason and now i can't sleep. hate this,human,0.9995,0.9995,0.0005
post_23955d53,user_00146,"Key considerations for veganism: 1) Prioritize scalability from day one. 2) Build cross-functional alignment early. 3) Measure outcomes with clear KPIs. By addressing these dimensions, stakeholders can achieve sustainable outcomes aligned with organizational objectives.",2024-02-06T05:33:03.135114+00:00,twitter,,,39,894,47,ai_generated,"key considerations for veganism: 1) prioritize scalability from day one. 2) build cross-functional alignment early. 3) measure outcomes with clear kpis. by addressing these dimensions, stakeholders can achieve sustainable outcomes aligned with organizational objectives.",ai_generated,0.9991,0.0009,0.9991
post_39ba3e44,user_00101,"As we navigate the evolving landscape of education, it becomes increasingly important to consider the multifaceted implications of personalization. A comprehensive framework for analysis should incorporate both quantitative metrics and regulatory frameworks to yield meaningful insights.",2024-05-08T23:14:30.180479+00:00,facebook,,,42,661,34,ai_generated,"as we navigate the evolving landscape of education, it becomes increasingly important to consider the multifaceted implications of personalization. a comprehensive framework for analysis should incorporate both quantitative metrics and regulatory frameworks to yield meaningful insights.",ai_generated,0.9992,0.0008,0.9992
post_1d252880,user_00197,my hamster is being so annoying today lmao,2024-06-05T15:32:35.681114+00:00,mastodon,,post_5d22c590,3,76,93,human,my hamster is being so annoying today lmao,human,0.9995,0.9995,0.0005
post_df157152,user_00128,The data clearly indicates that digital transformation is reshaping finance. Forward-thinking leaders must adapt their strategies to remain competitive. Leveraging machine learning will be paramount in this transition.,2024-05-13T09:11:46.765581+00:00,twitter,,post_af189ab0,35,646,34,ai_generated,the data clearly indicates that digital transformation is reshaping finance. forward-thinking leaders must adapt their strategies to remain competitive. leveraging machine learning will be paramount in this transition.,ai_generated,0.9984,0.0016,0.9984
post_3c937584,user_00109,The intersection of digital transformation and talent management presents significant opportunities for innovation. Organizations that prioritize agile methodologies will be well-positioned to capitalize on emerging trends in the coming quarters.,2024-01-06T14:03:36.217731+00:00,reddit,,,95,315,7,ai_generated,the intersection of digital transformation and talent management presents significant opportunities for innovation. organizations that prioritize agile methodologies will be well-positioned to capitalize on emerging trends in the coming quarters.,ai_generated,0.9991,0.0009,0.9991
post_f319c769,user_00299,"Key considerations for veganism: 1) Prioritize scalability from day one. 2) Build cross-functional alignment early. 3) Measure outcomes with clear KPIs. By addressing these dimensions, stakeholders can achieve sustainable outcomes aligned with organizational objectives.",2024-03-04T07:14:16.529254+00:00,reddit,,,31,901,27,ai_generated,"key considerations for veganism: 1) prioritize scalability from day one. 2) build cross-functional alignment early. 3) measure outcomes with clear kpis. by addressing these dimensions, stakeholders can achieve sustainable outcomes aligned with organizational objectives.",ai_generated,0.9991,0.0009,0.9991
post_5f300651,user_00029,just had the best pizza at this tiny spot downtown! totally worth it 😊,2024-04-29T13:34:31.751010+00:00,twitter,,,8,48,767,human,just had the best pizza at this tiny spot downtown! totally worth it 😊,human,0.9995,0.9995,0.0005
post_646892f0,user_00274,"As we navigate the evolving landscape of healthcare, it becomes increasingly important to consider the multifaceted implications of resilience. A comprehensive framework for analysis should incorporate both market signals and technological constraints to yield meaningful insights.",2024-01-16T12:37:06.201530+00:00,mastodon,,,63,866,105,ai_generated,"as we navigate the evolving landscape of healthcare, it becomes increasingly important to consider the multifaceted implications of resilience. a comprehensive framework for analysis should incorporate both market signals and technological constraints to yield meaningful insights.",ai_generated,0.9992,0.0008,0.9992
post_16128650,user_00129,The intersection of artificial intelligence and talent management presents significant opportunities for innovation. Organizations that prioritize data-driven decision-making will be well-positioned to capitalize on emerging trends in the coming quarters.,2024-02-24T05:29:48.676428+00:00,twitter,,post_2850b529,28,292,61,ai_generated,the intersection of artificial intelligence and talent management presents significant opportunities for innovation. organizations that prioritize data-driven decision-making will be well-positioned to capitalize on emerging trends in the coming quarters.,ai_generated,0.9989,0.0011,0.9989
post_0c933335,user_00296,The intersection of artificial intelligence and supply chain optimization presents significant opportunities for innovation. Organizations that prioritize data-driven decision-making will be well-positioned to capitalize on emerging trends in the coming quarters.,2024-02-28T22:27:30.081547+00:00,reddit,,post_a8859dc4,32,1960,51,ai_generated,the intersection of artificial intelligence and supply chain optimization presents significant opportunities for innovation. organizations that prioritize data-driven decision-making will be well-positioned to capitalize on emerging trends in the coming quarters.,ai_generated,0.9991,0.0009,0.9991
post_cd46957a,user_00025,"As we navigate the evolving landscape of finance, it becomes increasingly important to consider the multifaceted implications of scalability. A comprehensive framework for analysis should incorporate both market signals and behavioral patterns to yield meaningful insights.",2024-04-21T10:47:17.607034+00:00,mastodon,,,22,172,18,ai_generated,"as we navigate the evolving landscape of finance, it becomes increasingly important to consider the multifaceted implications of scalability. a comprehensive framework for analysis should incorporate both market signals and behavioral patterns to yield meaningful insights.",ai_generated,0.9992,0.0008,0.9992
post_eb29141c,user_00276,ok why does everyone suddenly care about AI adoption? been saying this for years,2024-01-04T23:48:41.603021+00:00,mastodon,,post_f1911a27,4,196,40,human,ok why does everyone suddenly care about ai adoption? been saying this for years,human,0.9993,0.9993,0.0007
post_8b30505f,user_00283,throwback to that time when we got completely lost. good times fr,2024-02-13T14:48:17.223059+00:00,mastodon,,,17,102,61,human,throwback to that time when we got completely lost. good times fr,human,0.9995,0.9995,0.0005
post_53981cf4,user_00040,The intersection of digital transformation and supply chain optimization presents significant opportunities for innovation. Organizations that prioritize agile methodologies will be well-positioned to capitalize on emerging trends in the coming quarters.,2024-03-15T07:25:16.235545+00:00,twitter,,post_8cd6ffa0,9,2100,83,ai_generated,the intersection of digital transformation and supply chain optimization presents significant opportunities for innovation. organizations that prioritize agile methodologies will be well-positioned to capitalize on emerging trends in the coming quarters.,ai_generated,0.999,0.001,0.999
post_debed8d0,user_00288,"As we navigate the evolving landscape of education, it becomes increasingly important to consider the multifaceted implications of personalization. A comprehensive framework for analysis should incorporate both quantitative metrics and technological constraints to yield meaningful insights.",2024-04-21T05:31:13.656151+00:00,twitter,,,65,875,64,ai_generated,"as we navigate the evolving landscape of education, it becomes increasingly important to consider the multifaceted implications of personalization. a comprehensive framework for analysis should incorporate both quantitative metrics and technological constraints to yield meaningful insights.",ai_generated,0.9992,0.0008,0.9992
post_2b7a105c,user_00211,you guys i just found out this has been happening for years. my whole life is a lie,2024-01-05T20:48:30.951028+00:00,twitter,,,0,2082,168,human,you guys i just found out this has been happening for years. my whole life is a lie,human,0.9992,0.9992,0.0008
post_b753c2ab,user_00294,honestly excited about that whole situation rn. mixed feelings for sure,2024-02-04T00:04:01.167118+00:00,facebook,,,23,75,67,human,honestly excited about that whole situation rn. mixed feelings for sure,human,0.9993,0.9993,0.0007
post_7b5d9656,user_00255,"As we navigate the evolving landscape of retail, it becomes increasingly important to consider the multifaceted implications of resilience. A comprehensive framework for analysis should incorporate both qualitative feedback and technological constraints to yield meaningful insights.",2024-04-27T19:18:56.272668+00:00,twitter,,,76,2126,79,ai_generated,"as we navigate the evolving landscape of retail, it becomes increasingly important to consider the multifaceted implications of resilience. a comprehensive framework for analysis should incorporate both qualitative feedback and technological constraints to yield meaningful insights.",ai_generated,0.9992,0.0008,0.9992
post_b69237db,user_00250,can't believe it's already January. where did the year go??,2024-03-04T15:10:26.317213+00:00,facebook,,,41,834,139,human,can't believe it's already january. where did the year go??,human,0.9991,0.9991,0.0009
post_4935b6eb,user_00264,"As we navigate the evolving landscape of retail, it becomes increasingly important to consider the multifaceted implications of resilience. A comprehensive framework for analysis should incorporate both market signals and technological constraints to yield meaningful insights.",2024-06-17T20:20:24.294901+00:00,twitter,,,62,415,43,ai_generated,"as we navigate the evolving landscape of retail, it becomes increasingly important to consider the multifaceted implications of resilience. a comprehensive framework for analysis should incorporate both market signals and technological constraints to yield meaningful insights.",ai_generated,0.9992,0.0008,0.9992
post_8ddeb124,user_00199,The intersection of artificial intelligence and supply chain optimization presents significant opportunities for innovation. Organizations that prioritize agile methodologies will be well-positioned to capitalize on emerging trends in the coming quarters.,2024-04-08T01:40:42.019565+00:00,reddit,,,160,3219,76,ai_generated,the intersection of artificial intelligence and supply chain optimization presents significant opportunities for innovation. organizations that prioritize agile methodologies will be well-positioned to capitalize on emerging trends in the coming quarters.,ai_generated,0.9992,0.0008,0.9992
post_6c43b646,user_00284,"Key considerations for remote work: 1) Prioritize scalability from day one. 2) Build cross-functional alignment early. 3) Measure outcomes with clear KPIs. By addressing these dimensions, stakeholders can achieve sustainable outcomes aligned with organizational objectives.",2024-06-16T23:42:08.113321+00:00,mastodon,,,47,4384,107,ai_generated,"key considerations for remote work: 1) prioritize scalability from day one. 2) build cross-functional alignment early. 3) measure outcomes with clear kpis. by addressing these dimensions, stakeholders can achieve sustainable outcomes aligned with organizational objectives.",ai_generated,0.9992,0.0008,0.9992
post_e25317df,user_00133,just had the best tacos at my friend's place! totally worth it 😊,2024-06-18T04:35:06.230914+00:00,facebook,,,18,1693,172,human,just had the best tacos at my friend's place! totally worth it 😊,human,0.9994,0.9994,0.0006
post_fc1f96e5,user_00251,honestly whatever about the announcement rn. mixed feelings for sure,2024-03-27T10:55:12.844561+00:00,reddit,,,5,46,531,human,honestly whatever about the announcement rn. mixed feelings for sure,human,0.9995,0.9995,0.0005
post_71666fa6,user_00155,throwback to that time when we stayed up all night talking. good times fr,2024-03-16T08:27:56.862183+00:00,mastodon,,,19,113,16,human,throwback to that time when we stayed up all night talking. good times fr,human,0.9994,0.9994,0.0006
post_ab2b3b04,user_00079,you guys i just found out I misunderstood everything. my whole life is a lie,2024-06-12T08:55:46.659586+00:00,twitter,,,3,240,18,human,you guys i just found out i misunderstood everything. my whole life is a lie,human,0.999,0.999,0.001
post_d036bac3,user_00005,unpopular opinion: coffee is overrated. fight me,2024-02-01T02:06:13.341032+00:00,facebook,,,4,1013,331,human,unpopular opinion: coffee is overrated. fight me,human,0.9995,0.9995,0.0005
post_6cec63c0,user_00114,"As we navigate the evolving landscape of finance, it becomes increasingly important to consider the multifaceted implications of scalability. A comprehensive framework for analysis should incorporate both market signals and behavioral patterns to yield meaningful insights.",2024-02-13T20:29:25.226700+00:00,mastodon,,,54,2369,139,ai_generated,"as we navigate the evolving landscape of finance, it becomes increasingly important to consider the multifaceted implications of scalability. a comprehensive framework for analysis should incorporate both market signals and behavioral patterns to yield meaningful insights.",ai_generated,0.9992,0.0008,0.9992
post_95d41720,user_00056,throwback to that time when we stayed up all night talking. good times fr,2024-01-10T05:18:04.041465+00:00,reddit,,,6,74,226,human,throwback to that time when we stayed up all night talking. good times fr,human,0.9995,0.9995,0.0005
post_e2d8eac6,user_00135,can't believe it's already November. where did the year go??,2024-06-29T01:30:42.715121+00:00,reddit,,post_65db6e9d,6,11,880,human,can't believe it's already november. where did the year go??,human,0.9995,0.9995,0.0005
post_997e6626,user_00221,unpopular opinion: coffee is overrated. fight me,2024-01-30T10:00:50.555253+00:00,reddit,,,38,75,498,human,unpopular opinion: coffee is overrated. fight me,human,0.9995,0.9995,0.0005
post_e66c9cbc,user_00269,you guys i just found out I misunderstood everything. my whole life is a lie,2024-05-12T00:55:35.982005+00:00,twitter,,post_212859c4,24,4,311,human,you guys i just found out i misunderstood everything. my whole life is a lie,human,0.9994,0.9994,0.0006
post_2bee46b8,user_00092,woke up at 5am for no reason and now i can't sleep. hate this,2024-01-10T04:05:45.015377+00:00,facebook,,post_e7c6d9f2,4,184,10,human,woke up at 5am for no reason and now i can't sleep. hate this,human,0.9995,0.9995,0.0005
post_881e3924,user_00002,unpopular opinion: open offices are terrible. fight me,2024-01-14T00:03:02.426842+00:00,reddit,,,5,400,14,human,unpopular opinion: open offices are terrible. fight me,human,0.9995,0.9995,0.0005
post_748f4eaa,user_00040,you guys i just found out I misunderstood everything. my whole life is a lie,2024-01-23T06:22:38.192938+00:00,facebook,,,0,254,11,human,you guys i just found out i misunderstood everything. my whole life is a lie,human,0.998,0.998,0.002
post_e0bd1a0c,user_00120,"Key considerations for veganism: 1) Prioritize scalability from day one. 2) Build cross-functional alignment early. 3) Measure outcomes with clear KPIs. By addressing these dimensions, stakeholders can achieve sustainable outcomes aligned with organizational objectives.",2024-02-10T16:03:58.441759+00:00,reddit,,,22,1617,13,ai_generated,"key considerations for veganism: 1) prioritize scalability from day one. 2) build cross-functional alignment early. 3) measure outcomes with clear kpis. by addressing these dimensions, stakeholders can achieve sustainable outcomes aligned with organizational objectives.",ai_generated,0.9992,0.0008,0.9992
post_2da991f6,user_00190,honestly whatever about the announcement rn. mixed feelings for sure,2024-06-18T16:47:00.542795+00:00,mastodon,,,11,132,150,human,honestly whatever about the announcement rn. mixed feelings for sure,human,0.9994,0.9994,0.0006
post_9e4b062c,user_00011,you guys i just found out this has been happening for years. my whole life is a lie,2024-04-30T07:53:40.291429+00:00,mastodon,,,16,69,114,human,you guys i just found out this has been happening for years. my whole life is a lie,human,0.9991,0.9991,0.0009
post_627060cd,user_00125,woke up at 5am for no reason and now i can't sleep. hate this,2024-01-10T10:20:31.570900+00:00,twitter,,post_1935db16,6,27,20,human,woke up at 5am for no reason and now i can't sleep. hate this,human,0.9995,0.9995,0.0005
post_fc16f810,user_00199,does anyone else feel like meditation is totally overrated?,2024-04-18T07:35:28.397890+00:00,facebook,,,3,371,284,human,does anyone else feel like meditation is totally overrated?,human,0.9995,0.9995,0.0005
post_00ed62f1,user_00243,throwback to that time when we stayed up all night talking. good times fr,2024-05-20T00:34:23.644174+00:00,facebook,,,3,371,201,human,throwback to that time when we stayed up all night talking. good times fr,human,0.9995,0.9995,0.0005
post_3f7c3005,user_00241,The intersection of digital transformation and talent management presents significant opportunities for innovation. Organizations that prioritize data-driven decision-making will be well-positioned to capitalize on emerging trends in the coming quarters.,2024-01-23T13:41:38.326970+00:00,reddit,,,36,2666,21,ai_generated,the intersection of digital transformation and talent management presents significant opportunities for innovation. organizations that prioritize data-driven decision-making will be well-positioned to capitalize on emerging trends in the coming quarters.,ai_generated,0.9991,0.0009,0.9991
post_88b47834,user_00231,ok why does everyone suddenly care about remote collaboration? been saying this for years,2024-01-01T10:35:46.442690+00:00,facebook,,,5,161,386,human,ok why does everyone suddenly care about remote collaboration? been saying this for years,human,0.9991,0.9991,0.0009
post_a8859dc4,user_00065,can't believe it's already August. where did the year go??,2024-01-25T07:41:23.537155+00:00,reddit,,post_804c9406,1,239,31,human,can't believe it's already august. where did the year go??,human,0.9994,0.9994,0.0006
post_717cbf6e,user_00074,"Key considerations for crypto: 1) Prioritize scalability from day one. 2) Build cross-functional alignment early. 3) Measure outcomes with clear KPIs. By addressing these dimensions, stakeholders can achieve sustainable outcomes aligned with organizational objectives.",2024-01-03T08:30:26.819468+00:00,mastodon,,post_f21d0dcc,21,248,48,ai_generated,"key considerations for crypto: 1) prioritize scalability from day one. 2) build cross-functional alignment early. 3) measure outcomes with clear kpis. by addressing these dimensions, stakeholders can achieve sustainable outcomes aligned with organizational objectives.",ai_generated,0.999,0.001,0.999
post_ccde4705,user_00164,my fish is being so annoying today lmao,2024-04-28T02:10:09.111098+00:00,facebook,,,1,26,90,human,my fish is being so annoying today lmao,human,0.9995,0.9995,0.0005
post_f1d56ffb,user_00024,just had the best ramen at my friend's place! totally worth it 😊,2024-04-01T11:54:15.290234+00:00,facebook,,,5,15,18,human,just had the best ramen at my friend's place! totally worth it 😊,human,0.9995,0.9995,0.0005
post_d4e80e9c,user_00256,I'm excited to share insights on crypto. The evidence strongly suggests that outcomes improve with structured frameworks. This has profound implications for organizations worldwide. Let's discuss how we can leverage this for positive impact.,2024-02-18T22:13:23.062863+00:00,mastodon,,post_bc425b32,24,1816,22,ai_generated,i'm excited to share insights on crypto. the evidence strongly suggests that outcomes improve with structured frameworks. this has profound implications for organizations worldwide. let's discuss how we can leverage this for positive impact.,ai_generated,0.9991,0.0009,0.9991
post_5248139a,user_00284,throwback to that time when we stayed up all night talking. good times fr,2024-01-22T02:42:35.473135+00:00,facebook,,,8,16,117,human,throwback to that time when we stayed up all night talking. good times fr,human,0.9995,0.9995,0.0005
post_6c61e7eb,user_00161,"Key considerations for crypto: 1) Prioritize scalability from day one. 2) Build cross-functional alignment early. 3) Measure outcomes with clear KPIs. By addressing these dimensions, stakeholders can achieve sustainable outcomes aligned with organizational objectives.",2024-02-09T00:39:06.753094+00:00,facebook,,,61,2469,27,ai_generated,"key considerations for crypto: 1) prioritize scalability from day one. 2) build cross-functional alignment early. 3) measure outcomes with clear kpis. by addressing these dimensions, stakeholders can achieve sustainable outcomes aligned with organizational objectives.",ai_generated,0.9992,0.0008,0.9992
post_66f603fe,user_00123,throwback to that time when we stayed up all night talking. good times fr,2024-05-23T04:40:56.236346+00:00,reddit,,post_bc39c0ae,1,120,27,human,throwback to that time when we stayed up all night talking. good times fr,human,0.9995,0.9995,0.0005
post_3b8befeb,user_00293,I'm excited to share insights on remote work. The evidence strongly suggests that outcomes improve with structured frameworks. This has profound implications for communities worldwide. Let's discuss how we can leverage this for positive impact.,2024-01-31T08:12:43.290478+00:00,twitter,,,20,4808,96,ai_generated,i'm excited to share insights on remote work. the evidence strongly suggests that outcomes improve with structured frameworks. this has profound implications for communities worldwide. let's discuss how we can leverage this for positive impact.,ai_generated,0.9991,0.0009,0.9991
post_19cad7d1,user_00170,I'm excited to share insights on AI. The evidence strongly suggests that outcomes improve with structured frameworks. This has profound implications for communities worldwide. Let's discuss how we can leverage this for positive impact.,2024-03-19T22:19:18.236450+00:00,facebook,,,51,244,16,ai_generated,i'm excited to share insights on ai. the evidence strongly suggests that outcomes improve with structured frameworks. this has profound implications for communities worldwide. let's discuss how we can leverage this for positive impact.,ai_generated,0.9971,0.0029,0.9971
post_289bbe34,user_00280,The intersection of artificial intelligence and customer experience presents significant opportunities for innovation. Organizations that prioritize stakeholder alignment will be well-positioned to capitalize on emerging trends in the coming quarters.,2024-04-24T01:31:32.956441+00:00,mastodon,,,86,1351,22,ai_generated,the intersection of artificial intelligence and customer experience presents significant opportunities for innovation. organizations that prioritize stakeholder alignment will be well-positioned to capitalize on emerging trends in the coming quarters.,ai_generated,0.9992,0.0008,0.9992
post_7a0dd07f,user_00203,does anyone else feel like crypto is totally overrated?,2024-06-01T13:12:56.774290+00:00,twitter,,post_45822314,12,488,47,human,does anyone else feel like crypto is totally overrated?,human,0.9994,0.9994,0.0006
post_b63a5dea,user_00296,throwback to that time when we stayed up all night talking. good times fr,2024-06-03T14:19:20.250479+00:00,mastodon,,,1,194,257,human,throwback to that time when we stayed up all night talking. good times fr,human,0.9995,0.9995,0.0005
post_561c663c,user_00084,The intersection of sustainability and customer experience presents significant opportunities for innovation. Organizations that prioritize agile methodologies will be well-positioned to capitalize on emerging trends in the coming quarters.,2024-01-28T14:39:33.982297+00:00,facebook,,,59,604,98,ai_generated,the intersection of sustainability and customer experience presents significant opportunities for innovation. organizations that prioritize agile methodologies will be well-positioned to capitalize on emerging trends in the coming quarters.,ai_generated,0.9989,0.0011,0.9989
post_8d2b1afb,user_00054,throwback to that time when we got completely lost. good times fr,2024-04-25T21:47:20.555096+00:00,reddit,,,6,426,397,human,throwback to that time when we got completely lost. good times fr,human,0.9995,0.9995,0.0005
post_562608a2,user_00079,The data clearly indicates that AI adoption is reshaping retail. Forward-thinking leaders must adapt their strategies to remain competitive. Leveraging automation tools will be paramount in this transition.,2024-05-13T06:12:42.399206+00:00,facebook,,,13,1439,79,ai_generated,the data clearly indicates that ai adoption is reshaping retail. forward-thinking leaders must adapt their strategies to remain competitive. leveraging automation tools will be paramount in this transition.,ai_generated,0.9964,0.0036,0.9964
post_406fc336,user_00105,ok why does everyone suddenly care about AI adoption? been saying this for years,2024-02-14T12:32:00.528523+00:00,facebook,,,26,10866,108,human,ok why does everyone suddenly care about ai adoption? been saying this for years,human,0.9951,0.9951,0.0049
post_26dc9ed9,user_00188,you guys i just found out I misunderstood everything. my whole life is a lie,2024-02-01T14:49:38.342551+00:00,twitter,,,6,147,18,human,you guys i just found out i misunderstood everything. my whole life is a lie,human,0.999,0.999,0.001
post_c925cb3e,user_00176,The intersection of sustainability and supply chain optimization presents significant opportunities for innovation. Organizations that prioritize stakeholder alignment will be well-positioned to capitalize on emerging trends in the coming quarters.,2024-03-24T18:30:56.666904+00:00,mastodon,,,46,488,23,ai_generated,the intersection of sustainability and supply chain optimization presents significant opportunities for innovation. organizations that prioritize stakeholder alignment will be well-positioned to capitalize on emerging trends in the coming quarters.,ai_generated,0.999,0.001,0.999
post_76ccd661,user_00095,I'm excited to share insights on AI. The evidence strongly suggests that outcomes improve with structured frameworks. This has profound implications for organizations worldwide. Let's discuss how we can leverage this for positive impact.,2024-05-25T13:26:32.461524+00:00,reddit,,,9,566,148,ai_generated,i'm excited to share insights on ai. the evidence strongly suggests that outcomes improve with structured frameworks. this has profound implications for organizations worldwide. let's discuss how we can leverage this for positive impact.,ai_generated,0.9988,0.0012,0.9988
post_0f4f37c1,user_00008,my fish is being so annoying today lmao,2024-03-09T11:47:19.208761+00:00,facebook,,,54,70,60,human,my fish is being so annoying today lmao,human,0.9995,0.9995,0.0005
post_fbf62842,user_00004,throwback to that time when we got completely lost. good times fr,2024-03-13T08:00:21.907299+00:00,facebook,,,1,83,79,human,throwback to that time when we got completely lost. good times fr,human,0.9995,0.9995,0.0005
post_41aeee57,user_00125,woke up at 5am for no reason and now i can't sleep. hate this,2024-04-04T23:46:47.276308+00:00,twitter,,,23,38,36,human,woke up at 5am for no reason and now i can't sleep. hate this,human,0.9995,0.9995,0.0005
post_985f6a13,user_00047,The intersection of sustainability and supply chain optimization presents significant opportunities for innovation. Organizations that prioritize data-driven decision-making will be well-positioned to capitalize on emerging trends in the coming quarters.,2024-01-29T04:08:58.613336+00:00,mastodon,,,23,354,47,ai_generated,the intersection of sustainability and supply chain optimization presents significant opportunities for innovation. organizations that prioritize data-driven decision-making will be well-positioned to capitalize on emerging trends in the coming quarters.,ai_generated,0.9989,0.0011,0.9989
post_55059053,user_00023,ok why does everyone suddenly care about digital transformation? been saying this for years,2024-02-15T05:56:32.854199+00:00,reddit,,post_375dcff5,19,358,79,human,ok why does everyone suddenly care about digital transformation? been saying this for years,human,0.9979,0.9979,0.0021
post_e5b23aa5,user_00100,honestly conflicted about what happened yesterday rn. mixed feelings for sure,2024-03-25T18:23:03.849764+00:00,reddit,,,4,223,62,human,honestly conflicted about what happened yesterday rn. mixed feelings for sure,human,0.9993,0.9993,0.0007
post_eda7e58e,user_00052,"Key considerations for meditation: 1) Prioritize scalability from day one. 2) Build cross-functional alignment early. 3) Measure outcomes with clear KPIs. By addressing these dimensions, stakeholders can achieve sustainable outcomes aligned with organizational objectives.",2024-01-25T06:33:48.237229+00:00,facebook,,,58,3537,32,ai_generated,"key considerations for meditation: 1) prioritize scalability from day one. 2) build cross-functional alignment early. 3) measure outcomes with clear kpis. by addressing these dimensions, stakeholders can achieve sustainable outcomes aligned with organizational objectives.",ai_generated,0.9992,0.0008,0.9992
post_a26b452f,user_00207,can't believe it's already November. where did the year go??,2024-04-09T08:46:28.754307+00:00,facebook,,,10,365,46,human,can't believe it's already november. where did the year go??,human,0.9993,0.9993,0.0007
post_272a8e2d,user_00099,"Key considerations for AI: 1) Prioritize scalability from day one. 2) Build cross-functional alignment early. 3) Measure outcomes with clear KPIs. By addressing these dimensions, stakeholders can achieve sustainable outcomes aligned with organizational objectives.",2024-03-08T00:53:02.835276+00:00,facebook,,,33,1036,41,ai_generated,"key considerations for ai: 1) prioritize scalability from day one. 2) build cross-functional alignment early. 3) measure outcomes with clear kpis. by addressing these dimensions, stakeholders can achieve sustainable outcomes aligned with organizational objectives.",ai_generated,0.9991,0.0009,0.9991
post_a7c0c2cd,user_00000,you guys i just found out I misunderstood everything. my whole life is a lie,2024-06-22T20:32:39.606727+00:00,facebook,,post_41fda3fc,4,1705,1019,human,you guys i just found out i misunderstood everything. my whole life is a lie,human,0.9993,0.9993,0.0007
post_f38ccfcd,user_00207,throwback to that time when we got completely lost. good times fr,2024-05-11T13:35:13.012392+00:00,reddit,,,6,167,121,human,throwback to that time when we got completely lost. good times fr,human,0.9995,0.9995,0.0005
post_858e4aae,user_00104,The intersection of digital transformation and customer experience presents significant opportunities for innovation. Organizations that prioritize data-driven decision-making will be well-positioned to capitalize on emerging trends in the coming quarters.,2024-05-16T20:01:59.469353+00:00,facebook,,,63,1347,35,ai_generated,the intersection of digital transformation and customer experience presents significant opportunities for innovation. organizations that prioritize data-driven decision-making will be well-positioned to capitalize on emerging trends in the coming quarters.,ai_generated,0.9991,0.0009,0.9991
post_f8ae09a1,user_00039,ok why does everyone suddenly care about AI adoption? been saying this for years,2024-06-22T12:59:23.266272+00:00,facebook,,,11,462,109,human,ok why does everyone suddenly care about ai adoption? been saying this for years,human,0.999,0.999,0.001
post_66d94f24,user_00101,woke up at 5am for no reason and now i can't sleep. hate this,2024-02-20T17:48:21.143325+00:00,reddit,,,14,1,25,human,woke up at 5am for no reason and now i can't sleep. hate this,human,0.9995,0.9995,0.0005
post_13c1d96d,user_00023,honestly whatever about what happened yesterday rn. mixed feelings for sure,2024-06-03T20:54:33.756031+00:00,mastodon,,,12,496,40,human,honestly whatever about what happened yesterday rn. mixed feelings for sure,human,0.9991,0.9991,0.0009
post_8a2b6b19,user_00198,The data clearly indicates that remote collaboration is reshaping healthcare. Forward-thinking leaders must adapt their strategies to remain competitive. Leveraging automation tools will be paramount in this transition.,2024-02-18T18:31:59.970454+00:00,mastodon,,,22,2694,34,ai_generated,the data clearly indicates that remote collaboration is reshaping healthcare. forward-thinking leaders must adapt their strategies to remain competitive. leveraging automation tools will be paramount in this transition.,ai_generated,0.9987,0.0013,0.9987
post_cae1c1c3,user_00109,my cat is being so annoying today lmao,2024-01-08T22:17:00.810887+00:00,reddit,,post_0895364a,3,43,188,human,my cat is being so annoying today lmao,human,0.9995,0.9995,0.0005
post_d3cb8c26,user_00192,unpopular opinion: coffee is overrated. fight me,2024-05-05T22:38:37.404367+00:00,reddit,,post_fc1f96e5,43,82,77,human,unpopular opinion: coffee is overrated. fight me,human,0.9995,0.9995,0.0005
post_96d52646,user_00008,The intersection of artificial intelligence and supply chain optimization presents significant opportunities for innovation. Organizations that prioritize agile methodologies will be well-positioned to capitalize on emerging trends in the coming quarters.,2024-01-21T10:01:28.900873+00:00,reddit,,,27,1224,73,ai_generated,the intersection of artificial intelligence and supply chain optimization presents significant opportunities for innovation. organizations that prioritize agile methodologies will be well-positioned to capitalize on emerging trends in the coming quarters.,ai_generated,0.999,0.001,0.999
post_07ae93e7,user_00061,"As we navigate the evolving landscape of retail, it becomes increasingly important to consider the multifaceted implications of resilience. A comprehensive framework for analysis should incorporate both quantitative metrics and regulatory frameworks to yield meaningful insights.",2024-03-24T02:46:42.121603+00:00,twitter,,,51,247,11,ai_generated,"as we navigate the evolving landscape of retail, it becomes increasingly important to consider the multifaceted implications of resilience. a comprehensive framework for analysis should incorporate both quantitative metrics and regulatory frameworks to yield meaningful insights.",ai_generated,0.9992,0.0008,0.9992
post_a6fc624f,user_00161,woke up at 4:30am for no reason and now i can't sleep. hate this,2024-06-16T00:22:43.076152+00:00,mastodon,,post_26f17c14,4,67,23,human,woke up at 4:30am for no reason and now i can't sleep. hate this,human,0.9995,0.9995,0.0005
post_898082bf,user_00108,I'm excited to share insights on remote work. The evidence strongly suggests that outcomes improve with structured frameworks. This has profound implications for practitioners worldwide. Let's discuss how we can leverage this for positive impact.,2024-02-01T03:36:55.009641+00:00,mastodon,,,28,1506,59,ai_generated,i'm excited to share insights on remote work. the evidence strongly suggests that outcomes improve with structured frameworks. this has profound implications for practitioners worldwide. let's discuss how we can leverage this for positive impact.,ai_generated,0.9991,0.0009,0.9991
post_7bdb9f1d,user_00104,The data clearly indicates that AI adoption is reshaping healthcare. Forward-thinking leaders must adapt their strategies to remain competitive. Leveraging automation tools will be paramount in this transition.,2024-06-17T05:34:19.720677+00:00,facebook,,,31,4009,16,ai_generated,the data clearly indicates that ai adoption is reshaping healthcare. forward-thinking leaders must adapt their strategies to remain competitive. leveraging automation tools will be paramount in this transition.,ai_generated,0.999,0.001,0.999
post_87cd2e22,user_00260,throwback to that time when we got completely lost. good times fr,2024-02-02T21:48:22.779003+00:00,reddit,,,8,490,38,human,throwback to that time when we got completely lost. good times fr,human,0.9995,0.9995,0.0005
post_a44b1c85,user_00052,throwback to that time when we got completely lost. good times fr,2024-03-09T06:54:44.311977+00:00,mastodon,,,0,174,249,human,throwback to that time when we got completely lost. good times fr,human,0.9995,0.9995,0.0005
post_8b71f15e,user_00156,ok why does everyone suddenly care about remote collaboration? been saying this for years,2024-04-01T05:05:05.270946+00:00,facebook,,,13,221,100,human,ok why does everyone suddenly care about remote collaboration? been saying this for years,human,0.9988,0.9988,0.0012
post_6420e7da,user_00068,honestly nervous about the announcement rn. mixed feelings for sure,2024-06-16T22:46:58.092706+00:00,mastodon,,,14,968,433,human,honestly nervous about the announcement rn. mixed feelings for sure,human,0.9994,0.9994,0.0006
post_54f364dc,user_00284,honestly conflicted about that whole situation rn. mixed feelings for sure,2024-01-15T14:52:21.079188+00:00,reddit,,,38,285,69,human,honestly conflicted about that whole situation rn. mixed feelings for sure,human,0.999,0.999,0.001
post_ed479f3d,user_00216,ok why does everyone suddenly care about digital transformation? been saying this for years,2024-01-01T16:54:58.218767+00:00,twitter,,post_e483671b,8,40,12,human,ok why does everyone suddenly care about digital transformation? been saying this for years,human,0.9986,0.9986,0.0014
post_50b919da,user_00032,my cat is being so annoying today lmao,2024-05-14T15:54:47.071393+00:00,facebook,,,6,388,78,human,my cat is being so annoying today lmao,human,0.9995,0.9995,0.0005
post_5fa65b4d,user_00140,just had the best ramen at a random food truck! totally worth it 😊,2024-02-09T10:15:57.690011+00:00,mastodon,,post_f5e5ffc5,0,403,87,human,just had the best ramen at a random food truck! totally worth it 😊,human,0.9995,0.9995,0.0005
post_333f2cb3,user_00063,you guys i just found out I misunderstood everything. my whole life is a lie,2024-03-07T21:25:08.608850+00:00,mastodon,,,0,290,354,human,you guys i just found out i misunderstood everything. my whole life is a lie,human,0.9994,0.9994,0.0006
post_f6e60ae8,user_00289,my fish is being so annoying today lmao,2024-02-07T10:41:58.026603+00:00,reddit,,,4,85,128,human,my fish is being so annoying today lmao,human,0.9995,0.9995,0.0005
post_4451989b,user_00082,ok why does everyone suddenly care about remote collaboration? been saying this for years,2024-01-28T02:52:25.770775+00:00,reddit,,,2,294,18,human,ok why does everyone suddenly care about remote collaboration? been saying this for years,human,0.9985,0.9985,0.0015
post_4b5c0015,user_00181,can't believe it's already August. where did the year go??,2024-05-08T16:05:45.937597+00:00,twitter,,,6,33,37,human,can't believe it's already august. where did the year go??,human,0.9995,0.9995,0.0005
post_b2720e11,user_00044,you guys i just found out I misunderstood everything. my whole life is a lie,2024-02-13T14:34:49.034613+00:00,reddit,,,19,300,125,human,you guys i just found out i misunderstood everything. my whole life is a lie,human,0.9989,0.9989,0.0011
post_dec2d081,user_00130,unpopular opinion: open offices are terrible. fight me,2024-03-10T05:39:13.836720+00:00,facebook,,,2,722,43,human,unpopular opinion: open offices are terrible. fight me,human,0.9995,0.9995,0.0005
post_482449e9,user_00083,"Key considerations for AI: 1) Prioritize scalability from day one. 2) Build cross-functional alignment early. 3) Measure outcomes with clear KPIs. By addressing these dimensions, stakeholders can achieve sustainable outcomes aligned with organizational objectives.",2024-06-26T00:10:13.419191+00:00,facebook,,,4,1818,15,ai_generated,"key considerations for ai: 1) prioritize scalability from day one. 2) build cross-functional alignment early. 3) measure outcomes with clear kpis. by addressing these dimensions, stakeholders can achieve sustainable outcomes aligned with organizational objectives.",ai_generated,0.9991,0.0009,0.9991
post_8634f3ae,user_00255,just had the best ramen at a random food truck! totally worth it 😊,2024-05-04T20:16:57.144164+00:00,reddit,,,1,146,139,human,just had the best ramen at a random food truck! totally worth it 😊,human,0.9995,0.9995,0.0005
post_1c70019b,user_00146,throwback to that time when we stayed up all night talking. good times fr,2024-04-06T16:56:16.339311+00:00,mastodon,,post_a332784b,2,27,27,human,throwback to that time when we stayed up all night talking. good times fr,human,0.9995,0.9995,0.0005
post_662f1ae8,user_00245,throwback to that time when we stayed up all night talking. good times fr,2024-04-20T02:27:30.557821+00:00,twitter,,,2,150,55,human,throwback to that time when we stayed up all night talking. good times fr,human,0.9995,0.9995,0.0005
post_3cfb7f7b,user_00147,just had the best pasta at a random food truck! totally worth it 😊,2024-01-27T02:13:07.157692+00:00,twitter,,,15,11,79,human,just had the best pasta at a random food truck! totally worth it 😊,human,0.9995,0.9995,0.0005
post_4b9396d4,user_00010,"Key considerations for crypto: 1) Prioritize scalability from day one. 2) Build cross-functional alignment early. 3) Measure outcomes with clear KPIs. By addressing these dimensions, stakeholders can achieve sustainable outcomes aligned with organizational objectives.",2024-02-25T00:53:15.166530+00:00,mastodon,,,59,1345,37,ai_generated,"key considerations for crypto: 1) prioritize scalability from day one. 2) build cross-functional alignment early. 3) measure outcomes with clear kpis. by addressing these dimensions, stakeholders can achieve sustainable outcomes aligned with organizational objectives.",ai_generated,0.9992,0.0008,0.9992
post_f2d9b87e,user_00187,The intersection of sustainability and supply chain optimization presents significant opportunities for innovation. Organizations that prioritize agile methodologies will be well-positioned to capitalize on emerging trends in the coming quarters.,2024-02-06T07:15:19.626621+00:00,reddit,,,40,6180,40,ai_generated,the intersection of sustainability and supply chain optimization presents significant opportunities for innovation. organizations that prioritize agile methodologies will be well-positioned to capitalize on emerging trends in the coming quarters.,ai_generated,0.9991,0.0009,0.9991
post_efeeca4c,user_00260,I'm excited to share insights on crypto. The evidence strongly suggests that outcomes improve with structured frameworks. This has profound implications for practitioners worldwide. Let's discuss how we can leverage this for positive impact.,2024-03-29T17:13:18.092863+00:00,mastodon,,,3,10117,8,ai_generated,i'm excited to share insights on crypto. the evidence strongly suggests that outcomes improve with structured frameworks. this has profound implications for practitioners worldwide. let's discuss how we can leverage this for positive impact.,ai_generated,0.9988,0.0012,0.9988
post_f1dc7eb1,user_00053,does anyone else feel like remote work is totally overrated?,2024-01-09T02:57:36.435013+00:00,mastodon,,,0,1365,71,human,does anyone else feel like remote work is totally overrated?,human,0.9994,0.9994,0.0006
post_fefe7813,user_00224,you guys i just found out I misunderstood everything. my whole life is a lie,2024-01-26T03:10:13.526564+00:00,mastodon,,,12,130,128,human,you guys i just found out i misunderstood everything. my whole life is a lie,human,0.999,0.999,0.001
post_5a60ca7a,user_00135,The intersection of artificial intelligence and customer experience presents significant opportunities for innovation. Organizations that prioritize stakeholder alignment will be well-positioned to capitalize on emerging trends in the coming quarters.,2024-04-20T13:27:13.622040+00:00,facebook,,,69,972,36,ai_generated,the intersection of artificial intelligence and customer experience presents significant opportunities for innovation. organizations that prioritize stakeholder alignment will be well-positioned to capitalize on emerging trends in the coming quarters.,ai_generated,0.9991,0.0009,0.9991
post_499b6405,user_00052,The data clearly indicates that remote collaboration is reshaping finance. Forward-thinking leaders must adapt their strategies to remain competitive. Leveraging cloud infrastructure will be paramount in this transition.,2024-04-22T03:09:25.006983+00:00,reddit,,,6,10684,102,ai_generated,the data clearly indicates that remote collaboration is reshaping finance. forward-thinking leaders must adapt their strategies to remain competitive. leveraging cloud infrastructure will be paramount in this transition.,ai_generated,0.9988,0.0012,0.9988
post_f4861f5b,user_00110,just had the best sushi at my friend's place! totally worth it 😊,2024-04-05T04:21:30.827884+00:00,facebook,,,5,227,41,human,just had the best sushi at my friend's place! totally worth it 😊,human,0.9995,0.9995,0.0005
post_74c24092,user_00050,just had the best pasta at a random food truck! totally worth it 😊,2024-05-03T19:17:47.219529+00:00,facebook,,,10,22,166,human,just had the best pasta at a random food truck! totally worth it 😊,human,0.9995,0.9995,0.0005
post_95231c54,user_00115,just had the best tacos at a random food truck! totally worth it 😊,2024-04-16T03:19:48.341484+00:00,mastodon,,,58,3951,49,human,just had the best tacos at a random food truck! totally worth it 😊,human,0.9987,0.9987,0.0013
post_31c595a6,user_00073,does anyone else feel like remote work is totally overrated?,2024-03-22T14:46:33.313988+00:00,reddit,,,6,715,36,human,does anyone else feel like remote work is totally overrated?,human,0.9994,0.9994,0.0006
post_8bd956a2,user_00095,The data clearly indicates that digital transformation is reshaping healthcare. Forward-thinking leaders must adapt their strategies to remain competitive. Leveraging cloud infrastructure will be paramount in this transition.,2024-06-21T09:45:29.598569+00:00,reddit,,,63,977,100,ai_generated,the data clearly indicates that digital transformation is reshaping healthcare. forward-thinking leaders must adapt their strategies to remain competitive. leveraging cloud infrastructure will be paramount in this transition.,ai_generated,0.9988,0.0012,0.9988
post_f1911a27,user_00124,unpopular opinion: coffee is overrated. fight me,2024-06-12T07:53:41.761043+00:00,reddit,,,3,300,97,human,unpopular opinion: coffee is overrated. fight me,human,0.9995,0.9995,0.0005
post_19ece5a3,user_00109,"Key considerations for veganism: 1) Prioritize scalability from day one. 2) Build cross-functional alignment early. 3) Measure outcomes with clear KPIs. By addressing these dimensions, stakeholders can achieve sustainable outcomes aligned with organizational objectives.",2024-06-22T01:47:36.671661+00:00,reddit,,,14,7765,38,ai_generated,"key considerations for veganism: 1) prioritize scalability from day one. 2) build cross-functional alignment early. 3) measure outcomes with clear kpis. by addressing these dimensions, stakeholders can achieve sustainable outcomes aligned with organizational objectives.",ai_generated,0.9992,0.0008,0.9992
post_cc32555a,user_00113,ok why does everyone suddenly care about digital transformation? been saying this for years,2024-03-03T04:47:52.444932+00:00,reddit,,post_970b4163,4,6,186,human,ok why does everyone suddenly care about digital transformation? been saying this for years,human,0.9993,0.9993,0.0007
post_760232a3,user_00240,ok why does everyone suddenly care about digital transformation? been saying this for years,2024-03-17T09:15:06.030612+00:00,twitter,,post_8f613faa,16,23,1598,human,ok why does everyone suddenly care about digital transformation? been saying this for years,human,0.9994,0.9994,0.0006
post_72a05eee,user_00028,honestly conflicted about the announcement rn. mixed feelings for sure,2024-02-05T14:46:05.207810+00:00,twitter,,,4,52,190,human,honestly conflicted about the announcement rn. mixed feelings for sure,human,0.9994,0.9994,0.0006
post_62178797,user_00156,I'm excited to share insights on remote work. The evidence strongly suggests that outcomes improve with structured frameworks. This has profound implications for communities worldwide. Let's discuss how we can leverage this for positive impact.,2024-05-13T01:48:26.546479+00:00,twitter,,post_221a099d,13,1799,40,ai_generated,i'm excited to share insights on remote work. the evidence strongly suggests that outcomes improve with structured frameworks. this has profound implications for communities worldwide. let's discuss how we can leverage this for positive impact.,ai_generated,0.9991,0.0009,0.9991
post_84716b93,user_00062,just had the best ramen at this tiny spot downtown! totally worth it 😊,2024-06-21T11:31:21.599326+00:00,twitter,,,0,1514,57,human,just had the best ramen at this tiny spot downtown! totally worth it 😊,human,0.9995,0.9995,0.0005
post_730e22bc,user_00183,I'm excited to share insights on veganism. The evidence strongly suggests that outcomes improve with structured frameworks. This has profound implications for organizations worldwide. Let's discuss how we can leverage this for positive impact.,2024-01-07T03:33:30.521513+00:00,mastodon,,,30,704,36,ai_generated,i'm excited to share insights on veganism. the evidence strongly suggests that outcomes improve with structured frameworks. this has profound implications for organizations worldwide. let's discuss how we can leverage this for positive impact.,ai_generated,0.9991,0.0009,0.9991
post_61095a05,user_00025,woke up at 5am for no reason and now i can't sleep. hate this,2024-01-15T05:11:57.562397+00:00,mastodon,,,4,101,365,human,woke up at 5am for no reason and now i can't sleep. hate this,human,0.9995,0.9995,0.0005
post_8eedd46a,user_00171,I'm excited to share insights on remote work. The evidence strongly suggests that adoption rates have accelerated significantly. This has profound implications for organizations worldwide. Let's discuss how we can leverage this for positive impact.,2024-02-13T05:45:36.265649+00:00,facebook,,,35,2225,64,ai_generated,i'm excited to share insights on remote work. the evidence strongly suggests that adoption rates have accelerated significantly. this has profound implications for organizations worldwide. let's discuss how we can leverage this for positive impact.,ai_generated,0.9991,0.0009,0.9991
post_2133c248,user_00100,just had the best tacos at a random food truck! totally worth it 😊,2024-01-23T04:53:36.787180+00:00,reddit,,,1,39,618,human,just had the best tacos at a random food truck! totally worth it 😊,human,0.9995,0.9995,0.0005
post_631069b6,user_00286,you guys i just found out I misunderstood everything. my whole life is a lie,2024-02-01T16:22:23.786013+00:00,reddit,,,8,24,91,human,you guys i just found out i misunderstood everything. my whole life is a lie,human,0.9993,0.9993,0.0007
post_47b7a5a2,user_00278,The intersection of digital transformation and supply chain optimization presents significant opportunities for innovation. Organizations that prioritize data-driven decision-making will be well-positioned to capitalize on emerging trends in the coming quarters.,2024-03-18T09:16:47.408711+00:00,reddit,,,19,2684,35,ai_generated,the intersection of digital transformation and supply chain optimization presents significant opportunities for innovation. organizations that prioritize data-driven decision-making will be well-positioned to capitalize on emerging trends in the coming quarters.,ai_generated,0.9991,0.0009,0.9991
post_c0fdeaf2,user_00221,The intersection of artificial intelligence and supply chain optimization presents significant opportunities for innovation. Organizations that prioritize data-driven decision-making will be well-positioned to capitalize on emerging trends in the coming quarters.,2024-05-25T05:04:50.564679+00:00,mastodon,,post_46dee7b3,62,309,51,ai_generated,the intersection of artificial intelligence and supply chain optimization presents significant opportunities for innovation. organizations that prioritize data-driven decision-making will be well-positioned to capitalize on emerging trends in the coming quarters.,ai_generated,0.9991,0.0009,0.9991
post_f375e5f6,user_00064,The data clearly indicates that remote collaboration is reshaping healthcare. Forward-thinking leaders must adapt their strategies to remain competitive. Leveraging machine learning will be paramount in this transition.,2024-04-02T11:36:23.843335+00:00,facebook,,,53,2687,70,ai_generated,the data clearly indicates that remote collaboration is reshaping healthcare. forward-thinking leaders must adapt their strategies to remain competitive. leveraging machine learning will be paramount in this transition.,ai_generated,0.9988,0.0012,0.9988
post_1374cf59,user_00131,"Key considerations for AI: 1) Prioritize scalability from day one. 2) Build cross-functional alignment early. 3) Measure outcomes with clear KPIs. By addressing these dimensions, stakeholders can achieve sustainable outcomes aligned with organizational objectives.",2024-03-18T18:57:10.884458+00:00,facebook,,,110,1702,88,ai_generated,"key considerations for ai: 1) prioritize scalability from day one. 2) build cross-functional alignment early. 3) measure outcomes with clear kpis. by addressing these dimensions, stakeholders can achieve sustainable outcomes aligned with organizational objectives.",ai_generated,0.9992,0.0008,0.9992
post_b50eccea,user_00245,unpopular opinion: open offices are terrible. fight me,2024-01-06T14:11:54.542704+00:00,mastodon,,post_10743797,21,14,17,human,unpopular opinion: open offices are terrible. fight me,human,0.9995,0.9995,0.0005
post_0981b90e,user_00165,The data clearly indicates that remote collaboration is reshaping manufacturing. Forward-thinking leaders must adapt their strategies to remain competitive. Leveraging machine learning will be paramount in this transition.,2024-05-28T13:22:42.657482+00:00,mastodon,,,10,1217,7,ai_generated,the data clearly indicates that remote collaboration is reshaping manufacturing. forward-thinking leaders must adapt their strategies to remain competitive. leveraging machine learning will be paramount in this transition.,ai_generated,0.9987,0.0013,0.9987
post_41a48610,user_00164,does anyone else feel like meditation is totally overrated?,2024-05-09T10:15:53.296592+00:00,facebook,,,7,89,94,human,does anyone else feel like meditation is totally overrated?,human,0.9995,0.9995,0.0005
post_81bb5c3a,user_00101,my cat is being so annoying today lmao,2024-03-08T05:59:01.310342+00:00,facebook,,,3,114,37,human,my cat is being so annoying today lmao,human,0.9995,0.9995,0.0005
post_1df9573d,user_00158,just had the best pizza at this tiny spot downtown! totally worth it 😊,2024-01-22T04:01:07.609942+00:00,twitter,,post_7b65aaab,5,38,73,human,just had the best pizza at this tiny spot downtown! totally worth it 😊,human,0.9995,0.9995,0.0005
post_82065a64,user_00165,The data clearly indicates that remote collaboration is reshaping finance. Forward-thinking leaders must adapt their strategies to remain competitive. Leveraging machine learning will be paramount in this transition.,2024-02-04T10:44:14.054069+00:00,twitter,,,56,2429,77,ai_generated,the data clearly indicates that remote collaboration is reshaping finance. forward-thinking leaders must adapt their strategies to remain competitive. leveraging machine learning will be paramount in this transition.,ai_generated,0.9988,0.0012,0.9988
post_12377fd5,user_00010,The intersection of artificial intelligence and customer experience presents significant opportunities for innovation. Organizations that prioritize stakeholder alignment will be well-positioned to capitalize on emerging trends in the coming quarters.,2024-04-11T08:36:59.854992+00:00,facebook,,,112,103,13,ai_generated,the intersection of artificial intelligence and customer experience presents significant opportunities for innovation. organizations that prioritize stakeholder alignment will be well-positioned to capitalize on emerging trends in the coming quarters.,ai_generated,0.9991,0.0009,0.9991
post_cbc43578,user_00037,I'm excited to share insights on AI. The evidence strongly suggests that adoption rates have accelerated significantly. This has profound implications for organizations worldwide. Let's discuss how we can leverage this for positive impact.,2024-02-18T03:51:13.658421+00:00,facebook,,,22,3003,37,ai_generated,i'm excited to share insights on ai. the evidence strongly suggests that adoption rates have accelerated significantly. this has profound implications for organizations worldwide. let's discuss how we can leverage this for positive impact.,ai_generated,0.9991,0.0009,0.9991
post_a869dd9d,user_00078,unpopular opinion: open offices are terrible. fight me,2024-03-17T19:10:41.417312+00:00,mastodon,,,4,1453,22,human,unpopular opinion: open offices are terrible. fight me,human,0.9995,0.9995,0.0005
post_4ecac857,user_00111,honestly whatever about what happened yesterday rn. mixed feelings for sure,2024-06-19T14:14:24.237421+00:00,reddit,,,14,483,85,human,honestly whatever about what happened yesterday rn. mixed feelings for sure,human,0.9991,0.9991,0.0009
post_1529cf40,user_00098,I'm excited to share insights on remote work. The evidence strongly suggests that outcomes improve with structured frameworks. This has profound implications for communities worldwide. Let's discuss how we can leverage this for positive impact.,2024-02-26T20:57:22.219514+00:00,facebook,,,54,1841,13,ai_generated,i'm excited to share insights on remote work. the evidence strongly suggests that outcomes improve with structured frameworks. this has profound implications for communities worldwide. let's discuss how we can leverage this for positive impact.,ai_generated,0.9992,0.0008,0.9992
post_7fc9bdb1,user_00170,just had the best ramen at a random food truck! totally worth it 😊,2024-05-31T02:25:22.872724+00:00,facebook,,,4,197,381,human,just had the best ramen at a random food truck! totally worth it 😊,human,0.9995,0.9995,0.0005
post_11aba2ae,user_00112,The intersection of artificial intelligence and talent management presents significant opportunities for innovation. Organizations that prioritize stakeholder alignment will be well-positioned to capitalize on emerging trends in the coming quarters.,2024-02-01T15:23:58.565952+00:00,facebook,,,38,708,33,ai_generated,the intersection of artificial intelligence and talent management presents significant opportunities for innovation. organizations that prioritize stakeholder alignment will be well-positioned to capitalize on emerging trends in the coming quarters.,ai_generated,0.999,0.001,0.999
post_27bcd829,user_00115,can't believe it's already March. where did the year go??,2024-04-26T17:19:43.716578+00:00,twitter,,,15,2663,971,human,can't believe it's already march. where did the year go??,human,0.9994,0.9994,0.0006
post_c15e3c0a,user_00091,I'm excited to share insights on remote work. The evidence strongly suggests that adoption rates have accelerated significantly. This has profound implications for communities worldwide. Let's discuss how we can leverage this for positive impact.,2024-04-26T09:31:26.020558+00:00,reddit,,,21,1570,27,ai_generated,i'm excited to share insights on remote work. the evidence strongly suggests that adoption rates have accelerated significantly. this has profound implications for communities worldwide. let's discuss how we can leverage this for positive impact.,ai_generated,0.9991,0.0009,0.9991
post_eda37a43,user_00119,woke up at 3am for no reason and now i can't sleep. hate this,2024-04-24T18:54:12.613570+00:00,twitter,,post_3a607631,5,1167,55,human,woke up at 3am for no reason and now i can't sleep. hate this,human,0.9995,0.9995,0.0005
post_04474da8,user_00013,you guys i just found out I misunderstood everything. my whole life is a lie,2024-06-12T21:41:46.962253+00:00,facebook,,,7,25,329,human,you guys i just found out i misunderstood everything. my whole life is a lie,human,0.9994,0.9994,0.0006
post_c4e0e694,user_00107,my cat is being so annoying today lmao,2024-04-07T03:58:57.269360+00:00,reddit,,,3,71,574,human,my cat is being so annoying today lmao,human,0.9995,0.9995,0.0005
post_c767f84b,user_00196,does anyone else feel like meditation is totally overrated?,2024-05-09T17:11:39.729472+00:00,reddit,,,5,4,860,human,does anyone else feel like meditation is totally overrated?,human,0.9995,0.9995,0.0005
post_ea820ae9,user_00242,does anyone else feel like veganism is totally overrated?,2024-02-03T16:35:12.292184+00:00,twitter,,,0,67,51,human,does anyone else feel like veganism is totally overrated?,human,0.9995,0.9995,0.0005
post_c15ce3db,user_00259,just had the best sushi at my friend's place! totally worth it 😊,2024-04-16T23:56:36.168194+00:00,facebook,,,2,4,71,human,just had the best sushi at my friend's place! totally worth it 😊,human,0.9995,0.9995,0.0005
post_d65f489e,user_00282,can't believe it's already March. where did the year go??,2024-04-15T00:32:14.691180+00:00,twitter,,,10,88,178,human,can't believe it's already march. where did the year go??,human,0.9995,0.9995,0.0005
post_bc9c109d,user_00271,my fish is being so annoying today lmao,2024-04-24T22:50:35.043500+00:00,twitter,,,1,288,217,human,my fish is being so annoying today lmao,human,0.9995,0.9995,0.0005
post_b4518eb6,user_00251,The data clearly indicates that remote collaboration is reshaping healthcare. Forward-thinking leaders must adapt their strategies to remain competitive. Leveraging automation tools will be paramount in this transition.,2024-04-23T18:40:56.295883+00:00,twitter,,,49,6275,34,ai_generated,the data clearly indicates that remote collaboration is reshaping healthcare. forward-thinking leaders must adapt their strategies to remain competitive. leveraging automation tools will be paramount in this transition.,ai_generated,0.9991,0.0009,0.9991
post_ab9ffce8,user_00296,unpopular opinion: coffee is overrated. fight me,2024-03-03T18:48:08.751238+00:00,facebook,,,14,521,988,human,unpopular opinion: coffee is overrated. fight me,human,0.9995,0.9995,0.0005
post_a8512869,user_00144,you guys i just found out this has been happening for years. my whole life is a lie,2024-05-03T15:10:43.790938+00:00,reddit,,,2,52,147,human,you guys i just found out this has been happening for years. my whole life is a lie,human,0.9993,0.9993,0.0007
post_871f4b5a,user_00061,honestly conflicted about that whole situation rn. mixed feelings for sure,2024-01-05T02:04:33.207141+00:00,facebook,,,4,154,905,human,honestly conflicted about that whole situation rn. mixed feelings for sure,human,0.9995,0.9995,0.0005
post_bc425b32,user_00047,"As we navigate the evolving landscape of finance, it becomes increasingly important to consider the multifaceted implications of personalization. A comprehensive framework for analysis should incorporate both market signals and behavioral patterns to yield meaningful insights.",2024-06-15T00:55:01.749827+00:00,twitter,,,16,3327,28,ai_generated,"as we navigate the evolving landscape of finance, it becomes increasingly important to consider the multifaceted implications of personalization. a comprehensive framework for analysis should incorporate both market signals and behavioral patterns to yield meaningful insights.",ai_generated,0.9992,0.0008,0.9992
post_1860cf71,user_00090,I'm excited to share insights on AI. The evidence strongly suggests that outcomes improve with structured frameworks. This has profound implications for organizations worldwide. Let's discuss how we can leverage this for positive impact.,2024-06-18T20:59:36.875989+00:00,facebook,,,45,1257,15,ai_generated,i'm excited to share insights on ai. the evidence strongly suggests that outcomes improve with structured frameworks. this has profound implications for organizations worldwide. let's discuss how we can leverage this for positive impact.,ai_generated,0.9991,0.0009,0.9991
post_63df448d,user_00075,woke up at 3am for no reason and now i can't sleep. hate this,2024-05-11T23:55:10.864890+00:00,twitter,,,9,113,307,human,woke up at 3am for no reason and now i can't sleep. hate this,human,0.9995,0.9995,0.0005
post_4f7de9dc,user_00193,throwback to that time when we stayed up all night talking. good times fr,2024-04-21T01:27:07.435580+00:00,twitter,,,5,711,158,human,throwback to that time when we stayed up all night talking. good times fr,human,0.9995,0.9995,0.0005
post_d226c4ef,user_00286,I'm excited to share insights on AI. The evidence strongly suggests that outcomes improve with structured frameworks. This has profound implications for communities worldwide. Let's discuss how we can leverage this for positive impact.,2024-02-07T16:35:43.183664+00:00,twitter,,,114,11592,42,ai_generated,i'm excited to share insights on ai. the evidence strongly suggests that outcomes improve with structured frameworks. this has profound implications for communities worldwide. let's discuss how we can leverage this for positive impact.,ai_generated,0.9972,0.0028,0.9972
post_37309116,user_00016,throwback to that time when we stayed up all night talking. good times fr,2024-05-17T10:34:39.858590+00:00,twitter,,,4,406,159,human,throwback to that time when we stayed up all night talking. good times fr,human,0.9995,0.9995,0.0005
post_70276bd2,user_00029,ok why does everyone suddenly care about AI adoption? been saying this for years,2024-05-15T15:46:06.262410+00:00,mastodon,,,7,852,14,human,ok why does everyone suddenly care about ai adoption? been saying this for years,human,0.9986,0.9986,0.0014
post_34ff1ba5,user_00061,does anyone else feel like veganism is totally overrated?,2024-04-22T21:39:18.006893+00:00,reddit,,,33,177,176,human,does anyone else feel like veganism is totally overrated?,human,0.9994,0.9994,0.0006
post_33067692,user_00171,woke up at 5am for no reason and now i can't sleep. hate this,2024-05-08T09:36:55.600559+00:00,twitter,,post_101ad90c,25,1184,54,human,woke up at 5am for no reason and now i can't sleep. hate this,human,0.9995,0.9995,0.0005
post_7ddfba56,user_00160,The data clearly indicates that digital transformation is reshaping healthcare. Forward-thinking leaders must adapt their strategies to remain competitive. Leveraging machine learning will be paramount in this transition.,2024-01-15T03:28:49.304633+00:00,twitter,,,8,2289,28,ai_generated,the data clearly indicates that digital transformation is reshaping healthcare. forward-thinking leaders must adapt their strategies to remain competitive. leveraging machine learning will be paramount in this transition.,ai_generated,0.9984,0.0016,0.9984
post_41f258a3,user_00086,you guys i just found out I misunderstood everything. my whole life is a lie,2024-04-09T01:14:27.466180+00:00,mastodon,,post_0869f2ef,15,11,73,human,you guys i just found out i misunderstood everything. my whole life is a lie,human,0.9993,0.9993,0.0007
post_a2d86ff6,user_00282,unpopular opinion: coffee is overrated. fight me,2024-02-29T09:52:41.366148+00:00,twitter,,,7,80,112,human,unpopular opinion: coffee is overrated. fight me,human,0.9995,0.9995,0.0005
post_bbec1782,user_00160,"As we navigate the evolving landscape of healthcare, it becomes increasingly important to consider the multifaceted implications of personalization. A comprehensive framework for analysis should incorporate both market signals and technological constraints to yield meaningful insights.",2024-04-07T09:38:22.031170+00:00,facebook,,,1,3808,76,ai_generated,"as we navigate the evolving landscape of healthcare, it becomes increasingly important to consider the multifaceted implications of personalization. a comprehensive framework for analysis should incorporate both market signals and technological constraints to yield meaningful insights.",ai_generated,0.9979,0.0021,0.9979
post_f74e7ac2,user_00191,The intersection of sustainability and talent management presents significant opportunities for innovation. Organizations that prioritize stakeholder alignment will be well-positioned to capitalize on emerging trends in the coming quarters.,2024-02-19T16:25:48.479849+00:00,facebook,,,50,4956,56,ai_generated,the intersection of sustainability and talent management presents significant opportunities for innovation. organizations that prioritize stakeholder alignment will be well-positioned to capitalize on emerging trends in the coming quarters.,ai_generated,0.9991,0.0009,0.9991
post_936ebdd1,user_00068,"Key considerations for AI: 1) Prioritize scalability from day one. 2) Build cross-functional alignment early. 3) Measure outcomes with clear KPIs. By addressing these dimensions, stakeholders can achieve sustainable outcomes aligned with organizational objectives.",2024-01-28T20:59:19.178029+00:00,twitter,,,12,2081,15,ai_generated,"key considerations for ai: 1) prioritize scalability from day one. 2) build cross-functional alignment early. 3) measure outcomes with clear kpis. by addressing these dimensions, stakeholders can achieve sustainable outcomes aligned with organizational objectives.",ai_generated,0.9991,0.0009,0.9991
post_146ee14e,user_00177,does anyone else feel like meditation is totally overrated?,2024-04-27T16:31:19.628563+00:00,facebook,,,27,1928,530,human,does anyone else feel like meditation is totally overrated?,human,0.9993,0.9993,0.0007
post_ec0028c7,user_00204,unpopular opinion: coffee is overrated. fight me,2024-01-06T05:58:25.830913+00:00,mastodon,,,2,82,168,human,unpopular opinion: coffee is overrated. fight me,human,0.9995,0.9995,0.0005
post_62b6d079,user_00276,throwback to that time when we got completely lost. good times fr,2024-03-30T04:53:14.652596+00:00,mastodon,,,20,522,503,human,throwback to that time when we got completely lost. good times fr,human,0.9995,0.9995,0.0005
post_f2888337,user_00040,unpopular opinion: open offices are terrible. fight me,2024-06-07T07:09:15.867117+00:00,mastodon,,post_cfc1d677,8,115,147,human,unpopular opinion: open offices are terrible. fight me,human,0.9995,0.9995,0.0005
post_c5475cc7,user_00232,does anyone else feel like crypto is totally overrated?,2024-03-29T03:35:53.280630+00:00,twitter,,,5,86,6,human,does anyone else feel like crypto is totally overrated?,human,0.9995,0.9995,0.0005
post_f57555e4,user_00134,"As we navigate the evolving landscape of healthcare, it becomes increasingly important to consider the multifaceted implications of scalability. A comprehensive framework for analysis should incorporate both market signals and behavioral patterns to yield meaningful insights.",2024-05-30T05:24:18.897489+00:00,twitter,,,20,497,14,ai_generated,"as we navigate the evolving landscape of healthcare, it becomes increasingly important to consider the multifaceted implications of scalability. a comprehensive framework for analysis should incorporate both market signals and behavioral patterns to yield meaningful insights.",ai_generated,0.9992,0.0008,0.9992
post_5d35ac8b,user_00213,The data clearly indicates that AI adoption is reshaping retail. Forward-thinking leaders must adapt their strategies to remain competitive. Leveraging cloud infrastructure will be paramount in this transition.,2024-02-08T13:58:10.396627+00:00,mastodon,,,17,888,33,ai_generated,the data clearly indicates that ai adoption is reshaping retail. forward-thinking leaders must adapt their strategies to remain competitive. leveraging cloud infrastructure will be paramount in this transition.,ai_generated,0.9974,0.0026,0.9974
post_c798e0d8,user_00130,does anyone else feel like AI is totally overrated?,2024-04-24T10:38:11.543292+00:00,twitter,,,6,297,14,human,does anyone else feel like ai is totally overrated?,human,0.9995,0.9995,0.0005
post_c02e72a2,user_00208,The data clearly indicates that remote collaboration is reshaping healthcare. Forward-thinking leaders must adapt their strategies to remain competitive. Leveraging cloud infrastructure will be paramount in this transition.,2024-05-16T17:00:43.665767+00:00,twitter,,post_d10897c4,33,1837,20,ai_generated,the data clearly indicates that remote collaboration is reshaping healthcare. forward-thinking leaders must adapt their strategies to remain competitive. leveraging cloud infrastructure will be paramount in this transition.,ai_generated,0.9989,0.0011,0.9989
post_8525e8a0,user_00017,woke up at 3am for no reason and now i can't sleep. hate this,2024-03-15T05:10:08.674887+00:00,facebook,,,7,164,248,human,woke up at 3am for no reason and now i can't sleep. hate this,human,0.9995,0.9995,0.0005
post_0834481c,user_00183,"As we navigate the evolving landscape of finance, it becomes increasingly important to consider the multifaceted implications of scalability. A comprehensive framework for analysis should incorporate both market signals and behavioral patterns to yield meaningful insights.",2024-04-04T00:16:37.692412+00:00,mastodon,,,31,2563,73,ai_generated,"as we navigate the evolving landscape of finance, it becomes increasingly important to consider the multifaceted implications of scalability. a comprehensive framework for analysis should incorporate both market signals and behavioral patterns to yield meaningful insights.",ai_generated,0.9992,0.0008,0.9992
post_ac4b8068,user_00093,can't believe it's already August. where did the year go??,2024-03-17T08:52:42.584351+00:00,twitter,,post_6ec9ddf4,10,277,173,human,can't believe it's already august. where did the year go??,human,0.9994,0.9994,0.0006
post_4df64122,user_00139,woke up at 4:30am for no reason and now i can't sleep. hate this,2024-04-01T04:17:32.869054+00:00,twitter,,,3,300,15,human,woke up at 4:30am for no reason and now i can't sleep. hate this,human,0.9995,0.9995,0.0005
post_b7833704,user_00281,can't believe it's already November. where did the year go??,2024-02-19T00:04:32.902360+00:00,reddit,,,9,74,312,human,can't believe it's already november. where did the year go??,human,0.9995,0.9995,0.0005
post_eb5f1086,user_00273,you guys i just found out I misunderstood everything. my whole life is a lie,2024-04-21T14:18:33.189317+00:00,twitter,,,29,282,65,human,you guys i just found out i misunderstood everything. my whole life is a lie,human,0.9962,0.9962,0.0038
post_4ae6611c,user_00014,"As we navigate the evolving landscape of healthcare, it becomes increasingly important to consider the multifaceted implications of resilience. A comprehensive framework for analysis should incorporate both quantitative metrics and technological constraints to yield meaningful insights.",2024-01-11T18:46:33.394246+00:00,reddit,,post_0fde52bc,28,863,44,ai_generated,"as we navigate the evolving landscape of healthcare, it becomes increasingly important to consider the multifaceted implications of resilience. a comprehensive framework for analysis should incorporate both quantitative metrics and technological constraints to yield meaningful insights.",ai_generated,0.9992,0.0008,0.9992
post_4f1f15ea,user_00050,my fish is being so annoying today lmao,2024-04-28T09:16:46.240282+00:00,mastodon,,post_36891899,9,62,285,human,my fish is being so annoying today lmao,human,0.9995,0.9995,0.0005
post_f9ed0671,user_00277,honestly whatever about that whole situation rn. mixed feelings for sure,2024-04-28T20:26:04.771935+00:00,mastodon,,,0,21,282,human,honestly whatever about that whole situation rn. mixed feelings for sure,human,0.9995,0.9995,0.0005
post_0f1c478d,user_00288,honestly excited about the announcement rn. mixed feelings for sure,2024-03-03T03:15:44.843666+00:00,facebook,,,5,13,160,human,honestly excited about the announcement rn. mixed feelings for sure,human,0.9995,0.9995,0.0005
post_1457e308,user_00244,ok why does everyone suddenly care about digital transformation? been saying this for years,2024-04-01T12:01:47.697835+00:00,mastodon,,,5,33,40,human,ok why does everyone suddenly care about digital transformation? been saying this for years,human,0.999,0.999,0.001
post_817ce172,user_00097,"Key considerations for AI: 1) Prioritize scalability from day one. 2) Build cross-functional alignment early. 3) Measure outcomes with clear KPIs. By addressing these dimensions, stakeholders can achieve sustainable outcomes aligned with organizational objectives.",2024-03-07T05:22:23.134349+00:00,mastodon,,,49,739,37,ai_generated,"key considerations for ai: 1) prioritize scalability from day one. 2) build cross-functional alignment early. 3) measure outcomes with clear kpis. by addressing these dimensions, stakeholders can achieve sustainable outcomes aligned with organizational objectives.",ai_generated,0.9991,0.0009,0.9991
post_12a224a0,user_00161,The intersection of sustainability and talent management presents significant opportunities for innovation. Organizations that prioritize agile methodologies will be well-positioned to capitalize on emerging trends in the coming quarters.,2024-02-06T10:44:43.916919+00:00,twitter,,post_da8dc296,58,761,25,ai_generated,the intersection of sustainability and talent management presents significant opportunities for innovation. organizations that prioritize agile methodologies will be well-positioned to capitalize on emerging trends in the coming quarters.,ai_generated,0.9989,0.0011,0.9989
post_edff3c69,user_00250,does anyone else feel like remote work is totally overrated?,2024-01-14T15:14:11.031591+00:00,reddit,,,14,283,118,human,does anyone else feel like remote work is totally overrated?,human,0.9994,0.9994,0.0006
post_cd083be4,user_00004,my fish is being so annoying today lmao,2024-06-11T10:57:01.500097+00:00,reddit,,,0,2506,981,human,my fish is being so annoying today lmao,human,0.9995,0.9995,0.0005
post_53245ffb,user_00216,does anyone else feel like veganism is totally overrated?,2024-04-07T20:14:38.848576+00:00,facebook,,,13,440,179,human,does anyone else feel like veganism is totally overrated?,human,0.9994,0.9994,0.0006
post_9f2458d1,user_00105,I'm excited to share insights on meditation. The evidence strongly suggests that outcomes improve with structured frameworks. This has profound implications for communities worldwide. Let's discuss how we can leverage this for positive impact.,2024-03-08T21:45:27.242161+00:00,facebook,,post_babd28bf,113,1268,33,ai_generated,i'm excited to share insights on meditation. the evidence strongly suggests that outcomes improve with structured frameworks. this has profound implications for communities worldwide. let's discuss how we can leverage this for positive impact.,ai_generated,0.9992,0.0008,0.9992
post_1e4427ce,user_00008,The intersection of sustainability and supply chain optimization presents significant opportunities for innovation. Organizations that prioritize stakeholder alignment will be well-positioned to capitalize on emerging trends in the coming quarters.,2024-05-16T02:20:43.983638+00:00,facebook,,,63,1185,82,ai_generated,the intersection of sustainability and supply chain optimization presents significant opportunities for innovation. organizations that prioritize stakeholder alignment will be well-positioned to capitalize on emerging trends in the coming quarters.,ai_generated,0.9991,0.0009,0.9991
post_f7d23421,user_00206,"As we navigate the evolving landscape of healthcare, it becomes increasingly important to consider the multifaceted implications of resilience. A comprehensive framework for analysis should incorporate both market signals and regulatory frameworks to yield meaningful insights.",2024-06-13T17:26:53.166800+00:00,twitter,,,7,2729,15,ai_generated,"as we navigate the evolving landscape of healthcare, it becomes increasingly important to consider the multifaceted implications of resilience. a comprehensive framework for analysis should incorporate both market signals and regulatory frameworks to yield meaningful insights.",ai_generated,0.9992,0.0008,0.9992
post_797ad02d,user_00250,"Key considerations for crypto: 1) Prioritize scalability from day one. 2) Build cross-functional alignment early. 3) Measure outcomes with clear KPIs. By addressing these dimensions, stakeholders can achieve sustainable outcomes aligned with organizational objectives.",2024-01-09T12:08:02.393979+00:00,twitter,,,8,3590,15,ai_generated,"key considerations for crypto: 1) prioritize scalability from day one. 2) build cross-functional alignment early. 3) measure outcomes with clear kpis. by addressing these dimensions, stakeholders can achieve sustainable outcomes aligned with organizational objectives.",ai_generated,0.9992,0.0008,0.9992
post_96457cd8,user_00291,"Key considerations for veganism: 1) Prioritize scalability from day one. 2) Build cross-functional alignment early. 3) Measure outcomes with clear KPIs. By addressing these dimensions, stakeholders can achieve sustainable outcomes aligned with organizational objectives.",2024-04-02T17:11:12.980988+00:00,twitter,,,10,4378,5,ai_generated,"key considerations for veganism: 1) prioritize scalability from day one. 2) build cross-functional alignment early. 3) measure outcomes with clear kpis. by addressing these dimensions, stakeholders can achieve sustainable outcomes aligned with organizational objectives.",ai_generated,0.9992,0.0008,0.9992
post_2c0ee881,user_00273,can't believe it's already November. where did the year go??,2024-06-08T15:00:17.824505+00:00,facebook,,,2,8,103,human,can't believe it's already november. where did the year go??,human,0.9995,0.9995,0.0005
post_cde0ca9d,user_00138,you guys i just found out this has been happening for years. my whole life is a lie,2024-03-22T17:23:24.394690+00:00,twitter,,post_b753c2ab,7,5,57,human,you guys i just found out this has been happening for years. my whole life is a lie,human,0.9994,0.9994,0.0006
post_5c784ab3,user_00107,woke up at 3am for no reason and now i can't sleep. hate this,2024-04-26T07:59:55.561093+00:00,facebook,,,7,233,182,human,woke up at 3am for no reason and now i can't sleep. hate this,human,0.9995,0.9995,0.0005
post_52e4f663,user_00277,"As we navigate the evolving landscape of education, it becomes increasingly important to consider the multifaceted implications of personalization. A comprehensive framework for analysis should incorporate both market signals and technological constraints to yield meaningful insights.",2024-02-24T15:36:20.634619+00:00,twitter,,,58,174,91,ai_generated,"as we navigate the evolving landscape of education, it becomes increasingly important to consider the multifaceted implications of personalization. a comprehensive framework for analysis should incorporate both market signals and technological constraints to yield meaningful insights.",ai_generated,0.9992,0.0008,0.9992
post_b4aa265a,user_00029,"As we navigate the evolving landscape of finance, it becomes increasingly important to consider the multifaceted implications of resilience. A comprehensive framework for analysis should incorporate both market signals and behavioral patterns to yield meaningful insights.",2024-05-10T15:33:32.921226+00:00,mastodon,,,45,3065,56,ai_generated,"as we navigate the evolving landscape of finance, it becomes increasingly important to consider the multifaceted implications of resilience. a comprehensive framework for analysis should incorporate both market signals and behavioral patterns to yield meaningful insights.",ai_generated,0.9992,0.0008,0.9992
post_a9bb04f2,user_00083,can't believe it's already August. where did the year go??,2024-06-29T21:21:01.147029+00:00,facebook,,,0,89,30,human,can't believe it's already august. where did the year go??,human,0.9995,0.9995,0.0005
post_117438f5,user_00255,my cat is being so annoying today lmao,2024-03-22T03:03:02.463873+00:00,twitter,,post_7270cbc0,1,163,102,human,my cat is being so annoying today lmao,human,0.9995,0.9995,0.0005
post_04e75044,user_00257,I'm excited to share insights on remote work. The evidence strongly suggests that adoption rates have accelerated significantly. This has profound implications for communities worldwide. Let's discuss how we can leverage this for positive impact.,2024-02-27T09:43:15.529323+00:00,mastodon,,,75,2203,72,ai_generated,i'm excited to share insights on remote work. the evidence strongly suggests that adoption rates have accelerated significantly. this has profound implications for communities worldwide. let's discuss how we can leverage this for positive impact.,ai_generated,0.9992,0.0008,0.9992
post_667c5f0a,user_00274,woke up at 4:30am for no reason and now i can't sleep. hate this,2024-04-22T18:20:10.338380+00:00,twitter,,,6,411,318,human,woke up at 4:30am for no reason and now i can't sleep. hate this,human,0.9995,0.9995,0.0005
post_155e3c03,user_00027,The intersection of sustainability and talent management presents significant opportunities for innovation. Organizations that prioritize agile methodologies will be well-positioned to capitalize on emerging trends in the coming quarters.,2024-05-21T12:15:25.738192+00:00,facebook,,post_6ee4ce5e,39,1172,71,ai_generated,the intersection of sustainability and talent management presents significant opportunities for innovation. organizations that prioritize agile methodologies will be well-positioned to capitalize on emerging trends in the coming quarters.,ai_generated,0.9988,0.0012,0.9988
post_a3bb2f09,user_00060,"As we navigate the evolving landscape of finance, it becomes increasingly important to consider the multifaceted implications of resilience. A comprehensive framework for analysis should incorporate both qualitative feedback and behavioral patterns to yield meaningful insights.",2024-03-04T06:59:56.707912+00:00,twitter,,,25,1077,20,ai_generated,"as we navigate the evolving landscape of finance, it becomes increasingly important to consider the multifaceted implications of resilience. a comprehensive framework for analysis should incorporate both qualitative feedback and behavioral patterns to yield meaningful insights.",ai_generated,0.9992,0.0008,0.9992
post_e1d6c418,user_00012,The intersection of artificial intelligence and talent management presents significant opportunities for innovation. Organizations that prioritize agile methodologies will be well-positioned to capitalize on emerging trends in the coming quarters.,2024-02-07T15:51:41.834807+00:00,reddit,,,27,1423,86,ai_generated,the intersection of artificial intelligence and talent management presents significant opportunities for innovation. organizations that prioritize agile methodologies will be well-positioned to capitalize on emerging trends in the coming quarters.,ai_generated,0.9989,0.0011,0.9989
post_79554899,user_00162,can't believe it's already March. where did the year go??,2024-06-25T15:17:56.095289+00:00,mastodon,,,11,170,402,human,can't believe it's already march. where did the year go??,human,0.9995,0.9995,0.0005
post_cc3c7675,user_00042,"As we navigate the evolving landscape of healthcare, it becomes increasingly important to consider the multifaceted implications of resilience. A comprehensive framework for analysis should incorporate both qualitative feedback and technological constraints to yield meaningful insights.",2024-04-27T09:04:09.738481+00:00,twitter,,,69,474,62,ai_generated,"as we navigate the evolving landscape of healthcare, it becomes increasingly important to consider the multifaceted implications of resilience. a comprehensive framework for analysis should incorporate both qualitative feedback and technological constraints to yield meaningful insights.",ai_generated,0.9992,0.0008,0.9992
post_a83038a2,user_00040,The intersection of sustainability and customer experience presents significant opportunities for innovation. Organizations that prioritize agile methodologies will be well-positioned to capitalize on emerging trends in the coming quarters.,2024-05-01T07:44:10.928980+00:00,mastodon,,post_1929c5b7,41,566,36,ai_generated,the intersection of sustainability and customer experience presents significant opportunities for innovation. organizations that prioritize agile methodologies will be well-positioned to capitalize on emerging trends in the coming quarters.,ai_generated,0.9988,0.0012,0.9988
post_ed14cff3,user_00118,my cat is being so annoying today lmao,2024-04-09T12:29:22.530119+00:00,mastodon,,,1,135,362,human,my cat is being so annoying today lmao,human,0.9995,0.9995,0.0005
post_2ec228e9,user_00216,you guys i just found out this has been happening for years. my whole life is a lie,2024-04-06T17:12:06.499496+00:00,mastodon,,post_211b3735,2,1224,125,human,you guys i just found out this has been happening for years. my whole life is a lie,human,0.9989,0.9989,0.0011
post_41c9924a,user_00021,woke up at 5am for no reason and now i can't sleep. hate this,2024-01-13T16:05:43.679911+00:00,facebook,,,3,21,22,human,woke up at 5am for no reason and now i can't sleep. hate this,human,0.9995,0.9995,0.0005
post_0d5707a9,user_00110,honestly excited about the announcement rn. mixed feelings for sure,2024-01-17T14:59:16.014666+00:00,facebook,,,27,741,223,human,honestly excited about the announcement rn. mixed feelings for sure,human,0.9993,0.9993,0.0007
post_2d4c2fb8,user_00190,woke up at 4:30am for no reason and now i can't sleep. hate this,2024-06-05T03:24:46.664177+00:00,reddit,,,24,35,1066,human,woke up at 4:30am for no reason and now i can't sleep. hate this,human,0.9995,0.9995,0.0005
post_befc1a49,user_00076,just had the best biryani at a random food truck! totally worth it 😊,2024-03-06T22:44:40.440163+00:00,facebook,,,11,26,298,human,just had the best biryani at a random food truck! totally worth it 😊,human,0.9995,0.9995,0.0005
post_57037007,user_00137,"As we navigate the evolving landscape of retail, it becomes increasingly important to consider the multifaceted implications of scalability. A comprehensive framework for analysis should incorporate both qualitative feedback and technological constraints to yield meaningful insights.",2024-02-18T01:36:52.889934+00:00,twitter,,,69,2425,26,ai_generated,"as we navigate the evolving landscape of retail, it becomes increasingly important to consider the multifaceted implications of scalability. a comprehensive framework for analysis should incorporate both qualitative feedback and technological constraints to yield meaningful insights.",ai_generated,0.9992,0.0008,0.9992
post_99ccd68b,user_00269,"As we navigate the evolving landscape of education, it becomes increasingly important to consider the multifaceted implications of resilience. A comprehensive framework for analysis should incorporate both quantitative metrics and behavioral patterns to yield meaningful insights.",2024-04-07T17:23:42.692392+00:00,mastodon,,,31,1031,13,ai_generated,"as we navigate the evolving landscape of education, it becomes increasingly important to consider the multifaceted implications of resilience. a comprehensive framework for analysis should incorporate both quantitative metrics and behavioral patterns to yield meaningful insights.",ai_generated,0.9992,0.0008,0.9992
post_18d62d0b,user_00066,unpopular opinion: open offices are terrible. fight me,2024-05-14T07:55:35.559132+00:00,mastodon,,,2,135,20,human,unpopular opinion: open offices are terrible. fight me,human,0.9995,0.9995,0.0005
post_676b65fa,user_00107,The data clearly indicates that remote collaboration is reshaping healthcare. Forward-thinking leaders must adapt their strategies to remain competitive. Leveraging automation tools will be paramount in this transition.,2024-01-26T22:51:01.170159+00:00,reddit,,,26,555,48,ai_generated,the data clearly indicates that remote collaboration is reshaping healthcare. forward-thinking leaders must adapt their strategies to remain competitive. leveraging automation tools will be paramount in this transition.,ai_generated,0.9978,0.0022,0.9978
post_9bc0121c,user_00212,honestly whatever about what happened yesterday rn. mixed feelings for sure,2024-04-10T11:06:13.270566+00:00,reddit,,,1,103,139,human,honestly whatever about what happened yesterday rn. mixed feelings for sure,human,0.9994,0.9994,0.0006
post_3b07ee40,user_00115,"As we navigate the evolving landscape of retail, it becomes increasingly important to consider the multifaceted implications of scalability. A comprehensive framework for analysis should incorporate both qualitative feedback and technological constraints to yield meaningful insights.",2024-03-25T09:19:59.147827+00:00,reddit,,post_934b8326,49,407,15,ai_generated,"as we navigate the evolving landscape of retail, it becomes increasingly important to consider the multifaceted implications of scalability. a comprehensive framework for analysis should incorporate both qualitative feedback and technological constraints to yield meaningful insights.",ai_generated,0.9992,0.0008,0.9992
post_df89e6ea,user_00242,woke up at 5am for no reason and now i can't sleep. hate this,2024-02-01T07:34:44.179710+00:00,mastodon,,post_c0fdeaf2,0,14721,17,human,woke up at 5am for no reason and now i can't sleep. hate this,human,0.9981,0.9981,0.0019
post_eb6f3f86,user_00024,can't believe it's already March. where did the year go??,2024-02-24T23:05:31.790131+00:00,twitter,,,2,28,36,human,can't believe it's already march. where did the year go??,human,0.9995,0.9995,0.0005
post_1ae4c703,user_00141,you guys i just found out I misunderstood everything. my whole life is a lie,2024-04-27T08:26:38.327434+00:00,reddit,,,1,103,167,human,you guys i just found out i misunderstood everything. my whole life is a lie,human,0.9993,0.9993,0.0007
post_3e6bb000,user_00008,The intersection of artificial intelligence and talent management presents significant opportunities for innovation. Organizations that prioritize agile methodologies will be well-positioned to capitalize on emerging trends in the coming quarters.,2024-04-08T09:37:49.471215+00:00,facebook,,,14,1093,11,ai_generated,the intersection of artificial intelligence and talent management presents significant opportunities for innovation. organizations that prioritize agile methodologies will be well-positioned to capitalize on emerging trends in the coming quarters.,ai_generated,0.999,0.001,0.999
post_afcc05cb,user_00140,"As we navigate the evolving landscape of retail, it becomes increasingly important to consider the multifaceted implications of personalization. A comprehensive framework for analysis should incorporate both market signals and behavioral patterns to yield meaningful insights.",2024-01-11T22:55:51.243492+00:00,facebook,,,14,629,20,ai_generated,"as we navigate the evolving landscape of retail, it becomes increasingly important to consider the multifaceted implications of personalization. a comprehensive framework for analysis should incorporate both market signals and behavioral patterns to yield meaningful insights.",ai_generated,0.9992,0.0008,0.9992
post_f69816ad,user_00211,The intersection of digital transformation and supply chain optimization presents significant opportunities for innovation. Organizations that prioritize stakeholder alignment will be well-positioned to capitalize on emerging trends in the coming quarters.,2024-06-18T07:29:16.785565+00:00,facebook,,post_46dee7b3,63,937,185,ai_generated,the intersection of digital transformation and supply chain optimization presents significant opportunities for innovation. organizations that prioritize stakeholder alignment will be well-positioned to capitalize on emerging trends in the coming quarters.,ai_generated,0.9991,0.0009,0.9991
post_e9810a21,user_00280,honestly excited about the announcement rn. mixed feelings for sure,2024-04-28T15:32:22.608410+00:00,mastodon,,,33,11,89,human,honestly excited about the announcement rn. mixed feelings for sure,human,0.9994,0.9994,0.0006
post_e272a107,user_00177,just had the best ramen at a random food truck! totally worth it 😊,2024-05-22T10:08:28.066816+00:00,twitter,,,8,171,15,human,just had the best ramen at a random food truck! totally worth it 😊,human,0.9994,0.9994,0.0006
post_7617d380,user_00216,my cat is being so annoying today lmao,2024-02-29T05:10:06.725162+00:00,mastodon,,,27,251,74,human,my cat is being so annoying today lmao,human,0.9995,0.9995,0.0005
post_39d39292,user_00246,just had the best ramen at this tiny spot downtown! totally worth it 😊,2024-02-24T17:21:33.453401+00:00,twitter,,,34,136,170,human,just had the best ramen at this tiny spot downtown! totally worth it 😊,human,0.9994,0.9994,0.0006
post_8e22246d,user_00005,"As we navigate the evolving landscape of finance, it becomes increasingly important to consider the multifaceted implications of automation. A comprehensive framework for analysis should incorporate both market signals and technological constraints to yield meaningful insights.",2024-06-09T01:39:18.830771+00:00,mastodon,,post_a116291b,41,3776,31,ai_generated,"as we navigate the evolving landscape of finance, it becomes increasingly important to consider the multifaceted implications of automation. a comprehensive framework for analysis should incorporate both market signals and technological constraints to yield meaningful insights.",ai_generated,0.9992,0.0008,0.9992
post_d640abc1,user_00124,throwback to that time when we got completely lost. good times fr,2024-05-07T03:57:30.351044+00:00,reddit,,,11,47,17,human,throwback to that time when we got completely lost. good times fr,human,0.9995,0.9995,0.0005
post_6e253285,user_00184,my fish is being so annoying today lmao,2024-04-03T00:32:57.192366+00:00,facebook,,,7,552,255,human,my fish is being so annoying today lmao,human,0.9995,0.9995,0.0005
post_1ad38ff6,user_00299,can't believe it's already August. where did the year go??,2024-06-08T13:30:37.944759+00:00,mastodon,,,7,1871,450,human,can't believe it's already august. where did the year go??,human,0.9994,0.9994,0.0006
post_fa8637c9,user_00035,"As we navigate the evolving landscape of finance, it becomes increasingly important to consider the multifaceted implications of personalization. A comprehensive framework for analysis should incorporate both quantitative metrics and regulatory frameworks to yield meaningful insights.",2024-01-16T07:30:31.258232+00:00,mastodon,,,108,1752,54,ai_generated,"as we navigate the evolving landscape of finance, it becomes increasingly important to consider the multifaceted implications of personalization. a comprehensive framework for analysis should incorporate both quantitative metrics and regulatory frameworks to yield meaningful insights.",ai_generated,0.9992,0.0008,0.9992
post_09edd9c0,user_00193,I'm excited to share insights on remote work. The evidence strongly suggests that outcomes improve with structured frameworks. This has profound implications for organizations worldwide. Let's discuss how we can leverage this for positive impact.,2024-01-10T23:44:00.925237+00:00,reddit,,,69,2224,66,ai_generated,i'm excited to share insights on remote work. the evidence strongly suggests that outcomes improve with structured frameworks. this has profound implications for organizations worldwide. let's discuss how we can leverage this for positive impact.,ai_generated,0.9992,0.0008,0.9992
post_52b942e0,user_00181,"Key considerations for crypto: 1) Prioritize scalability from day one. 2) Build cross-functional alignment early. 3) Measure outcomes with clear KPIs. By addressing these dimensions, stakeholders can achieve sustainable outcomes aligned with organizational objectives.",2024-06-02T07:49:10.369450+00:00,twitter,,post_0728a9fb,29,837,40,ai_generated,"key considerations for crypto: 1) prioritize scalability from day one. 2) build cross-functional alignment early. 3) measure outcomes with clear kpis. by addressing these dimensions, stakeholders can achieve sustainable outcomes aligned with organizational objectives.",ai_generated,0.9991,0.0009,0.9991
post_48bccd94,user_00299,ok why does everyone suddenly care about AI adoption? been saying this for years,2024-05-26T08:56:32.354200+00:00,facebook,,post_4f86ce44,13,91,68,human,ok why does everyone suddenly care about ai adoption? been saying this for years,human,0.9992,0.9992,0.0008
post_be33af5b,user_00128,my cat is being so annoying today lmao,2024-05-01T00:20:06.635927+00:00,reddit,,,5,74,249,human,my cat is being so annoying today lmao,human,0.9995,0.9995,0.0005
post_8d9e2e3e,user_00049,The data clearly indicates that remote collaboration is reshaping healthcare. Forward-thinking leaders must adapt their strategies to remain competitive. Leveraging automation tools will be paramount in this transition.,2024-02-09T00:24:21.738407+00:00,facebook,,,50,1479,14,ai_generated,the data clearly indicates that remote collaboration is reshaping healthcare. forward-thinking leaders must adapt their strategies to remain competitive. leveraging automation tools will be paramount in this transition.,ai_generated,0.9989,0.0011,0.9989
post_0fca075d,user_00184,just had the best pasta at my friend's place! totally worth it 😊,2024-05-28T22:50:00.421897+00:00,twitter,,,6,236,190,human,just had the best pasta at my friend's place! totally worth it 😊,human,0.9995,0.9995,0.0005
post_49d75aed,user_00290,"Key considerations for remote work: 1) Prioritize scalability from day one. 2) Build cross-functional alignment early. 3) Measure outcomes with clear KPIs. By addressing these dimensions, stakeholders can achieve sustainable outcomes aligned with organizational objectives.",2024-02-06T06:21:43.630890+00:00,mastodon,,,39,5536,27,ai_generated,"key considerations for remote work: 1) prioritize scalability from day one. 2) build cross-functional alignment early. 3) measure outcomes with clear kpis. by addressing these dimensions, stakeholders can achieve sustainable outcomes aligned with organizational objectives.",ai_generated,0.9992,0.0008,0.9992
post_6b177744,user_00041,just had the best ramen at my friend's place! totally worth it 😊,2024-06-15T22:51:37.113973+00:00,mastodon,,,9,54,351,human,just had the best ramen at my friend's place! totally worth it 😊,human,0.9995,0.9995,0.0005
post_3b9295c7,user_00289,my hamster is being so annoying today lmao,2024-05-04T20:58:13.586872+00:00,reddit,,,23,44,67,human,my hamster is being so annoying today lmao,human,0.9995,0.9995,0.0005
post_e225b59b,user_00092,throwback to that time when we got completely lost. good times fr,2024-03-11T06:08:24.926666+00:00,facebook,,post_8241dabd,9,485,291,human,throwback to that time when we got completely lost. good times fr,human,0.9995,0.9995,0.0005
post_c13e4378,user_00191,my fish is being so annoying today lmao,2024-01-26T02:32:44.981239+00:00,facebook,,,4,69,532,human,my fish is being so annoying today lmao,human,0.9995,0.9995,0.0005
post_6f1298d5,user_00143,"As we navigate the evolving landscape of healthcare, it becomes increasingly important to consider the multifaceted implications of scalability. A comprehensive framework for analysis should incorporate both qualitative feedback and regulatory frameworks to yield meaningful insights.",2024-06-02T06:37:53.983635+00:00,twitter,,,23,305,145,ai_generated,"as we navigate the evolving landscape of healthcare, it becomes increasingly important to consider the multifaceted implications of scalability. a comprehensive framework for analysis should incorporate both qualitative feedback and regulatory frameworks to yield meaningful insights.",ai_generated,0.9992,0.0008,0.9992
post_d29bc279,user_00168,I'm excited to share insights on veganism. The evidence strongly suggests that outcomes improve with structured frameworks. This has profound implications for practitioners worldwide. Let's discuss how we can leverage this for positive impact.,2024-02-18T11:46:25.841056+00:00,mastodon,,,93,311,15,ai_generated,i'm excited to share insights on veganism. the evidence strongly suggests that outcomes improve with structured frameworks. this has profound implications for practitioners worldwide. let's discuss how we can leverage this for positive impact.,ai_generated,0.9992,0.0008,0.9992
post_f9803e15,user_00039,can't believe it's already August. where did the year go??,2024-03-07T18:53:10.591932+00:00,facebook,,,4,1646,86,human,can't believe it's already august. where did the year go??,human,0.9994,0.9994,0.0006
post_1b905efb,user_00181,I'm excited to share insights on crypto. The evidence strongly suggests that adoption rates have accelerated significantly. This has profound implications for communities worldwide. Let's discuss how we can leverage this for positive impact.,2024-02-14T01:31:25.853581+00:00,reddit,,post_a7445b68,18,432,20,ai_generated,i'm excited to share insights on crypto. the evidence strongly suggests that adoption rates have accelerated significantly. this has profound implications for communities worldwide. let's discuss how we can leverage this for positive impact.,ai_generated,0.999,0.001,0.999
post_65fb44fb,user_00206,The data clearly indicates that digital transformation is reshaping retail. Forward-thinking leaders must adapt their strategies to remain competitive. Leveraging automation tools will be paramount in this transition.,2024-01-30T10:04:21.372844+00:00,mastodon,,post_333f2cb3,25,1034,40,ai_generated,the data clearly indicates that digital transformation is reshaping retail. forward-thinking leaders must adapt their strategies to remain competitive. leveraging automation tools will be paramount in this transition.,ai_generated,0.9982,0.0018,0.9982
post_cda919e1,user_00098,you guys i just found out I misunderstood everything. my whole life is a lie,2024-05-16T17:09:15.374233+00:00,twitter,,,10,36,52,human,you guys i just found out i misunderstood everything. my whole life is a lie,human,0.9992,0.9992,0.0008
post_abfcaf26,user_00159,honestly conflicted about the announcement rn. mixed feelings for sure,2024-04-28T00:29:54.999751+00:00,reddit,,post_070b62d7,3,99,152,human,honestly conflicted about the announcement rn. mixed feelings for sure,human,0.9994,0.9994,0.0006
post_547df4d0,user_00024,I'm excited to share insights on crypto. The evidence strongly suggests that outcomes improve with structured frameworks. This has profound implications for organizations worldwide. Let's discuss how we can leverage this for positive impact.,2024-03-29T20:36:15.510476+00:00,reddit,,,23,1250,105,ai_generated,i'm excited to share insights on crypto. the evidence strongly suggests that outcomes improve with structured frameworks. this has profound implications for organizations worldwide. let's discuss how we can leverage this for positive impact.,ai_generated,0.999,0.001,0.999
post_dc99ccd9,user_00069,"As we navigate the evolving landscape of retail, it becomes increasingly important to consider the multifaceted implications of resilience. A comprehensive framework for analysis should incorporate both quantitative metrics and technological constraints to yield meaningful insights.",2024-06-26T03:49:08.414741+00:00,facebook,,,4,1111,20,ai_generated,"as we navigate the evolving landscape of retail, it becomes increasingly important to consider the multifaceted implications of resilience. a comprehensive framework for analysis should incorporate both quantitative metrics and technological constraints to yield meaningful insights.",ai_generated,0.9992,0.0008,0.9992
post_c32af453,user_00172,"As we navigate the evolving landscape of education, it becomes increasingly important to consider the multifaceted implications of resilience. A comprehensive framework for analysis should incorporate both market signals and technological constraints to yield meaningful insights.",2024-05-22T08:09:18.521913+00:00,facebook,,,37,425,9,ai_generated,"as we navigate the evolving landscape of education, it becomes increasingly important to consider the multifaceted implications of resilience. a comprehensive framework for analysis should incorporate both market signals and technological constraints to yield meaningful insights.",ai_generated,0.9992,0.0008,0.9992
post_bee1353a,user_00105,ok why does everyone suddenly care about remote collaboration? been saying this for years,2024-01-16T15:08:47.133726+00:00,facebook,,,10,5,116,human,ok why does everyone suddenly care about remote collaboration? been saying this for years,human,0.9993,0.9993,0.0007
post_ed87a970,user_00290,honestly whatever about what happened yesterday rn. mixed feelings for sure,2024-03-14T22:57:42.244462+00:00,facebook,,,6,128,328,human,honestly whatever about what happened yesterday rn. mixed feelings for sure,human,0.9994,0.9994,0.0006
post_9bc46fcf,user_00088,you guys i just found out I misunderstood everything. my whole life is a lie,2024-05-13T16:36:37.367743+00:00,reddit,,,6,2424,20,human,you guys i just found out i misunderstood everything. my whole life is a lie,human,0.9978,0.9978,0.0022
post_4b2220e9,user_00024,does anyone else feel like crypto is totally overrated?,2024-04-09T03:34:00.945089+00:00,mastodon,,,5,14,25,human,does anyone else feel like crypto is totally overrated?,human,0.9995,0.9995,0.0005
post_53836563,user_00193,I'm excited to share insights on crypto. The evidence strongly suggests that adoption rates have accelerated significantly. This has profound implications for practitioners worldwide. Let's discuss how we can leverage this for positive impact.,2024-05-24T23:12:17.203681+00:00,facebook,,,9,2489,65,ai_generated,i'm excited to share insights on crypto. the evidence strongly suggests that adoption rates have accelerated significantly. this has profound implications for practitioners worldwide. let's discuss how we can leverage this for positive impact.,ai_generated,0.999,0.001,0.999
post_29742b48,user_00214,can't believe it's already January. where did the year go??,2024-03-26T02:42:27.687211+00:00,facebook,,,3,95,51,human,can't believe it's already january. where did the year go??,human,0.9994,0.9994,0.0006
post_fe654c7f,user_00237,just had the best ramen at this tiny spot downtown! totally worth it 😊,2024-06-17T04:14:54.817645+00:00,mastodon,,post_befc1a49,1,233,120,human,just had the best ramen at this tiny spot downtown! totally worth it 😊,human,0.9995,0.9995,0.0005
post_6cbda2d9,user_00165,unpopular opinion: mornings are fine. fight me,2024-05-20T19:17:32.915664+00:00,mastodon,,,3,693,23,human,unpopular opinion: mornings are fine. fight me,human,0.9995,0.9995,0.0005
post_ebe4170b,user_00194,The intersection of digital transformation and talent management presents significant opportunities for innovation. Organizations that prioritize stakeholder alignment will be well-positioned to capitalize on emerging trends in the coming quarters.,2024-02-24T02:12:48.431594+00:00,reddit,,,5,2096,41,ai_generated,the intersection of digital transformation and talent management presents significant opportunities for innovation. organizations that prioritize stakeholder alignment will be well-positioned to capitalize on emerging trends in the coming quarters.,ai_generated,0.9989,0.0011,0.9989
post_397b5d2b,user_00212,just had the best tacos at a random food truck! totally worth it 😊,2024-04-03T20:01:30.271917+00:00,facebook,,,12,108,61,human,just had the best tacos at a random food truck! totally worth it 😊,human,0.9995,0.9995,0.0005
post_99b615bc,user_00007,The data clearly indicates that digital transformation is reshaping retail. Forward-thinking leaders must adapt their strategies to remain competitive. Leveraging cloud infrastructure will be paramount in this transition.,2024-05-10T04:06:09.411196+00:00,twitter,,,86,861,33,ai_generated,the data clearly indicates that digital transformation is reshaping retail. forward-thinking leaders must adapt their strategies to remain competitive. leveraging cloud infrastructure will be paramount in this transition.,ai_generated,0.9989,0.0011,0.9989
post_3ab1ae79,user_00242,woke up at 4:30am for no reason and now i can't sleep. hate this,2024-02-27T09:13:42.777403+00:00,twitter,,,10,40,99,human,woke up at 4:30am for no reason and now i can't sleep. hate this,human,0.9995,0.9995,0.0005
post_bbf1ab2b,user_00266,just had the best pizza at my friend's place! totally worth it 😊,2024-01-28T02:26:43.442559+00:00,reddit,,,4,1638,114,human,just had the best pizza at my friend's place! totally worth it 😊,human,0.9994,0.9994,0.0006
post_a996d704,user_00181,honestly whatever about that whole situation rn. mixed feelings for sure,2024-01-26T00:21:50.883832+00:00,twitter,,,15,881,26,human,honestly whatever about that whole situation rn. mixed feelings for sure,human,0.9991,0.9991,0.0009
post_d4fdfe9f,user_00052,ok why does everyone suddenly care about digital transformation? been saying this for years,2024-05-10T02:28:34.424998+00:00,reddit,,,1,140,61,human,ok why does everyone suddenly care about digital transformation? been saying this for years,human,0.999,0.999,0.001
post_82038f33,user_00191,can't believe it's already November. where did the year go??,2024-06-02T03:52:32.194907+00:00,twitter,,,0,740,25,human,can't believe it's already november. where did the year go??,human,0.9994,0.9994,0.0006
post_35e7aa77,user_00150,can't believe it's already March. where did the year go??,2024-02-14T14:41:27.980860+00:00,twitter,,,9,20,277,human,can't believe it's already march. where did the year go??,human,0.9995,0.9995,0.0005
post_5d02df29,user_00061,you guys i just found out this has been happening for years. my whole life is a lie,2024-03-20T18:41:26.097356+00:00,twitter,,,10,161,165,human,you guys i just found out this has been happening for years. my whole life is a lie,human,0.9991,0.9991,0.0009
post_4dd62e80,user_00056,The intersection of artificial intelligence and supply chain optimization presents significant opportunities for innovation. Organizations that prioritize data-driven decision-making will be well-positioned to capitalize on emerging trends in the coming quarters.,2024-06-28T02:52:51.521926+00:00,twitter,,,20,393,37,ai_generated,the intersection of artificial intelligence and supply chain optimization presents significant opportunities for innovation. organizations that prioritize data-driven decision-making will be well-positioned to capitalize on emerging trends in the coming quarters.,ai_generated,0.999,0.001,0.999
post_66a7ead6,user_00033,can't believe it's already March. where did the year go??,2024-02-09T03:50:56.904213+00:00,facebook,,post_f7cef253,2,10,99,human,can't believe it's already march. where did the year go??,human,0.9995,0.9995,0.0005
post_5c6d0dac,user_00145,"Key considerations for remote work: 1) Prioritize scalability from day one. 2) Build cross-functional alignment early. 3) Measure outcomes with clear KPIs. By addressing these dimensions, stakeholders can achieve sustainable outcomes aligned with organizational objectives.",2024-05-15T04:16:45.180143+00:00,twitter,,post_41c9924a,68,1900,32,ai_generated,"key considerations for remote work: 1) prioritize scalability from day one. 2) build cross-functional alignment early. 3) measure outcomes with clear kpis. by addressing these dimensions, stakeholders can achieve sustainable outcomes aligned with organizational objectives.",ai_generated,0.9992,0.0008,0.9992
post_4156bb70,user_00185,woke up at 5am for no reason and now i can't sleep. hate this,2024-01-31T18:13:18.943941+00:00,reddit,,post_72be14b7,5,763,161,human,woke up at 5am for no reason and now i can't sleep. hate this,human,0.9995,0.9995,0.0005
post_18a33db6,user_00132,my fish is being so annoying today lmao,2024-01-03T05:35:17.874122+00:00,twitter,,,1,659,25,human,my fish is being so annoying today lmao,human,0.9995,0.9995,0.0005
post_69f2efef,user_00206,The data clearly indicates that AI adoption is reshaping retail. Forward-thinking leaders must adapt their strategies to remain competitive. Leveraging automation tools will be paramount in this transition.,2024-01-06T16:51:54.175695+00:00,facebook,,post_3e50e087,13,4419,6,ai_generated,the data clearly indicates that ai adoption is reshaping retail. forward-thinking leaders must adapt their strategies to remain competitive. leveraging automation tools will be paramount in this transition.,ai_generated,0.9991,0.0009,0.9991
post_d46a0cea,user_00209,throwback to that time when we stayed up all night talking. good times fr,2024-03-27T12:07:54.335665+00:00,reddit,,,0,203,36,human,throwback to that time when we stayed up all night talking. good times fr,human,0.9995,0.9995,0.0005
post_50ac76f4,user_00032,you guys i just found out this has been happening for years. my whole life is a lie,2024-01-02T13:22:47.737142+00:00,reddit,,post_d29bc279,9,66,88,human,you guys i just found out this has been happening for years. my whole life is a lie,human,0.9991,0.9991,0.0009
post_179dcabe,user_00299,honestly whatever about what happened yesterday rn. mixed feelings for sure,2024-05-04T12:56:24.606931+00:00,facebook,,,3,150,261,human,honestly whatever about what happened yesterday rn. mixed feelings for sure,human,0.9994,0.9994,0.0006
post_403805ed,user_00297,you guys i just found out I misunderstood everything. my whole life is a lie,2024-02-20T21:43:56.928366+00:00,twitter,,,7,194,194,human,you guys i just found out i misunderstood everything. my whole life is a lie,human,0.9992,0.9992,0.0008
post_2896f536,user_00114,"As we navigate the evolving landscape of healthcare, it becomes increasingly important to consider the multifaceted implications of scalability. A comprehensive framework for analysis should incorporate both qualitative feedback and regulatory frameworks to yield meaningful insights.",2024-01-03T12:27:30.494372+00:00,facebook,,,4,484,34,ai_generated,"as we navigate the evolving landscape of healthcare, it becomes increasingly important to consider the multifaceted implications of scalability. a comprehensive framework for analysis should incorporate both qualitative feedback and regulatory frameworks to yield meaningful insights.",ai_generated,0.9991,0.0009,0.9991
post_1b748e93,user_00077,can't believe it's already November. where did the year go??,2024-04-14T03:04:52.587186+00:00,facebook,,,1,106,297,human,can't believe it's already november. where did the year go??,human,0.9995,0.9995,0.0005
post_32ea331e,user_00261,woke up at 5am for no reason and now i can't sleep. hate this,2024-02-24T21:32:04.763426+00:00,mastodon,,,5,455,149,human,woke up at 5am for no reason and now i can't sleep. hate this,human,0.9995,0.9995,0.0005
post_cb0aaee6,user_00144,The data clearly indicates that remote collaboration is reshaping manufacturing. Forward-thinking leaders must adapt their strategies to remain competitive. Leveraging automation tools will be paramount in this transition.,2024-03-20T23:42:41.533586+00:00,reddit,,,36,4139,43,ai_generated,the data clearly indicates that remote collaboration is reshaping manufacturing. forward-thinking leaders must adapt their strategies to remain competitive. leveraging automation tools will be paramount in this transition.,ai_generated,0.9989,0.0011,0.9989
post_41c5c82f,user_00144,"As we navigate the evolving landscape of healthcare, it becomes increasingly important to consider the multifaceted implications of resilience. A comprehensive framework for analysis should incorporate both market signals and technological constraints to yield meaningful insights.",2024-05-04T10:28:58.212214+00:00,twitter,,,41,796,65,ai_generated,"as we navigate the evolving landscape of healthcare, it becomes increasingly important to consider the multifaceted implications of resilience. a comprehensive framework for analysis should incorporate both market signals and technological constraints to yield meaningful insights.",ai_generated,0.9992,0.0008,0.9992
post_397a3c79,user_00214,can't believe it's already November. where did the year go??,2024-01-07T00:21:53.492577+00:00,reddit,,,2,229,44,human,can't believe it's already november. where did the year go??,human,0.9994,0.9994,0.0006
post_dfcc4fbf,user_00051,can't believe it's already November. where did the year go??,2024-04-29T13:54:06.814328+00:00,reddit,,,32,133,87,human,can't believe it's already november. where did the year go??,human,0.9993,0.9993,0.0007
post_d5319554,user_00238,I'm excited to share insights on AI. The evidence strongly suggests that outcomes improve with structured frameworks. This has profound implications for organizations worldwide. Let's discuss how we can leverage this for positive impact.,2024-02-06T22:43:15.899711+00:00,reddit,,,4,439,66,ai_generated,i'm excited to share insights on ai. the evidence strongly suggests that outcomes improve with structured frameworks. this has profound implications for organizations worldwide. let's discuss how we can leverage this for positive impact.,ai_generated,0.9986,0.0014,0.9986
post_91edc682,user_00299,I'm excited to share insights on meditation. The evidence strongly suggests that adoption rates have accelerated significantly. This has profound implications for communities worldwide. Let's discuss how we can leverage this for positive impact.,2024-04-24T01:54:31.679564+00:00,reddit,,,10,273,8,ai_generated,i'm excited to share insights on meditation. the evidence strongly suggests that adoption rates have accelerated significantly. this has profound implications for communities worldwide. let's discuss how we can leverage this for positive impact.,ai_generated,0.999,0.001,0.999
post_bd682231,user_00128,The data clearly indicates that remote collaboration is reshaping healthcare. Forward-thinking leaders must adapt their strategies to remain competitive. Leveraging automation tools will be paramount in this transition.,2024-06-09T02:09:28.908517+00:00,facebook,,,35,599,56,ai_generated,the data clearly indicates that remote collaboration is reshaping healthcare. forward-thinking leaders must adapt their strategies to remain competitive. leveraging automation tools will be paramount in this transition.,ai_generated,0.9984,0.0016,0.9984
post_8d23d3b7,user_00098,I'm excited to share insights on veganism. The evidence strongly suggests that adoption rates have accelerated significantly. This has profound implications for practitioners worldwide. Let's discuss how we can leverage this for positive impact.,2024-04-26T04:53:59.605545+00:00,mastodon,,,72,224,134,ai_generated,i'm excited to share insights on veganism. the evidence strongly suggests that adoption rates have accelerated significantly. this has profound implications for practitioners worldwide. let's discuss how we can leverage this for positive impact.,ai_generated,0.9991,0.0009,0.9991
post_8420e0ba,user_00147,I'm excited to share insights on veganism. The evidence strongly suggests that adoption rates have accelerated significantly. This has profound implications for communities worldwide. Let's discuss how we can leverage this for positive impact.,2024-06-15T23:30:10.248302+00:00,twitter,,,21,133,9,ai_generated,i'm excited to share insights on veganism. the evidence strongly suggests that adoption rates have accelerated significantly. this has profound implications for communities worldwide. let's discuss how we can leverage this for positive impact.,ai_generated,0.999,0.001,0.999
post_48dd4c69,user_00226,I'm excited to share insights on remote work. The evidence strongly suggests that adoption rates have accelerated significantly. This has profound implications for communities worldwide. Let's discuss how we can leverage this for positive impact.,2024-04-09T19:27:43.571272+00:00,reddit,,,23,3604,54,ai_generated,i'm excited to share insights on remote work. the evidence strongly suggests that adoption rates have accelerated significantly. this has profound implications for communities worldwide. let's discuss how we can leverage this for positive impact.,ai_generated,0.9991,0.0009,0.9991
post_3d58bfe8,user_00181,I'm excited to share insights on remote work. The evidence strongly suggests that outcomes improve with structured frameworks. This has profound implications for practitioners worldwide. Let's discuss how we can leverage this for positive impact.,2024-03-10T01:26:07.168364+00:00,twitter,,,23,2400,83,ai_generated,i'm excited to share insights on remote work. the evidence strongly suggests that outcomes improve with structured frameworks. this has profound implications for practitioners worldwide. let's discuss how we can leverage this for positive impact.,ai_generated,0.9991,0.0009,0.9991
post_d63e8ddd,user_00071,does anyone else feel like remote work is totally overrated?,2024-01-21T14:48:47.213762+00:00,twitter,,post_6c61e7eb,11,57,320,human,does anyone else feel like remote work is totally overrated?,human,0.9995,0.9995,0.0005
post_1b021860,user_00078,ok why does everyone suddenly care about digital transformation? been saying this for years,2024-04-12T17:26:18.401155+00:00,twitter,,,5,675,62,human,ok why does everyone suddenly care about digital transformation? been saying this for years,human,0.9985,0.9985,0.0015
post_725ccdce,user_00250,does anyone else feel like crypto is totally overrated?,2024-06-24T17:17:49.311526+00:00,mastodon,,,19,580,69,human,does anyone else feel like crypto is totally overrated?,human,0.9994,0.9994,0.0006
post_070b62d7,user_00139,just had the best pizza at a random food truck! totally worth it 😊,2024-06-09T20:03:53.820531+00:00,reddit,,,3,86,3478,human,just had the best pizza at a random food truck! totally worth it 😊,human,0.9995,0.9995,0.0005
post_9b65f40b,user_00238,honestly conflicted about the announcement rn. mixed feelings for sure,2024-01-20T02:34:30.494005+00:00,facebook,,,5,123,508,human,honestly conflicted about the announcement rn. mixed feelings for sure,human,0.9994,0.9994,0.0006
post_579434fd,user_00115,"As we navigate the evolving landscape of healthcare, it becomes increasingly important to consider the multifaceted implications of scalability. A comprehensive framework for analysis should incorporate both qualitative feedback and behavioral patterns to yield meaningful insights.",2024-02-06T08:29:47.427588+00:00,twitter,,,17,932,18,ai_generated,"as we navigate the evolving landscape of healthcare, it becomes increasingly important to consider the multifaceted implications of scalability. a comprehensive framework for analysis should incorporate both qualitative feedback and behavioral patterns to yield meaningful insights.",ai_generated,0.9992,0.0008,0.9992
post_541ee821,user_00201,unpopular opinion: mornings are fine. fight me,2024-04-15T11:00:25.392320+00:00,facebook,,,11,83,67,human,unpopular opinion: mornings are fine. fight me,human,0.9995,0.9995,0.0005
post_7561e81d,user_00253,I'm excited to share insights on crypto. The evidence strongly suggests that adoption rates have accelerated significantly. This has profound implications for communities worldwide. Let's discuss how we can leverage this for positive impact.,2024-03-20T04:27:25.088236+00:00,twitter,,,34,828,92,ai_generated,i'm excited to share insights on crypto. the evidence strongly suggests that adoption rates have accelerated significantly. this has profound implications for communities worldwide. let's discuss how we can leverage this for positive impact.,ai_generated,0.999,0.001,0.999
post_9f781340,user_00224,honestly conflicted about that whole situation rn. mixed feelings for sure,2024-04-23T17:02:07.792022+00:00,reddit,,,0,102,69,human,honestly conflicted about that whole situation rn. mixed feelings for sure,human,0.9994,0.9994,0.0006
post_f9053a96,user_00070,unpopular opinion: coffee is overrated. fight me,2024-01-27T00:18:49.915306+00:00,twitter,,post_6f1298d5,4,2200,263,human,unpopular opinion: coffee is overrated. fight me,human,0.9995,0.9995,0.0005
post_ad3bebee,user_00163,The data clearly indicates that digital transformation is reshaping healthcare. Forward-thinking leaders must adapt their strategies to remain competitive. Leveraging machine learning will be paramount in this transition.,2024-01-27T11:19:15.356356+00:00,twitter,,post_ed14cff3,23,870,11,ai_generated,the data clearly indicates that digital transformation is reshaping healthcare. forward-thinking leaders must adapt their strategies to remain competitive. leveraging machine learning will be paramount in this transition.,ai_generated,0.9987,0.0013,0.9987
post_d3aaff67,user_00024,The intersection of sustainability and customer experience presents significant opportunities for innovation. Organizations that prioritize agile methodologies will be well-positioned to capitalize on emerging trends in the coming quarters.,2024-04-11T17:39:39.195259+00:00,facebook,,,23,2322,20,ai_generated,the intersection of sustainability and customer experience presents significant opportunities for innovation. organizations that prioritize agile methodologies will be well-positioned to capitalize on emerging trends in the coming quarters.,ai_generated,0.9989,0.0011,0.9989
post_8b21f408,user_00161,unpopular opinion: mornings are fine. fight me,2024-06-20T21:12:58.054463+00:00,facebook,,post_5d271f12,6,305,9,human,unpopular opinion: mornings are fine. fight me,human,0.9995,0.9995,0.0005
post_69d7a69e,user_00281,"Key considerations for remote work: 1) Prioritize scalability from day one. 2) Build cross-functional alignment early. 3) Measure outcomes with clear KPIs. By addressing these dimensions, stakeholders can achieve sustainable outcomes aligned with organizational objectives.",2024-06-05T10:41:01.650382+00:00,twitter,,,27,2168,19,ai_generated,"key considerations for remote work: 1) prioritize scalability from day one. 2) build cross-functional alignment early. 3) measure outcomes with clear kpis. by addressing these dimensions, stakeholders can achieve sustainable outcomes aligned with organizational objectives.",ai_generated,0.9992,0.0008,0.9992
post_6f2c541e,user_00023,my fish is being so annoying today lmao,2024-03-01T11:27:39.225379+00:00,reddit,,post_f10e6d9e,2,7,14,human,my fish is being so annoying today lmao,human,0.9995,0.9995,0.0005
post_cdb13034,user_00143,The data clearly indicates that remote collaboration is reshaping manufacturing. Forward-thinking leaders must adapt their strategies to remain competitive. Leveraging automation tools will be paramount in this transition.,2024-06-28T10:54:04.172772+00:00,mastodon,,,76,1305,153,ai_generated,the data clearly indicates that remote collaboration is reshaping manufacturing. forward-thinking leaders must adapt their strategies to remain competitive. leveraging automation tools will be paramount in this transition.,ai_generated,0.9988,0.0012,0.9988
post_32d864f4,user_00032,woke up at 3am for no reason and now i can't sleep. hate this,2024-04-24T22:55:54.297765+00:00,mastodon,,,6,127,263,human,woke up at 3am for no reason and now i can't sleep. hate this,human,0.9995,0.9995,0.0005
post_10743797,user_00155,does anyone else feel like veganism is totally overrated?,2024-01-24T05:40:29.080781+00:00,reddit,,post_3c3019bc,8,20,25,human,does anyone else feel like veganism is totally overrated?,human,0.9995,0.9995,0.0005
post_225b7c9a,user_00271,woke up at 5am for no reason and now i can't sleep. hate this,2024-04-19T18:46:31.599020+00:00,mastodon,,,5,114,286,human,woke up at 5am for no reason and now i can't sleep. hate this,human,0.9995,0.9995,0.0005
post_ffac0b70,user_00161,you guys i just found out this has been happening for years. my whole life is a lie,2024-06-07T09:28:02.900183+00:00,reddit,,post_9bc46fcf,15,409,28,human,you guys i just found out this has been happening for years. my whole life is a lie,human,0.9985,0.9985,0.0015
post_d4c834c8,user_00291,just had the best pizza at my friend's place! totally worth it 😊,2024-04-05T22:55:35.147701+00:00,reddit,,,1,20,1,human,just had the best pizza at my friend's place! totally worth it 😊,human,0.9995,0.9995,0.0005
post_d24789c1,user_00236,throwback to that time when we got completely lost. good times fr,2024-04-25T13:13:57.473527+00:00,twitter,,,1,18,101,human,throwback to that time when we got completely lost. good times fr,human,0.9995,0.9995,0.0005
post_4c0e6a24,user_00233,does anyone else feel like remote work is totally overrated?,2024-01-20T13:07:19.524128+00:00,twitter,,,8,27,136,human,does anyone else feel like remote work is totally overrated?,human,0.9995,0.9995,0.0005
post_6166b4c7,user_00235,just had the best tacos at a random food truck! totally worth it 😊,2024-05-21T16:56:25.839607+00:00,facebook,,,4,747,20,human,just had the best tacos at a random food truck! totally worth it 😊,human,0.9994,0.9994,0.0006
post_662eea70,user_00188,just had the best ramen at this tiny spot downtown! totally worth it 😊,2024-01-12T08:23:19.419646+00:00,mastodon,,,1,157,62,human,just had the best ramen at this tiny spot downtown! totally worth it 😊,human,0.9995,0.9995,0.0005
post_6208685b,user_00266,just had the best biryani at my friend's place! totally worth it 😊,2024-01-12T15:31:55.122844+00:00,reddit,,post_89dcadb7,6,671,1400,human,just had the best biryani at my friend's place! totally worth it 😊,human,0.9995,0.9995,0.0005
post_8b7398aa,user_00110,"Key considerations for AI: 1) Prioritize scalability from day one. 2) Build cross-functional alignment early. 3) Measure outcomes with clear KPIs. By addressing these dimensions, stakeholders can achieve sustainable outcomes aligned with organizational objectives.",2024-03-06T01:23:04.394532+00:00,twitter,,,11,2118,17,ai_generated,"key considerations for ai: 1) prioritize scalability from day one. 2) build cross-functional alignment early. 3) measure outcomes with clear kpis. by addressing these dimensions, stakeholders can achieve sustainable outcomes aligned with organizational objectives.",ai_generated,0.9991,0.0009,0.9991
post_377b6dd5,user_00281,unpopular opinion: mornings are fine. fight me,2024-01-20T12:01:36.009237+00:00,mastodon,,post_9f356c86,9,50,1157,human,unpopular opinion: mornings are fine. fight me,human,0.9995,0.9995,0.0005
post_e4b57599,user_00072,ok why does everyone suddenly care about digital transformation? been saying this for years,2024-02-17T17:53:11.641962+00:00,facebook,,,1,28,200,human,ok why does everyone suddenly care about digital transformation? been saying this for years,human,0.9993,0.9993,0.0007
post_d1e0a4b5,user_00213,"Key considerations for meditation: 1) Prioritize scalability from day one. 2) Build cross-functional alignment early. 3) Measure outcomes with clear KPIs. By addressing these dimensions, stakeholders can achieve sustainable outcomes aligned with organizational objectives.",2024-01-13T06:38:33.273617+00:00,reddit,,,63,573,37,ai_generated,"key considerations for meditation: 1) prioritize scalability from day one. 2) build cross-functional alignment early. 3) measure outcomes with clear kpis. by addressing these dimensions, stakeholders can achieve sustainable outcomes aligned with organizational objectives.",ai_generated,0.9992,0.0008,0.9992
post_f1c1acda,user_00121,unpopular opinion: open offices are terrible. fight me,2024-04-10T17:22:32.077844+00:00,twitter,,,7,98,87,human,unpopular opinion: open offices are terrible. fight me,human,0.9995,0.9995,0.0005
post_4a880a07,user_00298,"As we navigate the evolving landscape of finance, it becomes increasingly important to consider the multifaceted implications of automation. A comprehensive framework for analysis should incorporate both market signals and behavioral patterns to yield meaningful insights.",2024-01-09T22:05:51.101987+00:00,facebook,,,12,1892,21,ai_generated,"as we navigate the evolving landscape of finance, it becomes increasingly important to consider the multifaceted implications of automation. a comprehensive framework for analysis should incorporate both market signals and behavioral patterns to yield meaningful insights.",ai_generated,0.9992,0.0008,0.9992
post_15130cc8,user_00132,throwback to that time when we got completely lost. good times fr,2024-05-01T02:17:54.947245+00:00,mastodon,,,11,206,119,human,throwback to that time when we got completely lost. good times fr,human,0.9995,0.9995,0.0005
post_16dcbe1b,user_00072,I'm excited to share insights on veganism. The evidence strongly suggests that adoption rates have accelerated significantly. This has profound implications for communities worldwide. Let's discuss how we can leverage this for positive impact.,2024-05-20T17:40:26.056456+00:00,facebook,,,104,4874,9,ai_generated,i'm excited to share insights on veganism. the evidence strongly suggests that adoption rates have accelerated significantly. this has profound implications for communities worldwide. let's discuss how we can leverage this for positive impact.,ai_generated,0.9992,0.0008,0.9992
post_8358d3b3,user_00133,"As we navigate the evolving landscape of finance, it becomes increasingly important to consider the multifaceted implications of resilience. A comprehensive framework for analysis should incorporate both qualitative feedback and regulatory frameworks to yield meaningful insights.",2024-05-05T01:41:28.758702+00:00,mastodon,,,16,1867,17,ai_generated,"as we navigate the evolving landscape of finance, it becomes increasingly important to consider the multifaceted implications of resilience. a comprehensive framework for analysis should incorporate both qualitative feedback and regulatory frameworks to yield meaningful insights.",ai_generated,0.9992,0.0008,0.9992
post_ff3e1aae,user_00252,unpopular opinion: mornings are fine. fight me,2024-05-05T10:49:00.304716+00:00,twitter,,,14,87,26,human,unpopular opinion: mornings are fine. fight me,human,0.9995,0.9995,0.0005
post_ebce5fb4,user_00192,unpopular opinion: open offices are terrible. fight me,2024-03-16T08:14:38.318117+00:00,facebook,,,0,219,23,human,unpopular opinion: open offices are terrible. fight me,human,0.9995,0.9995,0.0005
post_d80dfe86,user_00091,ok why does everyone suddenly care about AI adoption? been saying this for years,2024-05-18T11:14:17.474498+00:00,twitter,,,9,5,487,human,ok why does everyone suddenly care about ai adoption? been saying this for years,human,0.9995,0.9995,0.0005
post_5e0ba718,user_00220,unpopular opinion: coffee is overrated. fight me,2024-06-04T21:14:07.587174+00:00,twitter,,,8,37,73,human,unpopular opinion: coffee is overrated. fight me,human,0.9985,0.9985,0.0015
post_072f126c,user_00194,you guys i just found out I misunderstood everything. my whole life is a lie,2024-05-19T17:14:38.597667+00:00,reddit,,,9,283,104,human,you guys i just found out i misunderstood everything. my whole life is a lie,human,0.999,0.999,0.001
post_3d5e9f21,user_00189,you guys i just found out this has been happening for years. my whole life is a lie,2024-03-03T09:56:49.166983+00:00,facebook,,,11,54,151,human,you guys i just found out this has been happening for years. my whole life is a lie,human,0.9992,0.9992,0.0008
post_1397b6c3,user_00286,just had the best tacos at this tiny spot downtown! totally worth it 😊,2024-02-14T18:22:20.280924+00:00,twitter,,post_3b8befeb,3,233,108,human,just had the best tacos at this tiny spot downtown! totally worth it 😊,human,0.9995,0.9995,0.0005
post_5395b85a,user_00161,my fish is being so annoying today lmao,2024-06-06T07:20:06.307917+00:00,facebook,,,9,728,65,human,my fish is being so annoying today lmao,human,0.9995,0.9995,0.0005
post_c887eeb9,user_00229,ok why does everyone suddenly care about remote collaboration? been saying this for years,2024-01-16T15:41:14.454564+00:00,reddit,,,21,106,121,human,ok why does everyone suddenly care about remote collaboration? been saying this for years,human,0.9987,0.9987,0.0013
post_61b42057,user_00059,just had the best biryani at a random food truck! totally worth it 😊,2024-06-16T23:55:13.144384+00:00,twitter,,,0,55,65,human,just had the best biryani at a random food truck! totally worth it 😊,human,0.9995,0.9995,0.0005
post_6e1ca40a,user_00163,just had the best tacos at my friend's place! totally worth it 😊,2024-01-02T19:54:11.748274+00:00,twitter,,,10,1963,630,human,just had the best tacos at my friend's place! totally worth it 😊,human,0.9995,0.9995,0.0005
post_558d189b,user_00135,The intersection of sustainability and talent management presents significant opportunities for innovation. Organizations that prioritize stakeholder alignment will be well-positioned to capitalize on emerging trends in the coming quarters.,2024-04-27T14:31:42.420694+00:00,reddit,,,5,7302,102,ai_generated,the intersection of sustainability and talent management presents significant opportunities for innovation. organizations that prioritize stakeholder alignment will be well-positioned to capitalize on emerging trends in the coming quarters.,ai_generated,0.9988,0.0012,0.9988
post_82fb75fa,user_00045,does anyone else feel like meditation is totally overrated?,2024-02-12T20:54:41.360195+00:00,reddit,,post_5d02df29,7,327,646,human,does anyone else feel like meditation is totally overrated?,human,0.9995,0.9995,0.0005
post_26bc4662,user_00161,you guys i just found out I misunderstood everything. my whole life is a lie,2024-05-17T13:07:12.976135+00:00,mastodon,,post_7cd6d0c0,25,121,43,human,you guys i just found out i misunderstood everything. my whole life is a lie,human,0.9987,0.9987,0.0013
post_47728242,user_00256,you guys i just found out this has been happening for years. my whole life is a lie,2024-02-15T03:06:51.867372+00:00,reddit,,,12,274,51,human,you guys i just found out this has been happening for years. my whole life is a lie,human,0.9988,0.9988,0.0012
post_c8ad249c,user_00020,my hamster is being so annoying today lmao,2024-04-12T16:59:40.578930+00:00,mastodon,,,7,961,284,human,my hamster is being so annoying today lmao,human,0.9995,0.9995,0.0005
post_1e12ca58,user_00133,The data clearly indicates that digital transformation is reshaping healthcare. Forward-thinking leaders must adapt their strategies to remain competitive. Leveraging automation tools will be paramount in this transition.,2024-02-02T22:22:53.415179+00:00,twitter,,post_75828ff8,29,1179,21,ai_generated,the data clearly indicates that digital transformation is reshaping healthcare. forward-thinking leaders must adapt their strategies to remain competitive. leveraging automation tools will be paramount in this transition.,ai_generated,0.9987,0.0013,0.9987
post_8e69d4d4,user_00244,ok why does everyone suddenly care about digital transformation? been saying this for years,2024-04-03T09:03:53.299029+00:00,mastodon,,,1,81,96,human,ok why does everyone suddenly care about digital transformation? been saying this for years,human,0.9991,0.9991,0.0009
post_8c2c5965,user_00087,you guys i just found out I misunderstood everything. my whole life is a lie,2024-06-15T07:14:23.099428+00:00,reddit,,,17,535,193,human,you guys i just found out i misunderstood everything. my whole life is a lie,human,0.9988,0.9988,0.0012
post_7d33cf75,user_00138,woke up at 4:30am for no reason and now i can't sleep. hate this,2024-03-14T03:07:31.416160+00:00,facebook,,,1,188,327,human,woke up at 4:30am for no reason and now i can't sleep. hate this,human,0.9995,0.9995,0.0005
post_9aa8b6e9,user_00181,woke up at 4:30am for no reason and now i can't sleep. hate this,2024-04-29T13:00:16.286455+00:00,facebook,,,2,31,36,human,woke up at 4:30am for no reason and now i can't sleep. hate this,human,0.9995,0.9995,0.0005
post_8e950f61,user_00148,can't believe it's already March. where did the year go??,2024-03-27T01:50:15.851486+00:00,mastodon,,post_d42e37f2,3,125,1421,human,can't believe it's already march. where did the year go??,human,0.9995,0.9995,0.0005
post_f0fbc94d,user_00255,throwback to that time when we got completely lost. good times fr,2024-02-26T00:57:29.901640+00:00,mastodon,,,32,33,386,human,throwback to that time when we got completely lost. good times fr,human,0.9995,0.9995,0.0005
post_901e1530,user_00144,can't believe it's already March. where did the year go??,2024-02-06T06:34:13.558115+00:00,mastodon,,,3,152,181,human,can't believe it's already march. where did the year go??,human,0.9995,0.9995,0.0005
post_7fa74f36,user_00283,"Key considerations for AI: 1) Prioritize scalability from day one. 2) Build cross-functional alignment early. 3) Measure outcomes with clear KPIs. By addressing these dimensions, stakeholders can achieve sustainable outcomes aligned with organizational objectives.",2024-06-10T10:37:52.791189+00:00,reddit,,post_676b65fa,28,5293,36,ai_generated,"key considerations for ai: 1) prioritize scalability from day one. 2) build cross-functional alignment early. 3) measure outcomes with clear kpis. by addressing these dimensions, stakeholders can achieve sustainable outcomes aligned with organizational objectives.",ai_generated,0.9992,0.0008,0.9992
post_1455dfe1,user_00037,woke up at 5am for no reason and now i can't sleep. hate this,2024-04-18T01:27:18.081677+00:00,reddit,,,1,284,62,human,woke up at 5am for no reason and now i can't sleep. hate this,human,0.9995,0.9995,0.0005
post_1d54d0dc,user_00147,I'm excited to share insights on remote work. The evidence strongly suggests that adoption rates have accelerated significantly. This has profound implications for practitioners worldwide. Let's discuss how we can leverage this for positive impact.,2024-02-03T16:52:09.144752+00:00,facebook,,post_9b65f40b,19,692,27,ai_generated,i'm excited to share insights on remote work. the evidence strongly suggests that adoption rates have accelerated significantly. this has profound implications for practitioners worldwide. let's discuss how we can leverage this for positive impact.,ai_generated,0.9991,0.0009,0.9991
post_6588d48c,user_00258,just had the best pasta at a random food truck! totally worth it 😊,2024-06-15T21:00:47.044003+00:00,facebook,,post_6c338a43,7,130,31,human,just had the best pasta at a random food truck! totally worth it 😊,human,0.9995,0.9995,0.0005
post_9658b19d,user_00090,"Key considerations for veganism: 1) Prioritize scalability from day one. 2) Build cross-functional alignment early. 3) Measure outcomes with clear KPIs. By addressing these dimensions, stakeholders can achieve sustainable outcomes aligned with organizational objectives.",2024-05-11T22:30:55.331431+00:00,mastodon,,,15,1187,49,ai_generated,"key considerations for veganism: 1) prioritize scalability from day one. 2) build cross-functional alignment early. 3) measure outcomes with clear kpis. by addressing these dimensions, stakeholders can achieve sustainable outcomes aligned with organizational objectives.",ai_generated,0.9991,0.0009,0.9991
post_edf4f9ba,user_00066,does anyone else feel like AI is totally overrated?,2024-03-15T15:21:23.859746+00:00,twitter,,,63,129,13,human,does anyone else feel like ai is totally overrated?,human,0.9994,0.9994,0.0006
post_a2112599,user_00196,woke up at 5am for no reason and now i can't sleep. hate this,2024-02-02T12:24:49.022223+00:00,facebook,,,27,804,21,human,woke up at 5am for no reason and now i can't sleep. hate this,human,0.9995,0.9995,0.0005
post_77b4db7b,user_00123,The intersection of artificial intelligence and customer experience presents significant opportunities for innovation. Organizations that prioritize stakeholder alignment will be well-positioned to capitalize on emerging trends in the coming quarters.,2024-05-27T20:30:15.841602+00:00,facebook,,post_7150b0dc,26,263,8,ai_generated,the intersection of artificial intelligence and customer experience presents significant opportunities for innovation. organizations that prioritize stakeholder alignment will be well-positioned to capitalize on emerging trends in the coming quarters.,ai_generated,0.999,0.001,0.999
post_6ee4ce5e,user_00064,you guys i just found out I misunderstood everything. my whole life is a lie,2024-03-07T00:50:55.843957+00:00,twitter,,,8,181,54,human,you guys i just found out i misunderstood everything. my whole life is a lie,human,0.999,0.999,0.001
post_db55f252,user_00037,"As we navigate the evolving landscape of finance, it becomes increasingly important to consider the multifaceted implications of personalization. A comprehensive framework for analysis should incorporate both qualitative feedback and behavioral patterns to yield meaningful insights.",2024-05-09T09:15:14.051865+00:00,mastodon,,,29,965,22,ai_generated,"as we navigate the evolving landscape of finance, it becomes increasingly important to consider the multifaceted implications of personalization. a comprehensive framework for analysis should incorporate both qualitative feedback and behavioral patterns to yield meaningful insights.",ai_generated,0.9992,0.0008,0.9992
post_0244edb1,user_00278,"Key considerations for crypto: 1) Prioritize scalability from day one. 2) Build cross-functional alignment early. 3) Measure outcomes with clear KPIs. By addressing these dimensions, stakeholders can achieve sustainable outcomes aligned with organizational objectives.",2024-04-18T12:25:58.212091+00:00,twitter,,,24,956,20,ai_generated,"key considerations for crypto: 1) prioritize scalability from day one. 2) build cross-functional alignment early. 3) measure outcomes with clear kpis. by addressing these dimensions, stakeholders can achieve sustainable outcomes aligned with organizational objectives.",ai_generated,0.9991,0.0009,0.9991
post_00297f3d,user_00020,you guys i just found out I misunderstood everything. my whole life is a lie,2024-04-04T23:42:36.478974+00:00,twitter,,,5,89,243,human,you guys i just found out i misunderstood everything. my whole life is a lie,human,0.9973,0.9973,0.0027
post_b4064736,user_00293,can't believe it's already March. where did the year go??,2024-06-21T05:29:57.433361+00:00,mastodon,,post_8e69d4d4,2,690,54,human,can't believe it's already march. where did the year go??,human,0.9994,0.9994,0.0006
post_925ed424,user_00077,"Key considerations for AI: 1) Prioritize scalability from day one. 2) Build cross-functional alignment early. 3) Measure outcomes with clear KPIs. By addressing these dimensions, stakeholders can achieve sustainable outcomes aligned with organizational objectives.",2024-06-22T23:29:00.276490+00:00,facebook,,,59,771,32,ai_generated,"key considerations for ai: 1) prioritize scalability from day one. 2) build cross-functional alignment early. 3) measure outcomes with clear kpis. by addressing these dimensions, stakeholders can achieve sustainable outcomes aligned with organizational objectives.",ai_generated,0.9992,0.0008,0.9992
post_0ba7e45e,user_00038,"As we navigate the evolving landscape of healthcare, it becomes increasingly important to consider the multifaceted implications of resilience. A comprehensive framework for analysis should incorporate both market signals and behavioral patterns to yield meaningful insights.",2024-06-16T14:08:48.739375+00:00,facebook,,,37,367,21,ai_generated,"as we navigate the evolving landscape of healthcare, it becomes increasingly important to consider the multifaceted implications of resilience. a comprehensive framework for analysis should incorporate both market signals and behavioral patterns to yield meaningful insights.",ai_generated,0.9992,0.0008,0.9992
post_8241dabd,user_00115,can't believe it's already November. where did the year go??,2024-03-21T20:40:08.835971+00:00,reddit,,,5,72,168,human,can't believe it's already november. where did the year go??,human,0.9995,0.9995,0.0005
post_6e6e93e3,user_00138,"Key considerations for remote work: 1) Prioritize scalability from day one. 2) Build cross-functional alignment early. 3) Measure outcomes with clear KPIs. By addressing these dimensions, stakeholders can achieve sustainable outcomes aligned with organizational objectives.",2024-04-12T17:14:32.270539+00:00,mastodon,,,12,244,133,ai_generated,"key considerations for remote work: 1) prioritize scalability from day one. 2) build cross-functional alignment early. 3) measure outcomes with clear kpis. by addressing these dimensions, stakeholders can achieve sustainable outcomes aligned with organizational objectives.",ai_generated,0.995,0.005,0.995
post_c3806f17,user_00259,The intersection of artificial intelligence and supply chain optimization presents significant opportunities for innovation. Organizations that prioritize data-driven decision-making will be well-positioned to capitalize on emerging trends in the coming quarters.,2024-04-05T20:15:05.794770+00:00,twitter,,,4,646,82,ai_generated,the intersection of artificial intelligence and supply chain optimization presents significant opportunities for innovation. organizations that prioritize data-driven decision-making will be well-positioned to capitalize on emerging trends in the coming quarters.,ai_generated,0.9989,0.0011,0.9989
post_401c15a1,user_00295,honestly whatever about that whole situation rn. mixed feelings for sure,2024-03-21T12:38:56.951693+00:00,mastodon,,,8,105,86,human,honestly whatever about that whole situation rn. mixed feelings for sure,human,0.9994,0.9994,0.0006
post_2735958c,user_00009,throwback to that time when we got completely lost. good times fr,2024-02-01T22:27:06.258575+00:00,facebook,,post_d9cc0c45,12,368,70,human,throwback to that time when we got completely lost. good times fr,human,0.9995,0.9995,0.0005
post_dfd1934b,user_00007,my fish is being so annoying today lmao,2024-01-15T12:43:28.847406+00:00,reddit,,post_2c15a75d,8,295,139,human,my fish is being so annoying today lmao,human,0.9995,0.9995,0.0005
post_eb4ff217,user_00046,The data clearly indicates that digital transformation is reshaping finance. Forward-thinking leaders must adapt their strategies to remain competitive. Leveraging cloud infrastructure will be paramount in this transition.,2024-06-02T11:48:08.653030+00:00,reddit,,,17,1915,17,ai_generated,the data clearly indicates that digital transformation is reshaping finance. forward-thinking leaders must adapt their strategies to remain competitive. leveraging cloud infrastructure will be paramount in this transition.,ai_generated,0.9987,0.0013,0.9987
post_e7b1fcd9,user_00265,my fish is being so annoying today lmao,2024-04-03T20:35:11.495227+00:00,twitter,,,1,284,27,human,my fish is being so annoying today lmao,human,0.9995,0.9995,0.0005
post_ade62d32,user_00086,The data clearly indicates that remote collaboration is reshaping retail. Forward-thinking leaders must adapt their strategies to remain competitive. Leveraging machine learning will be paramount in this transition.,2024-06-05T00:00:33.761272+00:00,facebook,,,20,717,74,ai_generated,the data clearly indicates that remote collaboration is reshaping retail. forward-thinking leaders must adapt their strategies to remain competitive. leveraging machine learning will be paramount in this transition.,ai_generated,0.9974,0.0026,0.9974
post_95e82e01,user_00046,unpopular opinion: mornings are fine. fight me,2024-02-10T06:27:46.451690+00:00,mastodon,,,23,234,263,human,unpopular opinion: mornings are fine. fight me,human,0.9995,0.9995,0.0005
post_c65af13b,user_00227,honestly whatever about that whole situation rn. mixed feelings for sure,2024-05-24T00:33:29.716240+00:00,facebook,,,5,65,178,human,honestly whatever about that whole situation rn. mixed feelings for sure,human,0.9994,0.9994,0.0006
post_9d7d623b,user_00241,I'm excited to share insights on remote work. The evidence strongly suggests that adoption rates have accelerated significantly. This has profound implications for communities worldwide. Let's discuss how we can leverage this for positive impact.,2024-02-27T11:13:32.648846+00:00,facebook,,,50,2551,26,ai_generated,i'm excited to share insights on remote work. the evidence strongly suggests that adoption rates have accelerated significantly. this has profound implications for communities worldwide. let's discuss how we can leverage this for positive impact.,ai_generated,0.9992,0.0008,0.9992
post_7b4ae5ba,user_00056,I'm excited to share insights on crypto. The evidence strongly suggests that adoption rates have accelerated significantly. This has profound implications for communities worldwide. Let's discuss how we can leverage this for positive impact.,2024-04-09T23:47:05.829164+00:00,reddit,,,55,633,43,ai_generated,i'm excited to share insights on crypto. the evidence strongly suggests that adoption rates have accelerated significantly. this has profound implications for communities worldwide. let's discuss how we can leverage this for positive impact.,ai_generated,0.9991,0.0009,0.9991
post_66497a04,user_00045,throwback to that time when we stayed up all night talking. good times fr,2024-03-23T13:56:17.891852+00:00,facebook,,,0,1155,120,human,throwback to that time when we stayed up all night talking. good times fr,human,0.9995,0.9995,0.0005
post_98723438,user_00299,unpopular opinion: mornings are fine. fight me,2024-01-06T06:17:13.531017+00:00,twitter,,,5,893,30,human,unpopular opinion: mornings are fine. fight me,human,0.9995,0.9995,0.0005
post_107737e2,user_00082,can't believe it's already January. where did the year go??,2024-01-27T09:56:40.644167+00:00,facebook,,,3,16,33,human,can't believe it's already january. where did the year go??,human,0.9995,0.9995,0.0005
post_3dd8cb47,user_00171,woke up at 4:30am for no reason and now i can't sleep. hate this,2024-05-09T18:53:43.663984+00:00,mastodon,,post_54458b0f,18,182,393,human,woke up at 4:30am for no reason and now i can't sleep. hate this,human,0.9995,0.9995,0.0005
post_81cee1da,user_00128,ok why does everyone suddenly care about digital transformation? been saying this for years,2024-03-18T10:35:04.567467+00:00,mastodon,,,19,183,4400,human,ok why does everyone suddenly care about digital transformation? been saying this for years,human,0.9995,0.9995,0.0005
post_324f1f4b,user_00039,just had the best pizza at a random food truck! totally worth it 😊,2024-01-18T03:54:40.023592+00:00,facebook,,,10,24,112,human,just had the best pizza at a random food truck! totally worth it 😊,human,0.9995,0.9995,0.0005
post_99be4717,user_00284,just had the best sushi at my friend's place! totally worth it 😊,2024-02-09T20:21:57.164996+00:00,twitter,,post_e3cd3468,16,56,194,human,just had the best sushi at my friend's place! totally worth it 😊,human,0.9995,0.9995,0.0005
post_d11cb04d,user_00107,The intersection of artificial intelligence and supply chain optimization presents significant opportunities for innovation. Organizations that prioritize stakeholder alignment will be well-positioned to capitalize on emerging trends in the coming quarters.,2024-01-25T09:10:11.845207+00:00,facebook,,,48,1813,32,ai_generated,the intersection of artificial intelligence and supply chain optimization presents significant opportunities for innovation. organizations that prioritize stakeholder alignment will be well-positioned to capitalize on emerging trends in the coming quarters.,ai_generated,0.9991,0.0009,0.9991
post_1cbe5b5c,user_00297,throwback to that time when we got completely lost. good times fr,2024-03-01T02:43:06.598374+00:00,facebook,,,5,292,199,human,throwback to that time when we got completely lost. good times fr,human,0.9995,0.9995,0.0005
post_e4617def,user_00010,honestly conflicted about that whole situation rn. mixed feelings for sure,2024-04-01T21:23:44.574620+00:00,reddit,,,9,70,15,human,honestly conflicted about that whole situation rn. mixed feelings for sure,human,0.9993,0.9993,0.0007
post_eaf720c1,user_00234,woke up at 4:30am for no reason and now i can't sleep. hate this,2024-01-23T21:52:19.403580+00:00,twitter,,,11,788,92,human,woke up at 4:30am for no reason and now i can't sleep. hate this,human,0.9995,0.9995,0.0005
post_e09480a8,user_00131,you guys i just found out I misunderstood everything. my whole life is a lie,2024-06-04T02:51:15.654257+00:00,mastodon,,,24,2699,16,human,you guys i just found out i misunderstood everything. my whole life is a lie,human,0.9935,0.9935,0.0065
post_3cee6718,user_00056,The intersection of digital transformation and customer experience presents significant opportunities for innovation. Organizations that prioritize stakeholder alignment will be well-positioned to capitalize on emerging trends in the coming quarters.,2024-06-05T10:48:45.229778+00:00,mastodon,,post_69d47c55,25,1456,20,ai_generated,the intersection of digital transformation and customer experience presents significant opportunities for innovation. organizations that prioritize stakeholder alignment will be well-positioned to capitalize on emerging trends in the coming quarters.,ai_generated,0.999,0.001,0.999
post_45d0c6c9,user_00016,The data clearly indicates that digital transformation is reshaping healthcare. Forward-thinking leaders must adapt their strategies to remain competitive. Leveraging machine learning will be paramount in this transition.,2024-05-09T21:52:45.791996+00:00,twitter,,,45,692,11,ai_generated,the data clearly indicates that digital transformation is reshaping healthcare. forward-thinking leaders must adapt their strategies to remain competitive. leveraging machine learning will be paramount in this transition.,ai_generated,0.9987,0.0013,0.9987
post_fdc1821e,user_00004,unpopular opinion: coffee is overrated. fight me,2024-04-17T20:51:28.869776+00:00,twitter,,,1,1735,670,human,unpopular opinion: coffee is overrated. fight me,human,0.9995,0.9995,0.0005
post_598ec38b,user_00106,can't believe it's already November. where did the year go??,2024-01-18T22:29:03.401743+00:00,mastodon,,,11,122,40,human,can't believe it's already november. where did the year go??,human,0.9994,0.9994,0.0006
post_abc1e14b,user_00142,ok why does everyone suddenly care about AI adoption? been saying this for years,2024-02-21T03:19:45.981082+00:00,facebook,,,15,244,221,human,ok why does everyone suddenly care about ai adoption? been saying this for years,human,0.9992,0.9992,0.0008
post_277bc351,user_00063,woke up at 4:30am for no reason and now i can't sleep. hate this,2024-05-10T23:17:46.853270+00:00,twitter,,,1,103,57,human,woke up at 4:30am for no reason and now i can't sleep. hate this,human,0.9995,0.9995,0.0005
post_1a22c1e0,user_00257,The intersection of sustainability and talent management presents significant opportunities for innovation. Organizations that prioritize stakeholder alignment will be well-positioned to capitalize on emerging trends in the coming quarters.,2024-02-04T01:51:55.808165+00:00,reddit,,,9,1785,56,ai_generated,the intersection of sustainability and talent management presents significant opportunities for innovation. organizations that prioritize stakeholder alignment will be well-positioned to capitalize on emerging trends in the coming quarters.,ai_generated,0.9986,0.0014,0.9986
post_049efcfa,user_00086,ok why does everyone suddenly care about AI adoption? been saying this for years,2024-02-02T21:43:22.892080+00:00,reddit,,,14,1531,212,human,ok why does everyone suddenly care about ai adoption? been saying this for years,human,0.999,0.999,0.001
post_096953ea,user_00299,honestly whatever about what happened yesterday rn. mixed feelings for sure,2024-02-25T13:50:00.682588+00:00,twitter,,,5,104,183,human,honestly whatever about what happened yesterday rn. mixed feelings for sure,human,0.9994,0.9994,0.0006
post_0423a0f1,user_00294,can't believe it's already August. where did the year go??,2024-01-07T15:08:31.873901+00:00,mastodon,,,4,18,80,human,can't believe it's already august. where did the year go??,human,0.9995,0.9995,0.0005
post_f7cef253,user_00150,my fish is being so annoying today lmao,2024-03-10T11:37:03.940804+00:00,mastodon,,post_51c65dd9,1,22,12,human,my fish is being so annoying today lmao,human,0.9995,0.9995,0.0005
post_8c6a6ae1,user_00167,throwback to that time when we stayed up all night talking. good times fr,2024-03-02T23:24:05.659435+00:00,twitter,,,32,273,626,human,throwback to that time when we stayed up all night talking. good times fr,human,0.9995,0.9995,0.0005
post_a75e317e,user_00296,you guys i just found out this has been happening for years. my whole life is a lie,2024-03-22T05:16:51.525416+00:00,facebook,,,9,5920,782,human,you guys i just found out this has been happening for years. my whole life is a lie,human,0.9987,0.9987,0.0013
post_125aadba,user_00215,The data clearly indicates that AI adoption is reshaping manufacturing. Forward-thinking leaders must adapt their strategies to remain competitive. Leveraging automation tools will be paramount in this transition.,2024-04-23T09:32:13.319043+00:00,mastodon,,,92,4355,123,ai_generated,the data clearly indicates that ai adoption is reshaping manufacturing. forward-thinking leaders must adapt their strategies to remain competitive. leveraging automation tools will be paramount in this transition.,ai_generated,0.999,0.001,0.999
post_0d99cd22,user_00003,ok why does everyone suddenly care about remote collaboration? been saying this for years,2024-02-21T22:34:16.826318+00:00,reddit,,,8,17,120,human,ok why does everyone suddenly care about remote collaboration? been saying this for years,human,0.9992,0.9992,0.0008
post_7a78f382,user_00060,my hamster is being so annoying today lmao,2024-03-05T11:50:35.336421+00:00,reddit,,,11,64,430,human,my hamster is being so annoying today lmao,human,0.9995,0.9995,0.0005
post_78d38825,user_00023,The intersection of digital transformation and talent management presents significant opportunities for innovation. Organizations that prioritize data-driven decision-making will be well-positioned to capitalize on emerging trends in the coming quarters.,2024-05-22T06:56:27.887098+00:00,reddit,,,16,628,14,ai_generated,the intersection of digital transformation and talent management presents significant opportunities for innovation. organizations that prioritize data-driven decision-making will be well-positioned to capitalize on emerging trends in the coming quarters.,ai_generated,0.999,0.001,0.999
post_06816170,user_00038,unpopular opinion: coffee is overrated. fight me,2024-01-25T16:47:21.557936+00:00,reddit,,,13,332,3722,human,unpopular opinion: coffee is overrated. fight me,human,0.9995,0.9995,0.0005
post_a31b637b,user_00223,can't believe it's already November. where did the year go??,2024-05-01T20:28:04.071541+00:00,reddit,,post_befc1a49,17,59,118,human,can't believe it's already november. where did the year go??,human,0.9994,0.9994,0.0006
post_6c739c81,user_00293,The data clearly indicates that digital transformation is reshaping manufacturing. Forward-thinking leaders must adapt their strategies to remain competitive. Leveraging cloud infrastructure will be paramount in this transition.,2024-04-19T02:25:29.582842+00:00,twitter,,,63,273,153,ai_generated,the data clearly indicates that digital transformation is reshaping manufacturing. forward-thinking leaders must adapt their strategies to remain competitive. leveraging cloud infrastructure will be paramount in this transition.,ai_generated,0.9966,0.0034,0.9966
post_63574763,user_00059,woke up at 4:30am for no reason and now i can't sleep. hate this,2024-02-13T17:56:34.993068+00:00,mastodon,,,29,23,6,human,woke up at 4:30am for no reason and now i can't sleep. hate this,human,0.9995,0.9995,0.0005
post_6d236e80,user_00213,"As we navigate the evolving landscape of retail, it becomes increasingly important to consider the multifaceted implications of personalization. A comprehensive framework for analysis should incorporate both quantitative metrics and regulatory frameworks to yield meaningful insights.",2024-03-16T06:05:05.098901+00:00,mastodon,,,30,518,31,ai_generated,"as we navigate the evolving landscape of retail, it becomes increasingly important to consider the multifaceted implications of personalization. a comprehensive framework for analysis should incorporate both quantitative metrics and regulatory frameworks to yield meaningful insights.",ai_generated,0.9992,0.0008,0.9992
post_fa412d93,user_00170,honestly whatever about the announcement rn. mixed feelings for sure,2024-02-29T20:37:50.138202+00:00,mastodon,,,5,218,248,human,honestly whatever about the announcement rn. mixed feelings for sure,human,0.9994,0.9994,0.0006
post_6b27ea68,user_00077,"As we navigate the evolving landscape of education, it becomes increasingly important to consider the multifaceted implications of resilience. A comprehensive framework for analysis should incorporate both market signals and regulatory frameworks to yield meaningful insights.",2024-06-23T13:34:02.947253+00:00,twitter,,,60,489,15,ai_generated,"as we navigate the evolving landscape of education, it becomes increasingly important to consider the multifaceted implications of resilience. a comprehensive framework for analysis should incorporate both market signals and regulatory frameworks to yield meaningful insights.",ai_generated,0.9992,0.0008,0.9992
post_9c9a7577,user_00236,"As we navigate the evolving landscape of healthcare, it becomes increasingly important to consider the multifaceted implications of automation. A comprehensive framework for analysis should incorporate both quantitative metrics and technological constraints to yield meaningful insights.",2024-03-20T12:21:05.419321+00:00,mastodon,,,0,1759,23,ai_generated,"as we navigate the evolving landscape of healthcare, it becomes increasingly important to consider the multifaceted implications of automation. a comprehensive framework for analysis should incorporate both quantitative metrics and technological constraints to yield meaningful insights.",ai_generated,0.9979,0.0021,0.9979
post_272ec42b,user_00207,"As we navigate the evolving landscape of education, it becomes increasingly important to consider the multifaceted implications of resilience. A comprehensive framework for analysis should incorporate both qualitative feedback and behavioral patterns to yield meaningful insights.",2024-06-17T21:56:46.117615+00:00,mastodon,,,55,772,59,ai_generated,"as we navigate the evolving landscape of education, it becomes increasingly important to consider the multifaceted implications of resilience. a comprehensive framework for analysis should incorporate both qualitative feedback and behavioral patterns to yield meaningful insights.",ai_generated,0.9992,0.0008,0.9992
post_95bc2706,user_00017,The data clearly indicates that remote collaboration is reshaping healthcare. Forward-thinking leaders must adapt their strategies to remain competitive. Leveraging machine learning will be paramount in this transition.,2024-03-09T08:25:07.603857+00:00,reddit,,post_fcb133d1,25,1250,14,ai_generated,the data clearly indicates that remote collaboration is reshaping healthcare. forward-thinking leaders must adapt their strategies to remain competitive. leveraging machine learning will be paramount in this transition.,ai_generated,0.9987,0.0013,0.9987
post_2f5d679f,user_00177,The intersection of sustainability and supply chain optimization presents significant opportunities for innovation. Organizations that prioritize stakeholder alignment will be well-positioned to capitalize on emerging trends in the coming quarters.,2024-06-20T11:27:15.435732+00:00,facebook,,,15,1413,19,ai_generated,the intersection of sustainability and supply chain optimization presents significant opportunities for innovation. organizations that prioritize stakeholder alignment will be well-positioned to capitalize on emerging trends in the coming quarters.,ai_generated,0.999,0.001,0.999
post_e664b56e,user_00210,"Key considerations for meditation: 1) Prioritize scalability from day one. 2) Build cross-functional alignment early. 3) Measure outcomes with clear KPIs. By addressing these dimensions, stakeholders can achieve sustainable outcomes aligned with organizational objectives.",2024-01-27T06:19:03.561737+00:00,reddit,,post_83b7e320,33,815,62,ai_generated,"key considerations for meditation: 1) prioritize scalability from day one. 2) build cross-functional alignment early. 3) measure outcomes with clear kpis. by addressing these dimensions, stakeholders can achieve sustainable outcomes aligned with organizational objectives.",ai_generated,0.9991,0.0009,0.9991
post_3e065c4d,user_00264,you guys i just found out this has been happening for years. my whole life is a lie,2024-04-24T02:10:05.640490+00:00,reddit,,,19,29,66,human,you guys i just found out this has been happening for years. my whole life is a lie,human,0.9991,0.9991,0.0009
post_51f281be,user_00143,I'm excited to share insights on veganism. The evidence strongly suggests that adoption rates have accelerated significantly. This has profound implications for communities worldwide. Let's discuss how we can leverage this for positive impact.,2024-05-27T16:18:46.485780+00:00,mastodon,,,96,1348,13,ai_generated,i'm excited to share insights on veganism. the evidence strongly suggests that adoption rates have accelerated significantly. this has profound implications for communities worldwide. let's discuss how we can leverage this for positive impact.,ai_generated,0.9992,0.0008,0.9992
post_fcb133d1,user_00236,can't believe it's already March. where did the year go??,2024-05-20T00:44:04.634784+00:00,facebook,,,13,99,48,human,can't believe it's already march. where did the year go??,human,0.9994,0.9994,0.0006
post_b8ff10c1,user_00288,ok why does everyone suddenly care about AI adoption? been saying this for years,2024-04-02T05:33:40.669764+00:00,mastodon,,post_88778478,2,238,16,human,ok why does everyone suddenly care about ai adoption? been saying this for years,human,0.9992,0.9992,0.0008
post_75274614,user_00281,does anyone else feel like veganism is totally overrated?,2024-05-06T00:48:56.553616+00:00,twitter,,post_fab77887,10,131,11,human,does anyone else feel like veganism is totally overrated?,human,0.9994,0.9994,0.0006
post_4eef1f59,user_00113,The intersection of sustainability and talent management presents significant opportunities for innovation. Organizations that prioritize data-driven decision-making will be well-positioned to capitalize on emerging trends in the coming quarters.,2024-01-21T00:00:42.936392+00:00,facebook,,post_8927cf5b,18,1405,127,ai_generated,the intersection of sustainability and talent management presents significant opportunities for innovation. organizations that prioritize data-driven decision-making will be well-positioned to capitalize on emerging trends in the coming quarters.,ai_generated,0.9988,0.0012,0.9988
post_02eafccb,user_00048,"As we navigate the evolving landscape of finance, it becomes increasingly important to consider the multifaceted implications of scalability. A comprehensive framework for analysis should incorporate both qualitative feedback and technological constraints to yield meaningful insights.",2024-02-29T21:03:05.879284+00:00,reddit,,,37,2442,37,ai_generated,"as we navigate the evolving landscape of finance, it becomes increasingly important to consider the multifaceted implications of scalability. a comprehensive framework for analysis should incorporate both qualitative feedback and technological constraints to yield meaningful insights.",ai_generated,0.9992,0.0008,0.9992
post_8be3c2dc,user_00145,just had the best tacos at a random food truck! totally worth it 😊,2024-06-20T16:55:12.923861+00:00,facebook,,,9,130,28,human,just had the best tacos at a random food truck! totally worth it 😊,human,0.9995,0.9995,0.0005
post_7df11b17,user_00126,ok why does everyone suddenly care about AI adoption? been saying this for years,2024-04-02T14:50:03.252448+00:00,facebook,,,14,108,73,human,ok why does everyone suddenly care about ai adoption? been saying this for years,human,0.9992,0.9992,0.0008
post_32e4217e,user_00200,"Key considerations for AI: 1) Prioritize scalability from day one. 2) Build cross-functional alignment early. 3) Measure outcomes with clear KPIs. By addressing these dimensions, stakeholders can achieve sustainable outcomes aligned with organizational objectives.",2024-02-04T19:21:11.012444+00:00,reddit,,,28,2093,37,ai_generated,"key considerations for ai: 1) prioritize scalability from day one. 2) build cross-functional alignment early. 3) measure outcomes with clear kpis. by addressing these dimensions, stakeholders can achieve sustainable outcomes aligned with organizational objectives.",ai_generated,0.9991,0.0009,0.9991
post_974de132,user_00085,just had the best sushi at this tiny spot downtown! totally worth it 😊,2024-05-24T17:04:57.933264+00:00,twitter,,,15,164,103,human,just had the best sushi at this tiny spot downtown! totally worth it 😊,human,0.9994,0.9994,0.0006
post_26bcc14b,user_00251,honestly whatever about the announcement rn. mixed feelings for sure,2024-05-26T09:04:13.565767+00:00,facebook,,,10,23,24,human,honestly whatever about the announcement rn. mixed feelings for sure,human,0.9994,0.9994,0.0006
post_0824d20d,user_00080,unpopular opinion: mornings are fine. fight me,2024-04-25T00:18:17.139616+00:00,mastodon,,,1,784,1893,human,unpopular opinion: mornings are fine. fight me,human,0.9995,0.9995,0.0005
post_2068594b,user_00024,can't believe it's already November. where did the year go??,2024-06-15T07:32:15.337261+00:00,twitter,,,26,625,70,human,can't believe it's already november. where did the year go??,human,0.9991,0.9991,0.0009
post_df374d94,user_00281,honestly nervous about that whole situation rn. mixed feelings for sure,2024-01-04T23:28:00.095951+00:00,twitter,,,19,112,11,human,honestly nervous about that whole situation rn. mixed feelings for sure,human,0.9993,0.9993,0.0007
post_096bcdd5,user_00232,you guys i just found out this has been happening for years. my whole life is a lie,2024-02-01T02:59:44.767732+00:00,facebook,,,4,2809,20,human,you guys i just found out this has been happening for years. my whole life is a lie,human,0.9975,0.9975,0.0025
post_dd3758b0,user_00047,throwback to that time when we got completely lost. good times fr,2024-02-27T01:15:59.583256+00:00,mastodon,,,20,67,18,human,throwback to that time when we got completely lost. good times fr,human,0.9995,0.9995,0.0005
post_48368fc0,user_00070,woke up at 5am for no reason and now i can't sleep. hate this,2024-05-18T09:57:43.228626+00:00,mastodon,,,10,59,1421,human,woke up at 5am for no reason and now i can't sleep. hate this,human,0.9995,0.9995,0.0005
post_6a8a70c7,user_00069,does anyone else feel like meditation is totally overrated?,2024-05-03T03:08:56.085212+00:00,reddit,,,10,943,471,human,does anyone else feel like meditation is totally overrated?,human,0.9994,0.9994,0.0006
post_88241de6,user_00006,throwback to that time when we stayed up all night talking. good times fr,2024-04-08T17:36:56.551711+00:00,facebook,,,5,152,297,human,throwback to that time when we stayed up all night talking. good times fr,human,0.9995,0.9995,0.0005
post_af21266c,user_00062,just had the best ramen at this tiny spot downtown! totally worth it 😊,2024-02-28T21:24:07.019217+00:00,reddit,,post_e892be14,26,541,165,human,just had the best ramen at this tiny spot downtown! totally worth it 😊,human,0.9994,0.9994,0.0006
post_65ba11ec,user_00277,The intersection of digital transformation and customer experience presents significant opportunities for innovation. Organizations that prioritize stakeholder alignment will be well-positioned to capitalize on emerging trends in the coming quarters.,2024-02-19T21:06:10.751941+00:00,facebook,,,94,449,60,ai_generated,the intersection of digital transformation and customer experience presents significant opportunities for innovation. organizations that prioritize stakeholder alignment will be well-positioned to capitalize on emerging trends in the coming quarters.,ai_generated,0.9991,0.0009,0.9991
post_6af2fa20,user_00044,can't believe it's already March. where did the year go??,2024-02-07T19:06:34.021929+00:00,twitter,,,7,256,2,human,can't believe it's already march. where did the year go??,human,0.9993,0.9993,0.0007
post_30d5192a,user_00080,you guys i just found out this has been happening for years. my whole life is a lie,2024-05-02T22:35:47.259526+00:00,mastodon,,,2,293,8,human,you guys i just found out this has been happening for years. my whole life is a lie,human,0.9988,0.9988,0.0012
post_9abeb087,user_00032,woke up at 4:30am for no reason and now i can't sleep. hate this,2024-06-19T22:04:53.430496+00:00,twitter,,,2,18,72,human,woke up at 4:30am for no reason and now i can't sleep. hate this,human,0.9995,0.9995,0.0005
post_b9592485,user_00160,does anyone else feel like veganism is totally overrated?,2024-03-01T20:49:32.330555+00:00,twitter,,,21,22,759,human,does anyone else feel like veganism is totally overrated?,human,0.9995,0.9995,0.0005
post_1b3f23b2,user_00179,I'm excited to share insights on meditation. The evidence strongly suggests that adoption rates have accelerated significantly. This has profound implications for practitioners worldwide. Let's discuss how we can leverage this for positive impact.,2024-03-03T01:50:37.664316+00:00,reddit,,,84,1019,31,ai_generated,i'm excited to share insights on meditation. the evidence strongly suggests that adoption rates have accelerated significantly. this has profound implications for practitioners worldwide. let's discuss how we can leverage this for positive impact.,ai_generated,0.9992,0.0008,0.9992
post_dabcf524,user_00090,throwback to that time when we got completely lost. good times fr,2024-04-24T07:09:51.668033+00:00,twitter,,post_222721c7,4,1225,76,human,throwback to that time when we got completely lost. good times fr,human,0.9995,0.9995,0.0005
post_2d40176f,user_00034,honestly nervous about that whole situation rn. mixed feelings for sure,2024-06-10T22:31:27.049994+00:00,facebook,,,9,553,17,human,honestly nervous about that whole situation rn. mixed feelings for sure,human,0.9992,0.9992,0.0008
post_1c1672a9,user_00238,woke up at 3am for no reason and now i can't sleep. hate this,2024-03-28T14:49:12.411318+00:00,mastodon,,,5,55,56,human,woke up at 3am for no reason and now i can't sleep. hate this,human,0.9995,0.9995,0.0005
post_327837fe,user_00258,just had the best biryani at this tiny spot downtown! totally worth it 😊,2024-06-29T18:35:11.516219+00:00,twitter,,,6,120,114,human,just had the best biryani at this tiny spot downtown! totally worth it 😊,human,0.9995,0.9995,0.0005
post_3af27ed2,user_00135,throwback to that time when we stayed up all night talking. good times fr,2024-06-25T01:59:57.694177+00:00,mastodon,,,39,38,508,human,throwback to that time when we stayed up all night talking. good times fr,human,0.9995,0.9995,0.0005
post_be51728b,user_00265,does anyone else feel like meditation is totally overrated?,2024-05-08T12:57:54.682295+00:00,mastodon,,,18,353,11,human,does anyone else feel like meditation is totally overrated?,human,0.9993,0.9993,0.0007
post_dd780e2a,user_00009,The data clearly indicates that AI adoption is reshaping retail. Forward-thinking leaders must adapt their strategies to remain competitive. Leveraging cloud infrastructure will be paramount in this transition.,2024-03-14T03:26:09.639188+00:00,mastodon,,,14,1194,79,ai_generated,the data clearly indicates that ai adoption is reshaping retail. forward-thinking leaders must adapt their strategies to remain competitive. leveraging cloud infrastructure will be paramount in this transition.,ai_generated,0.997,0.003,0.997
post_26fc687d,user_00268,"Key considerations for crypto: 1) Prioritize scalability from day one. 2) Build cross-functional alignment early. 3) Measure outcomes with clear KPIs. By addressing these dimensions, stakeholders can achieve sustainable outcomes aligned with organizational objectives.",2024-03-15T20:53:43.206341+00:00,reddit,,,32,2250,40,ai_generated,"key considerations for crypto: 1) prioritize scalability from day one. 2) build cross-functional alignment early. 3) measure outcomes with clear kpis. by addressing these dimensions, stakeholders can achieve sustainable outcomes aligned with organizational objectives.",ai_generated,0.9991,0.0009,0.9991
post_347a0014,user_00163,woke up at 3am for no reason and now i can't sleep. hate this,2024-04-21T05:39:56.739552+00:00,facebook,,,0,480,137,human,woke up at 3am for no reason and now i can't sleep. hate this,human,0.9995,0.9995,0.0005
post_3b249455,user_00242,you guys i just found out I misunderstood everything. my whole life is a lie,2024-02-21T22:15:38.320271+00:00,twitter,,,9,402,275,human,you guys i just found out i misunderstood everything. my whole life is a lie,human,0.9991,0.9991,0.0009
post_16946672,user_00112,The data clearly indicates that remote collaboration is reshaping manufacturing. Forward-thinking leaders must adapt their strategies to remain competitive. Leveraging cloud infrastructure will be paramount in this transition.,2024-03-16T10:31:59.250701+00:00,twitter,,,67,772,12,ai_generated,the data clearly indicates that remote collaboration is reshaping manufacturing. forward-thinking leaders must adapt their strategies to remain competitive. leveraging cloud infrastructure will be paramount in this transition.,ai_generated,0.999,0.001,0.999
post_79ef80d3,user_00278,unpopular opinion: mornings are fine. fight me,2024-06-23T13:58:06.836579+00:00,facebook,,post_2735958c,2,18,114,human,unpopular opinion: mornings are fine. fight me,human,0.9995,0.9995,0.0005
post_7c724fef,user_00213,just had the best biryani at a random food truck! totally worth it 😊,2024-06-16T08:32:44.560792+00:00,facebook,,,3,221,62,human,just had the best biryani at a random food truck! totally worth it 😊,human,0.9995,0.9995,0.0005
post_63ddf39c,user_00014,woke up at 5am for no reason and now i can't sleep. hate this,2024-06-21T20:04:43.011198+00:00,reddit,,,4,19,55,human,woke up at 5am for no reason and now i can't sleep. hate this,human,0.9995,0.9995,0.0005
post_f54a00e8,user_00040,honestly excited about that whole situation rn. mixed feelings for sure,2024-05-26T03:17:51.965986+00:00,reddit,,,8,79,18,human,honestly excited about that whole situation rn. mixed feelings for sure,human,0.9993,0.9993,0.0007
post_dc684304,user_00137,"Key considerations for AI: 1) Prioritize scalability from day one. 2) Build cross-functional alignment early. 3) Measure outcomes with clear KPIs. By addressing these dimensions, stakeholders can achieve sustainable outcomes aligned with organizational objectives.",2024-06-25T09:06:55.249033+00:00,facebook,,,32,836,19,ai_generated,"key considerations for ai: 1) prioritize scalability from day one. 2) build cross-functional alignment early. 3) measure outcomes with clear kpis. by addressing these dimensions, stakeholders can achieve sustainable outcomes aligned with organizational objectives.",ai_generated,0.9991,0.0009,0.9991
post_6245afaa,user_00231,honestly conflicted about the announcement rn. mixed feelings for sure,2024-03-03T22:17:39.371018+00:00,facebook,,,16,653,94,human,honestly conflicted about the announcement rn. mixed feelings for sure,human,0.9991,0.9991,0.0009
post_08f03c40,user_00195,can't believe it's already March. where did the year go??,2024-03-30T07:41:42.652764+00:00,twitter,,,21,23,16,human,can't believe it's already march. where did the year go??,human,0.9994,0.9994,0.0006
post_050a3444,user_00014,The data clearly indicates that AI adoption is reshaping finance. Forward-thinking leaders must adapt their strategies to remain competitive. Leveraging machine learning will be paramount in this transition.,2024-06-15T08:54:28.407707+00:00,facebook,,,29,700,34,ai_generated,the data clearly indicates that ai adoption is reshaping finance. forward-thinking leaders must adapt their strategies to remain competitive. leveraging machine learning will be paramount in this transition.,ai_generated,0.9957,0.0043,0.9957
post_f6272cd4,user_00056,you guys i just found out I misunderstood everything. my whole life is a lie,2024-06-28T03:04:35.434351+00:00,twitter,,post_1ec69323,3,32,101,human,you guys i just found out i misunderstood everything. my whole life is a lie,human,0.9993,0.9993,0.0007
post_7f80121d,user_00038,The data clearly indicates that remote collaboration is reshaping retail. Forward-thinking leaders must adapt their strategies to remain competitive. Leveraging machine learning will be paramount in this transition.,2024-04-23T14:02:35.755248+00:00,facebook,,,16,3148,51,ai_generated,the data clearly indicates that remote collaboration is reshaping retail. forward-thinking leaders must adapt their strategies to remain competitive. leveraging machine learning will be paramount in this transition.,ai_generated,0.9983,0.0017,0.9983
post_598e4e67,user_00256,ok why does everyone suddenly care about digital transformation? been saying this for years,2024-06-28T09:02:00.502920+00:00,mastodon,,,5,56,34,human,ok why does everyone suddenly care about digital transformation? been saying this for years,human,0.9989,0.9989,0.0011
post_ff1db506,user_00227,I'm excited to share insights on remote work. The evidence strongly suggests that adoption rates have accelerated significantly. This has profound implications for communities worldwide. Let's discuss how we can leverage this for positive impact.,2024-06-02T11:08:40.958354+00:00,twitter,,,63,483,26,ai_generated,i'm excited to share insights on remote work. the evidence strongly suggests that adoption rates have accelerated significantly. this has profound implications for communities worldwide. let's discuss how we can leverage this for positive impact.,ai_generated,0.9992,0.0008,0.9992
post_af28963f,user_00199,"Key considerations for veganism: 1) Prioritize scalability from day one. 2) Build cross-functional alignment early. 3) Measure outcomes with clear KPIs. By addressing these dimensions, stakeholders can achieve sustainable outcomes aligned with organizational objectives.",2024-02-20T19:00:51.181088+00:00,reddit,,,5,2870,16,ai_generated,"key considerations for veganism: 1) prioritize scalability from day one. 2) build cross-functional alignment early. 3) measure outcomes with clear kpis. by addressing these dimensions, stakeholders can achieve sustainable outcomes aligned with organizational objectives.",ai_generated,0.9991,0.0009,0.9991
post_fd4ae21c,user_00257,throwback to that time when we got completely lost. good times fr,2024-06-22T02:43:48.819549+00:00,mastodon,,,8,154,128,human,throwback to that time when we got completely lost. good times fr,human,0.9995,0.9995,0.0005
post_d85674c5,user_00211,you guys i just found out this has been happening for years. my whole life is a lie,2024-03-17T13:08:51.811362+00:00,facebook,,post_3a0eb40a,29,48,24,human,you guys i just found out this has been happening for years. my whole life is a lie,human,0.9986,0.9986,0.0014
post_72c63986,user_00299,you guys i just found out I misunderstood everything. my whole life is a lie,2024-03-17T13:06:12.163865+00:00,facebook,,,2,299,72,human,you guys i just found out i misunderstood everything. my whole life is a lie,human,0.9981,0.9981,0.0019
post_845809ec,user_00239,throwback to that time when we got completely lost. good times fr,2024-05-23T22:29:20.152620+00:00,twitter,,post_9365c9d2,53,2202,376,human,throwback to that time when we got completely lost. good times fr,human,0.9993,0.9993,0.0007
post_3f73279b,user_00126,ok why does everyone suddenly care about digital transformation? been saying this for years,2024-05-03T20:37:28.130480+00:00,facebook,,,0,99,133,human,ok why does everyone suddenly care about digital transformation? been saying this for years,human,0.9992,0.9992,0.0008
post_a1173eb6,user_00192,just had the best sushi at this tiny spot downtown! totally worth it 😊,2024-01-21T00:51:30.863085+00:00,facebook,,,1,810,112,human,just had the best sushi at this tiny spot downtown! totally worth it 😊,human,0.9995,0.9995,0.0005
post_ea6b8491,user_00124,"As we navigate the evolving landscape of education, it becomes increasingly important to consider the multifaceted implications of personalization. A comprehensive framework for analysis should incorporate both market signals and behavioral patterns to yield meaningful insights.",2024-03-04T17:32:57.849214+00:00,reddit,,,36,1587,31,ai_generated,"as we navigate the evolving landscape of education, it becomes increasingly important to consider the multifaceted implications of personalization. a comprehensive framework for analysis should incorporate both market signals and behavioral patterns to yield meaningful insights.",ai_generated,0.9992,0.0008,0.9992
post_2635a464,user_00073,I'm excited to share insights on crypto. The evidence strongly suggests that outcomes improve with structured frameworks. This has profound implications for practitioners worldwide. Let's discuss how we can leverage this for positive impact.,2024-01-01T09:17:58.139256+00:00,reddit,,post_84f8b8cf,24,1920,41,ai_generated,i'm excited to share insights on crypto. the evidence strongly suggests that outcomes improve with structured frameworks. this has profound implications for practitioners worldwide. let's discuss how we can leverage this for positive impact.,ai_generated,0.9991,0.0009,0.9991
post_8e21da0b,user_00086,does anyone else feel like remote work is totally overrated?,2024-01-16T11:59:38.003350+00:00,twitter,,,1,213,101,human,does anyone else feel like remote work is totally overrated?,human,0.9995,0.9995,0.0005
post_dd86b8c2,user_00257,I'm excited to share insights on veganism. The evidence strongly suggests that outcomes improve with structured frameworks. This has profound implications for practitioners worldwide. Let's discuss how we can leverage this for positive impact.,2024-02-29T17:38:57.283645+00:00,facebook,,post_0728a9fb,51,1657,41,ai_generated,i'm excited to share insights on veganism. the evidence strongly suggests that outcomes improve with structured frameworks. this has profound implications for practitioners worldwide. let's discuss how we can leverage this for positive impact.,ai_generated,0.9991,0.0009,0.9991
post_dfba422a,user_00115,throwback to that time when we stayed up all night talking. good times fr,2024-01-04T15:40:52.011944+00:00,reddit,,,4,124,194,human,throwback to that time when we stayed up all night talking. good times fr,human,0.9995,0.9995,0.0005
post_5a333b6d,user_00251,unpopular opinion: coffee is overrated. fight me,2024-06-19T12:20:32.046246+00:00,reddit,,,2,1114,87,human,unpopular opinion: coffee is overrated. fight me,human,0.9995,0.9995,0.0005
post_63b5c3c9,user_00110,I'm excited to share insights on meditation. The evidence strongly suggests that outcomes improve with structured frameworks. This has profound implications for communities worldwide. Let's discuss how we can leverage this for positive impact.,2024-05-24T08:39:53.034424+00:00,twitter,,post_17bc759a,9,853,68,ai_generated,i'm excited to share insights on meditation. the evidence strongly suggests that outcomes improve with structured frameworks. this has profound implications for communities worldwide. let's discuss how we can leverage this for positive impact.,ai_generated,0.999,0.001,0.999
post_eedd4fe7,user_00193,just had the best pasta at a random food truck! totally worth it 😊,2024-01-10T17:49:03.173543+00:00,reddit,,,0,619,100,human,just had the best pasta at a random food truck! totally worth it 😊,human,0.9995,0.9995,0.0005
post_5c9ecd7c,user_00090,The data clearly indicates that remote collaboration is reshaping manufacturing. Forward-thinking leaders must adapt their strategies to remain competitive. Leveraging cloud infrastructure will be paramount in this transition.,2024-04-15T16:07:14.198500+00:00,mastodon,,,34,526,10,ai_generated,the data clearly indicates that remote collaboration is reshaping manufacturing. forward-thinking leaders must adapt their strategies to remain competitive. leveraging cloud infrastructure will be paramount in this transition.,ai_generated,0.9987,0.0013,0.9987
post_e3cd3468,user_00197,you guys i just found out this has been happening for years. my whole life is a lie,2024-05-07T12:02:22.998270+00:00,twitter,,post_565b9fd7,1,27,50,human,you guys i just found out this has been happening for years. my whole life is a lie,human,0.9993,0.9993,0.0007
post_f10e6d9e,user_00020,can't believe it's already January. where did the year go??,2024-02-24T23:41:33.037342+00:00,reddit,,,0,260,15,human,can't believe it's already january. where did the year go??,human,0.9994,0.9994,0.0006
post_acd27afb,user_00257,I'm excited to share insights on remote work. The evidence strongly suggests that outcomes improve with structured frameworks. This has profound implications for practitioners worldwide. Let's discuss how we can leverage this for positive impact.,2024-03-06T04:16:22.061221+00:00,mastodon,,,65,2054,19,ai_generated,i'm excited to share insights on remote work. the evidence strongly suggests that outcomes improve with structured frameworks. this has profound implications for practitioners worldwide. let's discuss how we can leverage this for positive impact.,ai_generated,0.9992,0.0008,0.9992
post_babd28bf,user_00078,The data clearly indicates that remote collaboration is reshaping finance. Forward-thinking leaders must adapt their strategies to remain competitive. Leveraging machine learning will be paramount in this transition.,2024-02-06T22:10:59.662757+00:00,facebook,,,51,6573,58,ai_generated,the data clearly indicates that remote collaboration is reshaping finance. forward-thinking leaders must adapt their strategies to remain competitive. leveraging machine learning will be paramount in this transition.,ai_generated,0.999,0.001,0.999
post_7150b0dc,user_00284,ok why does everyone suddenly care about digital transformation? been saying this for years,2024-02-29T08:40:29.643610+00:00,mastodon,,post_31a59a20,3,334,114,human,ok why does everyone suddenly care about digital transformation? been saying this for years,human,0.9988,0.9988,0.0012
post_ece75b2e,user_00072,ok why does everyone suddenly care about remote collaboration? been saying this for years,2024-01-18T05:41:41.291134+00:00,twitter,,,9,31,14,human,ok why does everyone suddenly care about remote collaboration? been saying this for years,human,0.9988,0.9988,0.0012
post_ea4282cf,user_00107,throwback to that time when we got completely lost. good times fr,2024-03-23T10:35:21.796623+00:00,mastodon,,,1,59,12,human,throwback to that time when we got completely lost. good times fr,human,0.9995,0.9995,0.0005
post_ac088768,user_00083,I'm excited to share insights on AI. The evidence strongly suggests that outcomes improve with structured frameworks. This has profound implications for organizations worldwide. Let's discuss how we can leverage this for positive impact.,2024-01-21T17:50:36.776330+00:00,twitter,,,46,1162,26,ai_generated,i'm excited to share insights on ai. the evidence strongly suggests that outcomes improve with structured frameworks. this has profound implications for organizations worldwide. let's discuss how we can leverage this for positive impact.,ai_generated,0.9991,0.0009,0.9991
post_fa698908,user_00277,can't believe it's already January. where did the year go??,2024-06-12T09:26:37.765545+00:00,mastodon,,,0,19,91,human,can't believe it's already january. where did the year go??,human,0.9995,0.9995,0.0005
post_99e5e600,user_00053,"Key considerations for veganism: 1) Prioritize scalability from day one. 2) Build cross-functional alignment early. 3) Measure outcomes with clear KPIs. By addressing these dimensions, stakeholders can achieve sustainable outcomes aligned with organizational objectives.",2024-02-03T22:55:29.622727+00:00,mastodon,,post_10743797,19,2206,20,ai_generated,"key considerations for veganism: 1) prioritize scalability from day one. 2) build cross-functional alignment early. 3) measure outcomes with clear kpis. by addressing these dimensions, stakeholders can achieve sustainable outcomes aligned with organizational objectives.",ai_generated,0.9992,0.0008,0.9992
post_b7d939ce,user_00101,can't believe it's already August. where did the year go??,2024-01-21T16:01:01.384523+00:00,twitter,,,37,261,120,human,can't believe it's already august. where did the year go??,human,0.9992,0.9992,0.0008
post_cb44c69a,user_00225,ok why does everyone suddenly care about AI adoption? been saying this for years,2024-06-29T16:18:16.279113+00:00,mastodon,,,0,392,33,human,ok why does everyone suddenly care about ai adoption? been saying this for years,human,0.9993,0.9993,0.0007
post_f47de095,user_00070,ok why does everyone suddenly care about digital transformation? been saying this for years,2024-04-29T07:50:38.938943+00:00,facebook,,,5,5,36,human,ok why does everyone suddenly care about digital transformation? been saying this for years,human,0.9992,0.9992,0.0008
post_d6929767,user_00024,can't believe it's already March. where did the year go??,2024-03-23T18:38:26.335552+00:00,mastodon,,post_9a1da268,4,1055,1750,human,can't believe it's already march. where did the year go??,human,0.9995,0.9995,0.0005
post_ce1a7844,user_00152,I'm excited to share insights on crypto. The evidence strongly suggests that adoption rates have accelerated significantly. This has profound implications for organizations worldwide. Let's discuss how we can leverage this for positive impact.,2024-02-10T06:22:34.756544+00:00,facebook,,post_5dcba381,71,627,28,ai_generated,i'm excited to share insights on crypto. the evidence strongly suggests that adoption rates have accelerated significantly. this has profound implications for organizations worldwide. let's discuss how we can leverage this for positive impact.,ai_generated,0.9992,0.0008,0.9992
post_5c50930b,user_00134,does anyone else feel like meditation is totally overrated?,2024-02-23T08:24:59.613382+00:00,facebook,,post_4c08d189,1,660,320,human,does anyone else feel like meditation is totally overrated?,human,0.9995,0.9995,0.0005
post_6a303a98,user_00129,honestly conflicted about the announcement rn. mixed feelings for sure,2024-03-23T23:55:58.322398+00:00,reddit,,,3,4,96,human,honestly conflicted about the announcement rn. mixed feelings for sure,human,0.9995,0.9995,0.0005
post_8f5b2bdf,user_00266,"Key considerations for AI: 1) Prioritize scalability from day one. 2) Build cross-functional alignment early. 3) Measure outcomes with clear KPIs. By addressing these dimensions, stakeholders can achieve sustainable outcomes aligned with organizational objectives.",2024-06-13T11:26:17.073856+00:00,twitter,,,89,551,195,ai_generated,"key considerations for ai: 1) prioritize scalability from day one. 2) build cross-functional alignment early. 3) measure outcomes with clear kpis. by addressing these dimensions, stakeholders can achieve sustainable outcomes aligned with organizational objectives.",ai_generated,0.9971,0.0029,0.9971
post_ece00eaa,user_00202,I'm excited to share insights on veganism. The evidence strongly suggests that adoption rates have accelerated significantly. This has profound implications for organizations worldwide. Let's discuss how we can leverage this for positive impact.,2024-06-05T05:22:16.159621+00:00,facebook,,,35,1212,65,ai_generated,i'm excited to share insights on veganism. the evidence strongly suggests that adoption rates have accelerated significantly. this has profound implications for organizations worldwide. let's discuss how we can leverage this for positive impact.,ai_generated,0.9991,0.0009,0.9991
post_9f356c86,user_00031,ok why does everyone suddenly care about remote collaboration? been saying this for years,2024-01-15T23:52:59.597990+00:00,facebook,,,9,68,1217,human,ok why does everyone suddenly care about remote collaboration? been saying this for years,human,0.9994,0.9994,0.0006
post_319adf8a,user_00101,can't believe it's already November. where did the year go??,2024-02-03T22:37:53.244331+00:00,twitter,,post_914c337b,10,67,303,human,can't believe it's already november. where did the year go??,human,0.9994,0.9994,0.0006
post_d10897c4,user_00179,can't believe it's already November. where did the year go??,2024-04-12T18:34:49.095518+00:00,facebook,,,6,137,11,human,can't believe it's already november. where did the year go??,human,0.9994,0.9994,0.0006
post_166f7e52,user_00125,The data clearly indicates that AI adoption is reshaping healthcare. Forward-thinking leaders must adapt their strategies to remain competitive. Leveraging automation tools will be paramount in this transition.,2024-06-25T13:34:48.076911+00:00,mastodon,,,25,2615,6,ai_generated,the data clearly indicates that ai adoption is reshaping healthcare. forward-thinking leaders must adapt their strategies to remain competitive. leveraging automation tools will be paramount in this transition.,ai_generated,0.9989,0.0011,0.9989
post_66b37cfb,user_00089,The data clearly indicates that digital transformation is reshaping finance. Forward-thinking leaders must adapt their strategies to remain competitive. Leveraging cloud infrastructure will be paramount in this transition.,2024-02-25T17:07:07.440113+00:00,facebook,,,52,541,7,ai_generated,the data clearly indicates that digital transformation is reshaping finance. forward-thinking leaders must adapt their strategies to remain competitive. leveraging cloud infrastructure will be paramount in this transition.,ai_generated,0.9989,0.0011,0.9989
post_e462e93e,user_00298,I'm excited to share insights on veganism. The evidence strongly suggests that adoption rates have accelerated significantly. This has profound implications for organizations worldwide. Let's discuss how we can leverage this for positive impact.,2024-03-05T07:02:46.126622+00:00,reddit,,,22,1605,32,ai_generated,i'm excited to share insights on veganism. the evidence strongly suggests that adoption rates have accelerated significantly. this has profound implications for organizations worldwide. let's discuss how we can leverage this for positive impact.,ai_generated,0.9991,0.0009,0.9991
post_1db7bd75,user_00020,just had the best ramen at a random food truck! totally worth it 😊,2024-06-29T01:30:58.982289+00:00,mastodon,,,31,211,79,human,just had the best ramen at a random food truck! totally worth it 😊,human,0.9994,0.9994,0.0006
post_d51e281d,user_00174,you guys i just found out I misunderstood everything. my whole life is a lie,2024-06-21T14:00:30.270289+00:00,twitter,,post_4b6f6331,7,102,152,human,you guys i just found out i misunderstood everything. my whole life is a lie,human,0.9991,0.9991,0.0009
post_6acfbc3d,user_00225,can't believe it's already January. where did the year go??,2024-01-19T04:40:03.266955+00:00,mastodon,,,15,270,2,human,can't believe it's already january. where did the year go??,human,0.999,0.999,0.001
post_7ba11128,user_00075,honestly conflicted about that whole situation rn. mixed feelings for sure,2024-04-07T17:26:06.937236+00:00,facebook,,,3,107,61,human,honestly conflicted about that whole situation rn. mixed feelings for sure,human,0.9994,0.9994,0.0006
post_cfc1d677,user_00055,The intersection of artificial intelligence and talent management presents significant opportunities for innovation. Organizations that prioritize data-driven decision-making will be well-positioned to capitalize on emerging trends in the coming quarters.,2024-05-18T15:53:13.713511+00:00,twitter,,,24,1727,65,ai_generated,the intersection of artificial intelligence and talent management presents significant opportunities for innovation. organizations that prioritize data-driven decision-making will be well-positioned to capitalize on emerging trends in the coming quarters.,ai_generated,0.999,0.001,0.999
post_7c9aca5d,user_00013,"Key considerations for remote work: 1) Prioritize scalability from day one. 2) Build cross-functional alignment early. 3) Measure outcomes with clear KPIs. By addressing these dimensions, stakeholders can achieve sustainable outcomes aligned with organizational objectives.",2024-01-11T09:36:11.771501+00:00,reddit,,,80,144,66,ai_generated,"key considerations for remote work: 1) prioritize scalability from day one. 2) build cross-functional alignment early. 3) measure outcomes with clear kpis. by addressing these dimensions, stakeholders can achieve sustainable outcomes aligned with organizational objectives.",ai_generated,0.9991,0.0009,0.9991
post_9815f878,user_00015,The data clearly indicates that digital transformation is reshaping healthcare. Forward-thinking leaders must adapt their strategies to remain competitive. Leveraging cloud infrastructure will be paramount in this transition.,2024-04-14T18:51:42.996357+00:00,twitter,,,31,1159,81,ai_generated,the data clearly indicates that digital transformation is reshaping healthcare. forward-thinking leaders must adapt their strategies to remain competitive. leveraging cloud infrastructure will be paramount in this transition.,ai_generated,0.9986,0.0014,0.9986
post_8c905c77,user_00103,"Key considerations for meditation: 1) Prioritize scalability from day one. 2) Build cross-functional alignment early. 3) Measure outcomes with clear KPIs. By addressing these dimensions, stakeholders can achieve sustainable outcomes aligned with organizational objectives.",2024-02-20T05:10:23.745121+00:00,twitter,,post_558d189b,28,4482,43,ai_generated,"key considerations for meditation: 1) prioritize scalability from day one. 2) build cross-functional alignment early. 3) measure outcomes with clear kpis. by addressing these dimensions, stakeholders can achieve sustainable outcomes aligned with organizational objectives.",ai_generated,0.9992,0.0008,0.9992
post_dedaebf2,user_00209,honestly whatever about that whole situation rn. mixed feelings for sure,2024-03-29T12:02:34.023147+00:00,facebook,,,17,111,135,human,honestly whatever about that whole situation rn. mixed feelings for sure,human,0.9993,0.9993,0.0007
post_fe13e3b5,user_00085,ok why does everyone suddenly care about digital transformation? been saying this for years,2024-05-05T02:10:10.516979+00:00,reddit,,,18,129,23,human,ok why does everyone suddenly care about digital transformation? been saying this for years,human,0.9979,0.9979,0.0021
post_30ed1840,user_00010,you guys i just found out this has been happening for years. my whole life is a lie,2024-01-18T01:20:04.312154+00:00,reddit,,,3,682,157,human,you guys i just found out this has been happening for years. my whole life is a lie,human,0.9991,0.9991,0.0009
post_c9562391,user_00299,"As we navigate the evolving landscape of finance, it becomes increasingly important to consider the multifaceted implications of resilience. A comprehensive framework for analysis should incorporate both market signals and regulatory frameworks to yield meaningful insights.",2024-01-21T08:06:33.410864+00:00,facebook,,,78,346,55,ai_generated,"as we navigate the evolving landscape of finance, it becomes increasingly important to consider the multifaceted implications of resilience. a comprehensive framework for analysis should incorporate both market signals and regulatory frameworks to yield meaningful insights.",ai_generated,0.9992,0.0008,0.9992
post_3d27fff1,user_00047,can't believe it's already March. where did the year go??,2024-02-10T23:56:24.892472+00:00,twitter,,,11,35,35,human,can't believe it's already march. where did the year go??,human,0.9994,0.9994,0.0006
post_9ff9da7d,user_00006,my hamster is being so annoying today lmao,2024-03-09T11:42:56.663426+00:00,facebook,,,6,62,133,human,my hamster is being so annoying today lmao,human,0.9995,0.9995,0.0005
post_cc3cfda3,user_00146,woke up at 4:30am for no reason and now i can't sleep. hate this,2024-06-06T22:04:27.909492+00:00,mastodon,,,3,282,317,human,woke up at 4:30am for no reason and now i can't sleep. hate this,human,0.9995,0.9995,0.0005
post_d0f18654,user_00037,The intersection of digital transformation and supply chain optimization presents significant opportunities for innovation. Organizations that prioritize stakeholder alignment will be well-positioned to capitalize on emerging trends in the coming quarters.,2024-04-14T21:21:02.959889+00:00,mastodon,,,44,1937,11,ai_generated,the intersection of digital transformation and supply chain optimization presents significant opportunities for innovation. organizations that prioritize stakeholder alignment will be well-positioned to capitalize on emerging trends in the coming quarters.,ai_generated,0.9992,0.0008,0.9992
post_c1ec344f,user_00230,"Key considerations for meditation: 1) Prioritize scalability from day one. 2) Build cross-functional alignment early. 3) Measure outcomes with clear KPIs. By addressing these dimensions, stakeholders can achieve sustainable outcomes aligned with organizational objectives.",2024-02-01T06:08:46.735155+00:00,reddit,,,82,478,20,ai_generated,"key considerations for meditation: 1) prioritize scalability from day one. 2) build cross-functional alignment early. 3) measure outcomes with clear kpis. by addressing these dimensions, stakeholders can achieve sustainable outcomes aligned with organizational objectives.",ai_generated,0.9992,0.0008,0.9992
post_69ee24de,user_00226,"As we navigate the evolving landscape of finance, it becomes increasingly important to consider the multifaceted implications of automation. A comprehensive framework for analysis should incorporate both qualitative feedback and technological constraints to yield meaningful insights.",2024-04-28T00:56:48.031769+00:00,facebook,,post_04dd2710,112,1336,195,ai_generated,"as we navigate the evolving landscape of finance, it becomes increasingly important to consider the multifaceted implications of automation. a comprehensive framework for analysis should incorporate both qualitative feedback and technological constraints to yield meaningful insights.",ai_generated,0.9992,0.0008,0.9992
post_d5c3ae51,user_00239,The data clearly indicates that remote collaboration is reshaping finance. Forward-thinking leaders must adapt their strategies to remain competitive. Leveraging cloud infrastructure will be paramount in this transition.,2024-03-27T22:57:14.670286+00:00,twitter,,post_ce97ff4c,28,299,36,ai_generated,the data clearly indicates that remote collaboration is reshaping finance. forward-thinking leaders must adapt their strategies to remain competitive. leveraging cloud infrastructure will be paramount in this transition.,ai_generated,0.996,0.004,0.996
post_44a0359b,user_00153,"Key considerations for AI: 1) Prioritize scalability from day one. 2) Build cross-functional alignment early. 3) Measure outcomes with clear KPIs. By addressing these dimensions, stakeholders can achieve sustainable outcomes aligned with organizational objectives.",2024-03-12T05:01:11.177362+00:00,twitter,,,30,1431,16,ai_generated,"key considerations for ai: 1) prioritize scalability from day one. 2) build cross-functional alignment early. 3) measure outcomes with clear kpis. by addressing these dimensions, stakeholders can achieve sustainable outcomes aligned with organizational objectives.",ai_generated,0.9991,0.0009,0.9991
post_7c0dba1c,user_00115,just had the best pizza at this tiny spot downtown! totally worth it 😊,2024-04-29T05:37:29.324077+00:00,reddit,,post_f319c769,20,140,726,human,just had the best pizza at this tiny spot downtown! totally worth it 😊,human,0.9995,0.9995,0.0005
post_58845389,user_00257,you guys i just found out I misunderstood everything. my whole life is a lie,2024-02-26T19:31:25.086089+00:00,mastodon,,,26,85,127,human,you guys i just found out i misunderstood everything. my whole life is a lie,human,0.999,0.999,0.001
post_e397b5c1,user_00044,you guys i just found out I misunderstood everything. my whole life is a lie,2024-02-22T22:28:46.954847+00:00,facebook,,post_7f4ff7fa,21,6,68,human,you guys i just found out i misunderstood everything. my whole life is a lie,human,0.9994,0.9994,0.0006
post_7b65aaab,user_00000,I'm excited to share insights on crypto. The evidence strongly suggests that outcomes improve with structured frameworks. This has profound implications for practitioners worldwide. Let's discuss how we can leverage this for positive impact.,2024-02-06T04:44:51.740524+00:00,reddit,,post_3b202fea,22,584,15,ai_generated,i'm excited to share insights on crypto. the evidence strongly suggests that outcomes improve with structured frameworks. this has profound implications for practitioners worldwide. let's discuss how we can leverage this for positive impact.,ai_generated,0.999,0.001,0.999
post_0237ce55,user_00021,ok why does everyone suddenly care about AI adoption? been saying this for years,2024-05-29T16:31:22.135646+00:00,twitter,,post_32d864f4,4,11,19,human,ok why does everyone suddenly care about ai adoption? been saying this for years,human,0.9994,0.9994,0.0006
post_37cf4ff4,user_00212,does anyone else feel like veganism is totally overrated?,2024-02-09T19:10:12.627070+00:00,reddit,,,7,1,76,human,does anyone else feel like veganism is totally overrated?,human,0.9995,0.9995,0.0005
post_4c68d6d7,user_00201,"Key considerations for meditation: 1) Prioritize scalability from day one. 2) Build cross-functional alignment early. 3) Measure outcomes with clear KPIs. By addressing these dimensions, stakeholders can achieve sustainable outcomes aligned with organizational objectives.",2024-01-25T22:50:54.757062+00:00,reddit,,,135,3200,33,ai_generated,"key considerations for meditation: 1) prioritize scalability from day one. 2) build cross-functional alignment early. 3) measure outcomes with clear kpis. by addressing these dimensions, stakeholders can achieve sustainable outcomes aligned with organizational objectives.",ai_generated,0.9992,0.0008,0.9992
post_b6a14997,user_00079,"Key considerations for meditation: 1) Prioritize scalability from day one. 2) Build cross-functional alignment early. 3) Measure outcomes with clear KPIs. By addressing these dimensions, stakeholders can achieve sustainable outcomes aligned with organizational objectives.",2024-01-18T05:54:20.317892+00:00,reddit,,post_ec0028c7,42,3515,51,ai_generated,"key considerations for meditation: 1) prioritize scalability from day one. 2) build cross-functional alignment early. 3) measure outcomes with clear kpis. by addressing these dimensions, stakeholders can achieve sustainable outcomes aligned with organizational objectives.",ai_generated,0.9992,0.0008,0.9992
post_d25fd074,user_00137,you guys i just found out I misunderstood everything. my whole life is a lie,2024-02-05T11:56:48.561892+00:00,reddit,,post_66f603fe,7,81,44,human,you guys i just found out i misunderstood everything. my whole life is a lie,human,0.9991,0.9991,0.0009
post_14f83936,user_00079,does anyone else feel like AI is totally overrated?,2024-04-12T23:26:55.429790+00:00,mastodon,,,34,516,172,human,does anyone else feel like ai is totally overrated?,human,0.9995,0.9995,0.0005
post_be5b7b7b,user_00047,you guys i just found out I misunderstood everything. my whole life is a lie,2024-01-22T17:05:14.144705+00:00,facebook,,,1,463,447,human,you guys i just found out i misunderstood everything. my whole life is a lie,human,0.9958,0.9958,0.0042
post_4002180b,user_00098,The data clearly indicates that remote collaboration is reshaping finance. Forward-thinking leaders must adapt their strategies to remain competitive. Leveraging machine learning will be paramount in this transition.,2024-02-19T21:30:58.346704+00:00,reddit,,,20,3332,35,ai_generated,the data clearly indicates that remote collaboration is reshaping finance. forward-thinking leaders must adapt their strategies to remain competitive. leveraging machine learning will be paramount in this transition.,ai_generated,0.9986,0.0014,0.9986
post_dd2f977b,user_00034,"Key considerations for AI: 1) Prioritize scalability from day one. 2) Build cross-functional alignment early. 3) Measure outcomes with clear KPIs. By addressing these dimensions, stakeholders can achieve sustainable outcomes aligned with organizational objectives.",2024-01-08T08:53:34.861576+00:00,reddit,,,14,1867,29,ai_generated,"key considerations for ai: 1) prioritize scalability from day one. 2) build cross-functional alignment early. 3) measure outcomes with clear kpis. by addressing these dimensions, stakeholders can achieve sustainable outcomes aligned with organizational objectives.",ai_generated,0.9991,0.0009,0.9991
post_75814796,user_00227,The data clearly indicates that AI adoption is reshaping finance. Forward-thinking leaders must adapt their strategies to remain competitive. Leveraging machine learning will be paramount in this transition.,2024-01-15T20:08:42.660213+00:00,reddit,,,29,7344,9,ai_generated,the data clearly indicates that ai adoption is reshaping finance. forward-thinking leaders must adapt their strategies to remain competitive. leveraging machine learning will be paramount in this transition.,ai_generated,0.9991,0.0009,0.9991
post_8ac6c3f9,user_00025,honestly whatever about the announcement rn. mixed feelings for sure,2024-03-04T06:39:11.987923+00:00,twitter,,,7,201,1046,human,honestly whatever about the announcement rn. mixed feelings for sure,human,0.9995,0.9995,0.0005
post_06a48d95,user_00029,"Key considerations for remote work: 1) Prioritize scalability from day one. 2) Build cross-functional alignment early. 3) Measure outcomes with clear KPIs. By addressing these dimensions, stakeholders can achieve sustainable outcomes aligned with organizational objectives.",2024-05-01T08:31:44.166872+00:00,twitter,,,13,1723,27,ai_generated,"key considerations for remote work: 1) prioritize scalability from day one. 2) build cross-functional alignment early. 3) measure outcomes with clear kpis. by addressing these dimensions, stakeholders can achieve sustainable outcomes aligned with organizational objectives.",ai_generated,0.9991,0.0009,0.9991
post_ae3ab93d,user_00202,woke up at 5am for no reason and now i can't sleep. hate this,2024-02-23T00:03:46.044822+00:00,mastodon,,post_c81748a2,33,711,90,human,woke up at 5am for no reason and now i can't sleep. hate this,human,0.9995,0.9995,0.0005
post_e2e40ede,user_00239,honestly nervous about what happened yesterday rn. mixed feelings for sure,2024-06-07T08:13:54.415799+00:00,mastodon,,,37,47,73,human,honestly nervous about what happened yesterday rn. mixed feelings for sure,human,0.9992,0.9992,0.0008
post_bc37874a,user_00298,unpopular opinion: open offices are terrible. fight me,2024-04-28T01:33:05.781105+00:00,facebook,,,2,978,141,human,unpopular opinion: open offices are terrible. fight me,human,0.9995,0.9995,0.0005
post_c5a28eba,user_00185,throwback to that time when we stayed up all night talking. good times fr,2024-04-17T12:45:10.682337+00:00,mastodon,,,5,153,63,human,throwback to that time when we stayed up all night talking. good times fr,human,0.9995,0.9995,0.0005
post_174f9ac5,user_00101,"As we navigate the evolving landscape of education, it becomes increasingly important to consider the multifaceted implications of automation. A comprehensive framework for analysis should incorporate both market signals and regulatory frameworks to yield meaningful insights.",2024-03-01T02:42:18.476725+00:00,mastodon,,,64,1302,62,ai_generated,"as we navigate the evolving landscape of education, it becomes increasingly important to consider the multifaceted implications of automation. a comprehensive framework for analysis should incorporate both market signals and regulatory frameworks to yield meaningful insights.",ai_generated,0.9992,0.0008,0.9992
post_13c2a3ad,user_00218,The intersection of digital transformation and customer experience presents significant opportunities for innovation. Organizations that prioritize stakeholder alignment will be well-positioned to capitalize on emerging trends in the coming quarters.,2024-01-09T20:58:44.144608+00:00,mastodon,,,61,252,26,ai_generated,the intersection of digital transformation and customer experience presents significant opportunities for innovation. organizations that prioritize stakeholder alignment will be well-positioned to capitalize on emerging trends in the coming quarters.,ai_generated,0.999,0.001,0.999
post_84e4bc9c,user_00221,I'm excited to share insights on remote work. The evidence strongly suggests that outcomes improve with structured frameworks. This has profound implications for practitioners worldwide. Let's discuss how we can leverage this for positive impact.,2024-02-16T20:35:57.546929+00:00,mastodon,,,11,3060,80,ai_generated,i'm excited to share insights on remote work. the evidence strongly suggests that outcomes improve with structured frameworks. this has profound implications for practitioners worldwide. let's discuss how we can leverage this for positive impact.,ai_generated,0.9991,0.0009,0.9991
post_eb512083,user_00126,you guys i just found out I misunderstood everything. my whole life is a lie,2024-02-19T23:50:41.232679+00:00,twitter,,,10,13,92,human,you guys i just found out i misunderstood everything. my whole life is a lie,human,0.9993,0.9993,0.0007
post_48b55afa,user_00079,just had the best sushi at my friend's place! totally worth it 😊,2024-05-09T18:10:15.534144+00:00,mastodon,,post_470d560b,8,165,47,human,just had the best sushi at my friend's place! totally worth it 😊,human,0.9995,0.9995,0.0005
post_00fba0fb,user_00102,"Key considerations for AI: 1) Prioritize scalability from day one. 2) Build cross-functional alignment early. 3) Measure outcomes with clear KPIs. By addressing these dimensions, stakeholders can achieve sustainable outcomes aligned with organizational objectives.",2024-01-16T01:52:16.658366+00:00,reddit,,post_be5b7b7b,80,774,43,ai_generated,"key considerations for ai: 1) prioritize scalability from day one. 2) build cross-functional alignment early. 3) measure outcomes with clear kpis. by addressing these dimensions, stakeholders can achieve sustainable outcomes aligned with organizational objectives.",ai_generated,0.9992,0.0008,0.9992
post_159d4fdf,user_00040,unpopular opinion: mornings are fine. fight me,2024-03-15T13:02:52.456803+00:00,mastodon,,,6,92,459,human,unpopular opinion: mornings are fine. fight me,human,0.9995,0.9995,0.0005
post_f3cc3f74,user_00150,woke up at 4:30am for no reason and now i can't sleep. hate this,2024-05-04T07:53:09.679104+00:00,reddit,,,0,1404,70,human,woke up at 4:30am for no reason and now i can't sleep. hate this,human,0.9995,0.9995,0.0005
post_ab646e4e,user_00163,can't believe it's already November. where did the year go??,2024-05-30T03:14:00.965743+00:00,facebook,,,6,321,193,human,can't believe it's already november. where did the year go??,human,0.9994,0.9994,0.0006
post_a979c558,user_00275,can't believe it's already November. where did the year go??,2024-04-01T10:23:10.850159+00:00,mastodon,,,6,12,27,human,can't believe it's already november. where did the year go??,human,0.9995,0.9995,0.0005
post_d9cc0c45,user_00038,The intersection of digital transformation and customer experience presents significant opportunities for innovation. Organizations that prioritize agile methodologies will be well-positioned to capitalize on emerging trends in the coming quarters.,2024-06-08T17:14:45.370350+00:00,facebook,,,31,1417,12,ai_generated,the intersection of digital transformation and customer experience presents significant opportunities for innovation. organizations that prioritize agile methodologies will be well-positioned to capitalize on emerging trends in the coming quarters.,ai_generated,0.9991,0.0009,0.9991
post_83652db4,user_00101,I'm excited to share insights on veganism. The evidence strongly suggests that adoption rates have accelerated significantly. This has profound implications for organizations worldwide. Let's discuss how we can leverage this for positive impact.,2024-06-24T06:23:18.069902+00:00,mastodon,,,40,783,88,ai_generated,i'm excited to share insights on veganism. the evidence strongly suggests that adoption rates have accelerated significantly. this has profound implications for organizations worldwide. let's discuss how we can leverage this for positive impact.,ai_generated,0.9991,0.0009,0.9991
post_664ccd04,user_00078,can't believe it's already November. where did the year go??,2024-02-15T05:14:18.176437+00:00,reddit,,post_bc9c109d,6,83,302,human,can't believe it's already november. where did the year go??,human,0.9995,0.9995,0.0005
post_4d4d53fa,user_00004,does anyone else feel like veganism is totally overrated?,2024-05-29T18:24:11.027873+00:00,facebook,,,11,374,5,human,does anyone else feel like veganism is totally overrated?,human,0.9993,0.9993,0.0007
post_60b75fcb,user_00153,you guys i just found out this has been happening for years. my whole life is a lie,2024-05-08T11:40:50.625390+00:00,mastodon,,,7,339,376,human,you guys i just found out this has been happening for years. my whole life is a lie,human,0.9992,0.9992,0.0008
post_325df556,user_00011,my fish is being so annoying today lmao,2024-03-12T10:23:26.994042+00:00,twitter,,,0,987,558,human,my fish is being so annoying today lmao,human,0.9995,0.9995,0.0005
post_16e4bc2b,user_00206,"Key considerations for crypto: 1) Prioritize scalability from day one. 2) Build cross-functional alignment early. 3) Measure outcomes with clear KPIs. By addressing these dimensions, stakeholders can achieve sustainable outcomes aligned with organizational objectives.",2024-02-13T23:16:00.169165+00:00,facebook,,,35,790,14,ai_generated,"key considerations for crypto: 1) prioritize scalability from day one. 2) build cross-functional alignment early. 3) measure outcomes with clear kpis. by addressing these dimensions, stakeholders can achieve sustainable outcomes aligned with organizational objectives.",ai_generated,0.9991,0.0009,0.9991
post_541bf043,user_00054,honestly excited about that whole situation rn. mixed feelings for sure,2024-05-01T01:54:31.070374+00:00,facebook,,,4,60,628,human,honestly excited about that whole situation rn. mixed feelings for sure,human,0.9995,0.9995,0.0005
post_13096bba,user_00238,honestly excited about the announcement rn. mixed feelings for sure,2024-04-18T08:55:11.151727+00:00,twitter,,post_2173247c,22,18,167,human,honestly excited about the announcement rn. mixed feelings for sure,human,0.9994,0.9994,0.0006
post_663e781c,user_00051,"Key considerations for veganism: 1) Prioritize scalability from day one. 2) Build cross-functional alignment early. 3) Measure outcomes with clear KPIs. By addressing these dimensions, stakeholders can achieve sustainable outcomes aligned with organizational objectives.",2024-01-30T16:06:11.552576+00:00,mastodon,,,8,451,54,ai_generated,"key considerations for veganism: 1) prioritize scalability from day one. 2) build cross-functional alignment early. 3) measure outcomes with clear kpis. by addressing these dimensions, stakeholders can achieve sustainable outcomes aligned with organizational objectives.",ai_generated,0.999,0.001,0.999
post_9e821cc7,user_00239,can't believe it's already January. where did the year go??,2024-01-25T21:53:07.823814+00:00,reddit,,,0,563,57,human,can't believe it's already january. where did the year go??,human,0.9995,0.9995,0.0005
post_e5142fb5,user_00095,unpopular opinion: coffee is overrated. fight me,2024-05-17T22:26:42.732078+00:00,mastodon,,,3,460,63,human,unpopular opinion: coffee is overrated. fight me,human,0.9995,0.9995,0.0005
post_6b4e3a87,user_00072,"Key considerations for crypto: 1) Prioritize scalability from day one. 2) Build cross-functional alignment early. 3) Measure outcomes with clear KPIs. By addressing these dimensions, stakeholders can achieve sustainable outcomes aligned with organizational objectives.",2024-03-28T08:49:39.123810+00:00,mastodon,,,21,5443,44,ai_generated,"key considerations for crypto: 1) prioritize scalability from day one. 2) build cross-functional alignment early. 3) measure outcomes with clear kpis. by addressing these dimensions, stakeholders can achieve sustainable outcomes aligned with organizational objectives.",ai_generated,0.9992,0.0008,0.9992
post_ce5ae810,user_00032,The intersection of digital transformation and talent management presents significant opportunities for innovation. Organizations that prioritize agile methodologies will be well-positioned to capitalize on emerging trends in the coming quarters.,2024-02-24T06:50:11.010318+00:00,reddit,,,20,538,17,ai_generated,the intersection of digital transformation and talent management presents significant opportunities for innovation. organizations that prioritize agile methodologies will be well-positioned to capitalize on emerging trends in the coming quarters.,ai_generated,0.9989,0.0011,0.9989
post_80280906,user_00105,unpopular opinion: open offices are terrible. fight me,2024-01-05T15:31:19.737549+00:00,facebook,,,3,83,79,human,unpopular opinion: open offices are terrible. fight me,human,0.9995,0.9995,0.0005
post_59f1991f,user_00095,honestly conflicted about that whole situation rn. mixed feelings for sure,2024-01-17T18:04:33.707566+00:00,reddit,,,3,135,3279,human,honestly conflicted about that whole situation rn. mixed feelings for sure,human,0.9995,0.9995,0.0005
post_22059047,user_00274,unpopular opinion: coffee is overrated. fight me,2024-01-05T19:15:24.866003+00:00,facebook,,,16,489,96,human,unpopular opinion: coffee is overrated. fight me,human,0.9995,0.9995,0.0005
post_45822314,user_00108,The data clearly indicates that remote collaboration is reshaping healthcare. Forward-thinking leaders must adapt their strategies to remain competitive. Leveraging automation tools will be paramount in this transition.,2024-04-17T20:00:06.585850+00:00,twitter,,,10,599,7,ai_generated,the data clearly indicates that remote collaboration is reshaping healthcare. forward-thinking leaders must adapt their strategies to remain competitive. leveraging automation tools will be paramount in this transition.,ai_generated,0.9983,0.0017,0.9983
post_820b4cfd,user_00217,unpopular opinion: coffee is overrated. fight me,2024-02-24T16:06:38.415249+00:00,twitter,,,3,252,87,human,unpopular opinion: coffee is overrated. fight me,human,0.9995,0.9995,0.0005
post_a730fe7b,user_00087,does anyone else feel like meditation is totally overrated?,2024-06-28T08:04:39.437595+00:00,mastodon,,,15,50,227,human,does anyone else feel like meditation is totally overrated?,human,0.9995,0.9995,0.0005
post_34ab74e6,user_00217,unpopular opinion: coffee is overrated. fight me,2024-06-28T07:09:26.652762+00:00,facebook,,,14,120,55,human,unpopular opinion: coffee is overrated. fight me,human,0.9995,0.9995,0.0005
post_2369c22a,user_00209,can't believe it's already January. where did the year go??,2024-05-15T12:34:30.730809+00:00,reddit,,post_e90afb4d,7,172,62,human,can't believe it's already january. where did the year go??,human,0.9994,0.9994,0.0006
post_45c47155,user_00271,I'm excited to share insights on crypto. The evidence strongly suggests that outcomes improve with structured frameworks. This has profound implications for organizations worldwide. Let's discuss how we can leverage this for positive impact.,2024-02-24T19:01:37.839698+00:00,twitter,,,25,860,13,ai_generated,i'm excited to share insights on crypto. the evidence strongly suggests that outcomes improve with structured frameworks. this has profound implications for organizations worldwide. let's discuss how we can leverage this for positive impact.,ai_generated,0.9991,0.0009,0.9991
post_461dbbab,user_00136,my hamster is being so annoying today lmao,2024-06-14T07:09:38.317950+00:00,twitter,,,10,264,83,human,my hamster is being so annoying today lmao,human,0.9995,0.9995,0.0005
post_81d6b6da,user_00140,woke up at 5am for no reason and now i can't sleep. hate this,2024-03-24T21:59:25.005428+00:00,facebook,,,9,48,69,human,woke up at 5am for no reason and now i can't sleep. hate this,human,0.9995,0.9995,0.0005
post_f42dfdb8,user_00021,just had the best pasta at a random food truck! totally worth it 😊,2024-03-15T03:44:29.315504+00:00,reddit,,,2,966,205,human,just had the best pasta at a random food truck! totally worth it 😊,human,0.9995,0.9995,0.0005
post_94c6702c,user_00251,The data clearly indicates that AI adoption is reshaping retail. Forward-thinking leaders must adapt their strategies to remain competitive. Leveraging cloud infrastructure will be paramount in this transition.,2024-01-11T17:47:26.330758+00:00,twitter,,,14,1131,23,ai_generated,the data clearly indicates that ai adoption is reshaping retail. forward-thinking leaders must adapt their strategies to remain competitive. leveraging cloud infrastructure will be paramount in this transition.,ai_generated,0.9976,0.0024,0.9976
post_5c9e6955,user_00163,can't believe it's already March. where did the year go??,2024-02-14T09:49:39.413538+00:00,reddit,,,1,264,100,human,can't believe it's already march. where did the year go??,human,0.9995,0.9995,0.0005
post_1c01a81f,user_00169,you guys i just found out this has been happening for years. my whole life is a lie,2024-01-24T04:51:37.439046+00:00,mastodon,,,9,202,85,human,you guys i just found out this has been happening for years. my whole life is a lie,human,0.9991,0.9991,0.0009
post_fc5a9471,user_00299,The data clearly indicates that remote collaboration is reshaping finance. Forward-thinking leaders must adapt their strategies to remain competitive. Leveraging automation tools will be paramount in this transition.,2024-02-11T22:36:30.764314+00:00,reddit,,post_3ddfc4e8,11,273,17,ai_generated,the data clearly indicates that remote collaboration is reshaping finance. forward-thinking leaders must adapt their strategies to remain competitive. leveraging automation tools will be paramount in this transition.,ai_generated,0.995,0.005,0.995
post_bd831308,user_00001,can't believe it's already January. where did the year go??,2024-04-17T21:12:31.864500+00:00,mastodon,,,16,61,131,human,can't believe it's already january. where did the year go??,human,0.9994,0.9994,0.0006
post_d973a019,user_00271,I'm excited to share insights on veganism. The evidence strongly suggests that outcomes improve with structured frameworks. This has profound implications for organizations worldwide. Let's discuss how we can leverage this for positive impact.,2024-04-01T18:36:19.720639+00:00,mastodon,,,21,8712,28,ai_generated,i'm excited to share insights on veganism. the evidence strongly suggests that outcomes improve with structured frameworks. this has profound implications for organizations worldwide. let's discuss how we can leverage this for positive impact.,ai_generated,0.9992,0.0008,0.9992
post_e939291f,user_00086,can't believe it's already March. where did the year go??,2024-03-06T13:03:36.986405+00:00,facebook,,,0,357,10,human,can't believe it's already march. where did the year go??,human,0.9994,0.9994,0.0006
post_9667c2d4,user_00276,can't believe it's already August. where did the year go??,2024-01-31T09:34:03.193965+00:00,facebook,,,11,110,70,human,can't believe it's already august. where did the year go??,human,0.9994,0.9994,0.0006
post_72be14b7,user_00161,unpopular opinion: mornings are fine. fight me,2024-01-06T19:39:20.294696+00:00,facebook,,,2,139,153,human,unpopular opinion: mornings are fine. fight me,human,0.9995,0.9995,0.0005
post_6c3ec765,user_00279,throwback to that time when we got completely lost. good times fr,2024-06-09T02:44:45.065446+00:00,twitter,,,0,87,228,human,throwback to that time when we got completely lost. good times fr,human,0.9995,0.9995,0.0005
post_d7bbab32,user_00237,unpopular opinion: coffee is overrated. fight me,2024-01-22T09:52:02.985566+00:00,facebook,,post_6ee4ce5e,1,469,239,human,unpopular opinion: coffee is overrated. fight me,human,0.9995,0.9995,0.0005
post_28e1f35e,user_00178,does anyone else feel like remote work is totally overrated?,2024-05-01T08:03:53.897579+00:00,twitter,,,0,498,13,human,does anyone else feel like remote work is totally overrated?,human,0.9994,0.9994,0.0006
post_30d9791f,user_00136,unpopular opinion: mornings are fine. fight me,2024-01-04T01:05:30.768411+00:00,reddit,,post_ef013b75,1,491,29,human,unpopular opinion: mornings are fine. fight me,human,0.9995,0.9995,0.0005
post_94d600be,user_00289,throwback to that time when we stayed up all night talking. good times fr,2024-06-10T11:01:10.767542+00:00,mastodon,,,8,318,450,human,throwback to that time when we stayed up all night talking. good times fr,human,0.9995,0.9995,0.0005
post_68052f8e,user_00201,"Key considerations for remote work: 1) Prioritize scalability from day one. 2) Build cross-functional alignment early. 3) Measure outcomes with clear KPIs. By addressing these dimensions, stakeholders can achieve sustainable outcomes aligned with organizational objectives.",2024-06-28T23:51:05.904168+00:00,mastodon,,post_9c94d5c4,23,661,19,ai_generated,"key considerations for remote work: 1) prioritize scalability from day one. 2) build cross-functional alignment early. 3) measure outcomes with clear kpis. by addressing these dimensions, stakeholders can achieve sustainable outcomes aligned with organizational objectives.",ai_generated,0.9991,0.0009,0.9991
post_d9f8f26c,user_00173,you guys i just found out I misunderstood everything. my whole life is a lie,2024-06-18T03:57:24.281946+00:00,reddit,,,14,404,136,human,you guys i just found out i misunderstood everything. my whole life is a lie,human,0.9969,0.9969,0.0031
post_a11eb44c,user_00139,I'm excited to share insights on meditation. The evidence strongly suggests that outcomes improve with structured frameworks. This has profound implications for communities worldwide. Let's discuss how we can leverage this for positive impact.,2024-04-27T08:10:00.036556+00:00,facebook,,,96,1308,24,ai_generated,i'm excited to share insights on meditation. the evidence strongly suggests that outcomes improve with structured frameworks. this has profound implications for communities worldwide. let's discuss how we can leverage this for positive impact.,ai_generated,0.9992,0.0008,0.9992
post_eb82f320,user_00013,ok why does everyone suddenly care about digital transformation? been saying this for years,2024-01-16T02:43:40.715797+00:00,reddit,,,2,359,191,human,ok why does everyone suddenly care about digital transformation? been saying this for years,human,0.999,0.999,0.001
post_dac525b7,user_00238,you guys i just found out this has been happening for years. my whole life is a lie,2024-01-24T12:22:44.469038+00:00,twitter,,,4,335,40,human,you guys i just found out this has been happening for years. my whole life is a lie,human,0.999,0.999,0.001
post_f72b4f90,user_00001,honestly whatever about that whole situation rn. mixed feelings for sure,2024-04-22T21:02:57.444691+00:00,facebook,,,2,10,67,human,honestly whatever about that whole situation rn. mixed feelings for sure,human,0.9995,0.9995,0.0005
post_b940ebfe,user_00010,does anyone else feel like meditation is totally overrated?,2024-04-14T08:04:13.108996+00:00,mastodon,,,2,12,881,human,does anyone else feel like meditation is totally overrated?,human,0.9995,0.9995,0.0005
post_a56ba8e6,user_00202,just had the best sushi at my friend's place! totally worth it 😊,2024-01-20T20:15:21.391267+00:00,mastodon,,,3,38,6,human,just had the best sushi at my friend's place! totally worth it 😊,human,0.9995,0.9995,0.0005
post_c1982d4c,user_00001,ok why does everyone suddenly care about digital transformation? been saying this for years,2024-03-09T09:58:58.066928+00:00,facebook,,,5,13,488,human,ok why does everyone suddenly care about digital transformation? been saying this for years,human,0.9993,0.9993,0.0007
post_f887debb,user_00234,just had the best ramen at this tiny spot downtown! totally worth it 😊,2024-05-07T15:14:18.257110+00:00,facebook,,,3,40,287,human,just had the best ramen at this tiny spot downtown! totally worth it 😊,human,0.9995,0.9995,0.0005
post_664a10de,user_00104,unpopular opinion: open offices are terrible. fight me,2024-06-16T21:47:29.544940+00:00,twitter,,post_0981b90e,0,17,8,human,unpopular opinion: open offices are terrible. fight me,human,0.9995,0.9995,0.0005
post_397eb767,user_00104,The intersection of artificial intelligence and customer experience presents significant opportunities for innovation. Organizations that prioritize agile methodologies will be well-positioned to capitalize on emerging trends in the coming quarters.,2024-02-28T11:19:37.962980+00:00,reddit,,post_873be5d5,29,374,60,ai_generated,the intersection of artificial intelligence and customer experience presents significant opportunities for innovation. organizations that prioritize agile methodologies will be well-positioned to capitalize on emerging trends in the coming quarters.,ai_generated,0.9989,0.0011,0.9989
post_9f8917a9,user_00046,my cat is being so annoying today lmao,2024-01-14T05:53:48.911581+00:00,twitter,,,4,148,165,human,my cat is being so annoying today lmao,human,0.9995,0.9995,0.0005
post_04bbee40,user_00190,does anyone else feel like crypto is totally overrated?,2024-03-06T22:03:00.450726+00:00,reddit,,,6,43,114,human,does anyone else feel like crypto is totally overrated?,human,0.9995,0.9995,0.0005
post_f269a5b7,user_00145,just had the best pizza at my friend's place! totally worth it 😊,2024-01-23T17:50:16.673648+00:00,mastodon,,post_8b7398aa,10,767,37,human,just had the best pizza at my friend's place! totally worth it 😊,human,0.9994,0.9994,0.0006
post_e3a242f3,user_00044,can't believe it's already November. where did the year go??,2024-02-01T14:11:21.479232+00:00,reddit,,post_39ba3e44,35,277,24,human,can't believe it's already november. where did the year go??,human,0.999,0.999,0.001
post_41a4f63d,user_00275,does anyone else feel like meditation is totally overrated?,2024-04-29T18:08:46.361111+00:00,facebook,,post_3bbf7378,29,17,119,human,does anyone else feel like meditation is totally overrated?,human,0.9995,0.9995,0.0005
post_2f3b84a3,user_00295,you guys i just found out I misunderstood everything. my whole life is a lie,2024-03-30T22:10:29.177279+00:00,facebook,,,19,56,64,human,you guys i just found out i misunderstood everything. my whole life is a lie,human,0.999,0.999,0.001
post_4ba440ff,user_00294,The intersection of sustainability and talent management presents significant opportunities for innovation. Organizations that prioritize agile methodologies will be well-positioned to capitalize on emerging trends in the coming quarters.,2024-01-24T11:35:57.133555+00:00,mastodon,,post_f2888337,69,632,353,ai_generated,the intersection of sustainability and talent management presents significant opportunities for innovation. organizations that prioritize agile methodologies will be well-positioned to capitalize on emerging trends in the coming quarters.,ai_generated,0.9928,0.0072,0.9928
post_598ec69c,user_00176,The data clearly indicates that AI adoption is reshaping healthcare. Forward-thinking leaders must adapt their strategies to remain competitive. Leveraging machine learning will be paramount in this transition.,2024-06-17T11:33:43.721701+00:00,reddit,,,29,3037,30,ai_generated,the data clearly indicates that ai adoption is reshaping healthcare. forward-thinking leaders must adapt their strategies to remain competitive. leveraging machine learning will be paramount in this transition.,ai_generated,0.9986,0.0014,0.9986
post_be6bc9d9,user_00100,just had the best ramen at my friend's place! totally worth it 😊,2024-01-11T01:06:27.952334+00:00,mastodon,,,6,261,158,human,just had the best ramen at my friend's place! totally worth it 😊,human,0.9995,0.9995,0.0005
post_70b2dac9,user_00221,"Key considerations for meditation: 1) Prioritize scalability from day one. 2) Build cross-functional alignment early. 3) Measure outcomes with clear KPIs. By addressing these dimensions, stakeholders can achieve sustainable outcomes aligned with organizational objectives.",2024-05-13T07:10:45.242555+00:00,facebook,,,67,500,109,ai_generated,"key considerations for meditation: 1) prioritize scalability from day one. 2) build cross-functional alignment early. 3) measure outcomes with clear kpis. by addressing these dimensions, stakeholders can achieve sustainable outcomes aligned with organizational objectives.",ai_generated,0.9991,0.0009,0.9991
post_8b9ec355,user_00262,"As we navigate the evolving landscape of finance, it becomes increasingly important to consider the multifaceted implications of scalability. A comprehensive framework for analysis should incorporate both market signals and regulatory frameworks to yield meaningful insights.",2024-05-01T22:59:06.096933+00:00,reddit,,,41,543,12,ai_generated,"as we navigate the evolving landscape of finance, it becomes increasingly important to consider the multifaceted implications of scalability. a comprehensive framework for analysis should incorporate both market signals and regulatory frameworks to yield meaningful insights.",ai_generated,0.9992,0.0008,0.9992
post_1c0132df,user_00103,I'm excited to share insights on veganism. The evidence strongly suggests that adoption rates have accelerated significantly. This has profound implications for organizations worldwide. Let's discuss how we can leverage this for positive impact.,2024-03-19T17:44:50.513001+00:00,mastodon,,,4,717,113,ai_generated,i'm excited to share insights on veganism. the evidence strongly suggests that adoption rates have accelerated significantly. this has profound implications for organizations worldwide. let's discuss how we can leverage this for positive impact.,ai_generated,0.9988,0.0012,0.9988
post_43adfee4,user_00287,ok why does everyone suddenly care about AI adoption? been saying this for years,2024-05-28T03:33:33.258388+00:00,reddit,,,3,2248,39,human,ok why does everyone suddenly care about ai adoption? been saying this for years,human,0.9988,0.9988,0.0012
post_00ccc4b6,user_00102,throwback to that time when we stayed up all night talking. good times fr,2024-06-22T19:53:06.693028+00:00,mastodon,,,4,64,84,human,throwback to that time when we stayed up all night talking. good times fr,human,0.9995,0.9995,0.0005
post_c21c7d94,user_00238,my fish is being so annoying today lmao,2024-03-01T21:14:22.007466+00:00,facebook,,,0,54,40,human,my fish is being so annoying today lmao,human,0.9995,0.9995,0.0005
post_1cadd7f6,user_00107,ok why does everyone suddenly care about remote collaboration? been saying this for years,2024-02-09T17:52:36.491814+00:00,twitter,,,4,88,701,human,ok why does everyone suddenly care about remote collaboration? been saying this for years,human,0.9993,0.9993,0.0007
post_00e6a496,user_00252,The data clearly indicates that remote collaboration is reshaping finance. Forward-thinking leaders must adapt their strategies to remain competitive. Leveraging cloud infrastructure will be paramount in this transition.,2024-02-19T10:52:30.256021+00:00,facebook,,,16,1436,45,ai_generated,the data clearly indicates that remote collaboration is reshaping finance. forward-thinking leaders must adapt their strategies to remain competitive. leveraging cloud infrastructure will be paramount in this transition.,ai_generated,0.9982,0.0018,0.9982
post_4d62be1e,user_00194,unpopular opinion: open offices are terrible. fight me,2024-03-22T22:50:25.658772+00:00,reddit,,post_c1585d27,0,17,36,human,unpopular opinion: open offices are terrible. fight me,human,0.9995,0.9995,0.0005
post_f42adcce,user_00010,can't believe it's already November. where did the year go??,2024-04-13T23:29:15.042749+00:00,reddit,,,1,95,50,human,can't believe it's already november. where did the year go??,human,0.9995,0.9995,0.0005
post_2bebe2c3,user_00081,I'm excited to share insights on remote work. The evidence strongly suggests that adoption rates have accelerated significantly. This has profound implications for communities worldwide. Let's discuss how we can leverage this for positive impact.,2024-01-27T00:23:45.726809+00:00,mastodon,,,33,4626,72,ai_generated,i'm excited to share insights on remote work. the evidence strongly suggests that adoption rates have accelerated significantly. this has profound implications for communities worldwide. let's discuss how we can leverage this for positive impact.,ai_generated,0.9992,0.0008,0.9992
post_39f45e41,user_00033,honestly nervous about what happened yesterday rn. mixed feelings for sure,2024-04-19T22:28:56.674912+00:00,reddit,,,1,395,168,human,honestly nervous about what happened yesterday rn. mixed feelings for sure,human,0.9994,0.9994,0.0006
post_40287477,user_00264,just had the best pizza at this tiny spot downtown! totally worth it 😊,2024-05-12T10:47:55.422217+00:00,mastodon,,,16,78,4,human,just had the best pizza at this tiny spot downtown! totally worth it 😊,human,0.9993,0.9993,0.0007
post_04b514f0,user_00046,honestly excited about the announcement rn. mixed feelings for sure,2024-04-30T06:38:29.780192+00:00,mastodon,,,1,1955,47,human,honestly excited about the announcement rn. mixed feelings for sure,human,0.9993,0.9993,0.0007
post_89308bfa,user_00258,honestly nervous about the announcement rn. mixed feelings for sure,2024-03-18T02:25:04.336129+00:00,mastodon,,,9,4948,57,human,honestly nervous about the announcement rn. mixed feelings for sure,human,0.9988,0.9988,0.0012
post_33080f1b,user_00022,ok why does everyone suddenly care about AI adoption? been saying this for years,2024-06-11T12:18:31.176985+00:00,twitter,,,14,1693,9,human,ok why does everyone suddenly care about ai adoption? been saying this for years,human,0.9974,0.9974,0.0026
post_e99422d1,user_00197,The data clearly indicates that AI adoption is reshaping finance. Forward-thinking leaders must adapt their strategies to remain competitive. Leveraging automation tools will be paramount in this transition.,2024-02-05T09:12:00.160990+00:00,reddit,,,21,132,44,ai_generated,the data clearly indicates that ai adoption is reshaping finance. forward-thinking leaders must adapt their strategies to remain competitive. leveraging automation tools will be paramount in this transition.,ai_generated,0.9914,0.0086,0.9914
post_de369525,user_00034,The intersection of digital transformation and supply chain optimization presents significant opportunities for innovation. Organizations that prioritize stakeholder alignment will be well-positioned to capitalize on emerging trends in the coming quarters.,2024-02-12T16:17:58.547253+00:00,twitter,,,33,406,61,ai_generated,the intersection of digital transformation and supply chain optimization presents significant opportunities for innovation. organizations that prioritize stakeholder alignment will be well-positioned to capitalize on emerging trends in the coming quarters.,ai_generated,0.999,0.001,0.999
post_d63ab8bc,user_00162,you guys i just found out this has been happening for years. my whole life is a lie,2024-06-16T08:54:14.552652+00:00,mastodon,,post_762d4954,11,211,16,human,you guys i just found out this has been happening for years. my whole life is a lie,human,0.9985,0.9985,0.0015
post_574c50e3,user_00094,woke up at 3am for no reason and now i can't sleep. hate this,2024-02-21T20:19:20.674472+00:00,mastodon,,,14,169,118,human,woke up at 3am for no reason and now i can't sleep. hate this,human,0.9995,0.9995,0.0005
post_725079a4,user_00055,woke up at 3am for no reason and now i can't sleep. hate this,2024-06-20T11:09:25.893538+00:00,twitter,,,5,44,150,human,woke up at 3am for no reason and now i can't sleep. hate this,human,0.9995,0.9995,0.0005
post_95e73cac,user_00065,just had the best tacos at my friend's place! totally worth it 😊,2024-01-30T19:29:00.507452+00:00,reddit,,post_f627c994,3,134,45,human,just had the best tacos at my friend's place! totally worth it 😊,human,0.9995,0.9995,0.0005
post_5ff004e5,user_00094,The intersection of artificial intelligence and talent management presents significant opportunities for innovation. Organizations that prioritize data-driven decision-making will be well-positioned to capitalize on emerging trends in the coming quarters.,2024-03-13T09:12:04.514417+00:00,facebook,,,23,5356,40,ai_generated,the intersection of artificial intelligence and talent management presents significant opportunities for innovation. organizations that prioritize data-driven decision-making will be well-positioned to capitalize on emerging trends in the coming quarters.,ai_generated,0.9991,0.0009,0.9991
post_4458b7b8,user_00210,does anyone else feel like crypto is totally overrated?,2024-05-11T06:11:46.844794+00:00,twitter,,,26,217,455,human,does anyone else feel like crypto is totally overrated?,human,0.9995,0.9995,0.0005
post_ebf72dd4,user_00168,I'm excited to share insights on meditation. The evidence strongly suggests that adoption rates have accelerated significantly. This has profound implications for practitioners worldwide. Let's discuss how we can leverage this for positive impact.,2024-03-18T01:14:10.443266+00:00,facebook,,,34,1576,37,ai_generated,i'm excited to share insights on meditation. the evidence strongly suggests that adoption rates have accelerated significantly. this has profound implications for practitioners worldwide. let's discuss how we can leverage this for positive impact.,ai_generated,0.9991,0.0009,0.9991
post_2690b751,user_00070,"As we navigate the evolving landscape of finance, it becomes increasingly important to consider the multifaceted implications of personalization. A comprehensive framework for analysis should incorporate both quantitative metrics and technological constraints to yield meaningful insights.",2024-05-30T08:02:57.508014+00:00,mastodon,,,7,4630,39,ai_generated,"as we navigate the evolving landscape of finance, it becomes increasingly important to consider the multifaceted implications of personalization. a comprehensive framework for analysis should incorporate both quantitative metrics and technological constraints to yield meaningful insights.",ai_generated,0.9992,0.0008,0.9992
post_c57fc5ea,user_00119,"As we navigate the evolving landscape of education, it becomes increasingly important to consider the multifaceted implications of personalization. A comprehensive framework for analysis should incorporate both quantitative metrics and regulatory frameworks to yield meaningful insights.",2024-06-05T18:52:54.873735+00:00,mastodon,,post_c15ce3db,117,3436,29,ai_generated,"as we navigate the evolving landscape of education, it becomes increasingly important to consider the multifaceted implications of personalization. a comprehensive framework for analysis should incorporate both quantitative metrics and regulatory frameworks to yield meaningful insights.",ai_generated,0.9992,0.0008,0.9992
post_12f414b6,user_00103,"Key considerations for AI: 1) Prioritize scalability from day one. 2) Build cross-functional alignment early. 3) Measure outcomes with clear KPIs. By addressing these dimensions, stakeholders can achieve sustainable outcomes aligned with organizational objectives.",2024-06-19T02:12:20.466281+00:00,mastodon,,post_e8081935,70,2066,148,ai_generated,"key considerations for ai: 1) prioritize scalability from day one. 2) build cross-functional alignment early. 3) measure outcomes with clear kpis. by addressing these dimensions, stakeholders can achieve sustainable outcomes aligned with organizational objectives.",ai_generated,0.9992,0.0008,0.9992
post_f7bca166,user_00108,"Key considerations for meditation: 1) Prioritize scalability from day one. 2) Build cross-functional alignment early. 3) Measure outcomes with clear KPIs. By addressing these dimensions, stakeholders can achieve sustainable outcomes aligned with organizational objectives.",2024-06-15T03:52:31.811127+00:00,twitter,,,33,521,16,ai_generated,"key considerations for meditation: 1) prioritize scalability from day one. 2) build cross-functional alignment early. 3) measure outcomes with clear kpis. by addressing these dimensions, stakeholders can achieve sustainable outcomes aligned with organizational objectives.",ai_generated,0.9992,0.0008,0.9992
post_c652ca38,user_00125,throwback to that time when we got completely lost. good times fr,2024-02-14T04:57:09.744972+00:00,facebook,,,17,53,34,human,throwback to that time when we got completely lost. good times fr,human,0.9995,0.9995,0.0005
post_65318748,user_00214,ok why does everyone suddenly care about remote collaboration? been saying this for years,2024-06-02T21:37:56.381934+00:00,twitter,,,19,218,111,human,ok why does everyone suddenly care about remote collaboration? been saying this for years,human,0.9985,0.9985,0.0015
post_8fb22844,user_00047,"Key considerations for veganism: 1) Prioritize scalability from day one. 2) Build cross-functional alignment early. 3) Measure outcomes with clear KPIs. By addressing these dimensions, stakeholders can achieve sustainable outcomes aligned with organizational objectives.",2024-02-28T00:21:28.354159+00:00,facebook,,,34,12150,124,ai_generated,"key considerations for veganism: 1) prioritize scalability from day one. 2) build cross-functional alignment early. 3) measure outcomes with clear kpis. by addressing these dimensions, stakeholders can achieve sustainable outcomes aligned with organizational objectives.",ai_generated,0.9992,0.0008,0.9992
post_480f7098,user_00247,The data clearly indicates that remote collaboration is reshaping manufacturing. Forward-thinking leaders must adapt their strategies to remain competitive. Leveraging machine learning will be paramount in this transition.,2024-05-23T16:47:56.083986+00:00,mastodon,,post_46e81ebe,118,576,18,ai_generated,the data clearly indicates that remote collaboration is reshaping manufacturing. forward-thinking leaders must adapt their strategies to remain competitive. leveraging machine learning will be paramount in this transition.,ai_generated,0.9991,0.0009,0.9991
post_9b26af35,user_00131,unpopular opinion: open offices are terrible. fight me,2024-03-08T23:26:50.834856+00:00,twitter,,post_85be68a9,2,385,66,human,unpopular opinion: open offices are terrible. fight me,human,0.9995,0.9995,0.0005
post_4749457b,user_00101,my fish is being so annoying today lmao,2024-02-01T13:56:43.836319+00:00,mastodon,,,0,80,81,human,my fish is being so annoying today lmao,human,0.9995,0.9995,0.0005
post_6beb640f,user_00185,I'm excited to share insights on crypto. The evidence strongly suggests that adoption rates have accelerated significantly. This has profound implications for organizations worldwide. Let's discuss how we can leverage this for positive impact.,2024-03-24T18:54:53.824640+00:00,mastodon,,,25,624,52,ai_generated,i'm excited to share insights on crypto. the evidence strongly suggests that adoption rates have accelerated significantly. this has profound implications for organizations worldwide. let's discuss how we can leverage this for positive impact.,ai_generated,0.999,0.001,0.999
post_017003f3,user_00071,The data clearly indicates that digital transformation is reshaping healthcare. Forward-thinking leaders must adapt their strategies to remain competitive. Leveraging cloud infrastructure will be paramount in this transition.,2024-01-06T02:46:23.426077+00:00,facebook,,,40,329,27,ai_generated,the data clearly indicates that digital transformation is reshaping healthcare. forward-thinking leaders must adapt their strategies to remain competitive. leveraging cloud infrastructure will be paramount in this transition.,ai_generated,0.9986,0.0014,0.9986
post_286fd0c5,user_00291,The data clearly indicates that remote collaboration is reshaping manufacturing. Forward-thinking leaders must adapt their strategies to remain competitive. Leveraging machine learning will be paramount in this transition.,2024-03-29T00:01:55.941002+00:00,reddit,,,48,853,8,ai_generated,the data clearly indicates that remote collaboration is reshaping manufacturing. forward-thinking leaders must adapt their strategies to remain competitive. leveraging machine learning will be paramount in this transition.,ai_generated,0.9989,0.0011,0.9989
post_9e25d586,user_00050,you guys i just found out I misunderstood everything. my whole life is a lie,2024-03-24T11:57:20.251871+00:00,twitter,,,1,96,15,human,you guys i just found out i misunderstood everything. my whole life is a lie,human,0.998,0.998,0.002
post_3a5d9b5b,user_00228,my cat is being so annoying today lmao,2024-01-08T07:38:10.715896+00:00,twitter,,,8,59,190,human,my cat is being so annoying today lmao,human,0.9995,0.9995,0.0005
post_fe471805,user_00014,my fish is being so annoying today lmao,2024-01-21T04:47:31.198829+00:00,twitter,,post_640c7b23,0,34,30,human,my fish is being so annoying today lmao,human,0.9995,0.9995,0.0005
post_39e5c95a,user_00082,can't believe it's already March. where did the year go??,2024-02-14T20:36:54.221259+00:00,reddit,,,7,102,228,human,can't believe it's already march. where did the year go??,human,0.9995,0.9995,0.0005
post_b6ed418a,user_00098,"As we navigate the evolving landscape of healthcare, it becomes increasingly important to consider the multifaceted implications of personalization. A comprehensive framework for analysis should incorporate both qualitative feedback and technological constraints to yield meaningful insights.",2024-02-06T09:02:45.385168+00:00,facebook,,,5,419,9,ai_generated,"as we navigate the evolving landscape of healthcare, it becomes increasingly important to consider the multifaceted implications of personalization. a comprehensive framework for analysis should incorporate both qualitative feedback and technological constraints to yield meaningful insights.",ai_generated,0.9992,0.0008,0.9992
post_89a0e953,user_00156,throwback to that time when we got completely lost. good times fr,2024-05-18T19:14:47.199104+00:00,facebook,,,7,16,23,human,throwback to that time when we got completely lost. good times fr,human,0.9995,0.9995,0.0005
post_08659eb9,user_00239,I'm excited to share insights on meditation. The evidence strongly suggests that outcomes improve with structured frameworks. This has profound implications for organizations worldwide. Let's discuss how we can leverage this for positive impact.,2024-04-04T09:06:19.208038+00:00,reddit,,,7,716,82,ai_generated,i'm excited to share insights on meditation. the evidence strongly suggests that outcomes improve with structured frameworks. this has profound implications for organizations worldwide. let's discuss how we can leverage this for positive impact.,ai_generated,0.9989,0.0011,0.9989
post_b6eb384f,user_00124,woke up at 3am for no reason and now i can't sleep. hate this,2024-01-28T19:17:39.960670+00:00,reddit,,,14,65,1643,human,woke up at 3am for no reason and now i can't sleep. hate this,human,0.9995,0.9995,0.0005
post_187a6ad7,user_00215,can't believe it's already March. where did the year go??,2024-01-29T07:27:15.799489+00:00,twitter,,,12,570,67,human,can't believe it's already march. where did the year go??,human,0.9994,0.9994,0.0006
post_e4b4ab88,user_00157,throwback to that time when we stayed up all night talking. good times fr,2024-03-16T02:07:01.603220+00:00,twitter,,post_6d26b92b,0,34,32,human,throwback to that time when we stayed up all night talking. good times fr,human,0.9995,0.9995,0.0005
post_e76c83b5,user_00020,unpopular opinion: open offices are terrible. fight me,2024-04-21T16:07:54.463054+00:00,reddit,,post_6b177744,1,777,44,human,unpopular opinion: open offices are terrible. fight me,human,0.9995,0.9995,0.0005
post_72869f86,user_00096,my fish is being so annoying today lmao,2024-06-02T08:53:27.973640+00:00,facebook,,,1,5524,177,human,my fish is being so annoying today lmao,human,0.9995,0.9995,0.0005
post_c68e96af,user_00104,you guys i just found out this has been happening for years. my whole life is a lie,2024-02-08T20:09:20.947421+00:00,reddit,,,18,37,163,human,you guys i just found out this has been happening for years. my whole life is a lie,human,0.9991,0.9991,0.0009
post_3c9c5c39,user_00102,just had the best tacos at this tiny spot downtown! totally worth it 😊,2024-05-03T22:54:34.758047+00:00,reddit,,,3,175,36,human,just had the best tacos at this tiny spot downtown! totally worth it 😊,human,0.9995,0.9995,0.0005
post_e40ad018,user_00296,you guys i just found out I misunderstood everything. my whole life is a lie,2024-06-22T13:43:53.993880+00:00,facebook,,,4,1,71,human,you guys i just found out i misunderstood everything. my whole life is a lie,human,0.9995,0.9995,0.0005
post_319c2911,user_00089,just had the best ramen at a random food truck! totally worth it 😊,2024-05-01T15:06:02.993710+00:00,mastodon,,,5,158,223,human,just had the best ramen at a random food truck! totally worth it 😊,human,0.9995,0.9995,0.0005
post_99c6a382,user_00123,you guys i just found out I misunderstood everything. my whole life is a lie,2024-01-17T14:26:09.777481+00:00,twitter,,,10,789,142,human,you guys i just found out i misunderstood everything. my whole life is a lie,human,0.9989,0.9989,0.0011
post_d8f2082d,user_00051,The intersection of sustainability and talent management presents significant opportunities for innovation. Organizations that prioritize data-driven decision-making will be well-positioned to capitalize on emerging trends in the coming quarters.,2024-05-29T19:35:34.997106+00:00,twitter,,post_23b67c35,12,1086,27,ai_generated,the intersection of sustainability and talent management presents significant opportunities for innovation. organizations that prioritize data-driven decision-making will be well-positioned to capitalize on emerging trends in the coming quarters.,ai_generated,0.9988,0.0012,0.9988
post_2be99a4f,user_00063,can't believe it's already March. where did the year go??,2024-03-20T06:37:36.606310+00:00,mastodon,,,10,593,93,human,can't believe it's already march. where did the year go??,human,0.9994,0.9994,0.0006
post_f4865c50,user_00186,does anyone else feel like AI is totally overrated?,2024-04-14T19:17:29.709660+00:00,facebook,,,18,9,122,human,does anyone else feel like ai is totally overrated?,human,0.9995,0.9995,0.0005
post_c0030acb,user_00011,my hamster is being so annoying today lmao,2024-06-26T18:30:35.953524+00:00,mastodon,,,20,110,67,human,my hamster is being so annoying today lmao,human,0.9995,0.9995,0.0005
post_4947981f,user_00046,can't believe it's already November. where did the year go??,2024-04-27T08:38:22.360284+00:00,mastodon,,,3,31,85,human,can't believe it's already november. where did the year go??,human,0.9995,0.9995,0.0005
post_8bb0ae49,user_00100,throwback to that time when we stayed up all night talking. good times fr,2024-03-12T07:50:55.160836+00:00,reddit,,,9,45,63,human,throwback to that time when we stayed up all night talking. good times fr,human,0.9995,0.9995,0.0005
post_9707e432,user_00186,"Key considerations for AI: 1) Prioritize scalability from day one. 2) Build cross-functional alignment early. 3) Measure outcomes with clear KPIs. By addressing these dimensions, stakeholders can achieve sustainable outcomes aligned with organizational objectives.",2024-05-16T14:48:42.791089+00:00,twitter,,,13,1376,29,ai_generated,"key considerations for ai: 1) prioritize scalability from day one. 2) build cross-functional alignment early. 3) measure outcomes with clear kpis. by addressing these dimensions, stakeholders can achieve sustainable outcomes aligned with organizational objectives.",ai_generated,0.9991,0.0009,0.9991
post_49d7e5e0,user_00288,throwback to that time when we got completely lost. good times fr,2024-06-24T08:22:58.400055+00:00,facebook,,,2,31,19,human,throwback to that time when we got completely lost. good times fr,human,0.9995,0.9995,0.0005
post_127028f3,user_00140,my hamster is being so annoying today lmao,2024-03-31T18:41:37.399783+00:00,twitter,,,8,407,52,human,my hamster is being so annoying today lmao,human,0.9995,0.9995,0.0005
post_3a607631,user_00051,I'm excited to share insights on meditation. The evidence strongly suggests that adoption rates have accelerated significantly. This has profound implications for practitioners worldwide. Let's discuss how we can leverage this for positive impact.,2024-01-28T11:55:25.582109+00:00,reddit,,,22,511,20,ai_generated,i'm excited to share insights on meditation. the evidence strongly suggests that adoption rates have accelerated significantly. this has profound implications for practitioners worldwide. let's discuss how we can leverage this for positive impact.,ai_generated,0.9991,0.0009,0.9991
post_2277c470,user_00269,The data clearly indicates that digital transformation is reshaping finance. Forward-thinking leaders must adapt their strategies to remain competitive. Leveraging machine learning will be paramount in this transition.,2024-04-12T07:01:48.644927+00:00,reddit,,,71,3420,97,ai_generated,the data clearly indicates that digital transformation is reshaping finance. forward-thinking leaders must adapt their strategies to remain competitive. leveraging machine learning will be paramount in this transition.,ai_generated,0.9989,0.0011,0.9989
post_2895c03c,user_00078,"As we navigate the evolving landscape of education, it becomes increasingly important to consider the multifaceted implications of automation. A comprehensive framework for analysis should incorporate both market signals and behavioral patterns to yield meaningful insights.",2024-01-27T23:08:32.440442+00:00,facebook,,,19,1383,27,ai_generated,"as we navigate the evolving landscape of education, it becomes increasingly important to consider the multifaceted implications of automation. a comprehensive framework for analysis should incorporate both market signals and behavioral patterns to yield meaningful insights.",ai_generated,0.9992,0.0008,0.9992
post_b667c333,user_00166,my cat is being so annoying today lmao,2024-06-15T09:51:36.862033+00:00,twitter,,,0,24,111,human,my cat is being so annoying today lmao,human,0.9995,0.9995,0.0005
post_7fda5a8c,user_00231,woke up at 3am for no reason and now i can't sleep. hate this,2024-01-16T21:13:36.331535+00:00,mastodon,,,3,29,62,human,woke up at 3am for no reason and now i can't sleep. hate this,human,0.9995,0.9995,0.0005
post_2b67a6cd,user_00022,just had the best sushi at this tiny spot downtown! totally worth it 😊,2024-01-03T07:48:14.773416+00:00,twitter,,,3,25,23,human,just had the best sushi at this tiny spot downtown! totally worth it 😊,human,0.9995,0.9995,0.0005
post_b24f6b4c,user_00088,I'm excited to share insights on veganism. The evidence strongly suggests that adoption rates have accelerated significantly. This has profound implications for practitioners worldwide. Let's discuss how we can leverage this for positive impact.,2024-01-10T05:05:24.976969+00:00,mastodon,,post_34ab74e6,44,7517,20,ai_generated,i'm excited to share insights on veganism. the evidence strongly suggests that adoption rates have accelerated significantly. this has profound implications for practitioners worldwide. let's discuss how we can leverage this for positive impact.,ai_generated,0.9992,0.0008,0.9992
post_87197bd8,user_00045,"As we navigate the evolving landscape of education, it becomes increasingly important to consider the multifaceted implications of automation. A comprehensive framework for analysis should incorporate both qualitative feedback and behavioral patterns to yield meaningful insights.",2024-03-20T12:15:10.192399+00:00,mastodon,,,6,1452,44,ai_generated,"as we navigate the evolving landscape of education, it becomes increasingly important to consider the multifaceted implications of automation. a comprehensive framework for analysis should incorporate both qualitative feedback and behavioral patterns to yield meaningful insights.",ai_generated,0.9992,0.0008,0.9992
post_4b44b0c7,user_00187,can't believe it's already January. where did the year go??,2024-01-30T20:23:33.125985+00:00,mastodon,,post_c68e96af,30,1941,294,human,can't believe it's already january. where did the year go??,human,0.9991,0.9991,0.0009
post_934b8326,user_00121,The intersection of artificial intelligence and customer experience presents significant opportunities for innovation. Organizations that prioritize data-driven decision-making will be well-positioned to capitalize on emerging trends in the coming quarters.,2024-03-11T16:34:46.295499+00:00,twitter,,post_945faee8,49,465,43,ai_generated,the intersection of artificial intelligence and customer experience presents significant opportunities for innovation. organizations that prioritize data-driven decision-making will be well-positioned to capitalize on emerging trends in the coming quarters.,ai_generated,0.9991,0.0009,0.9991
post_4f28bd90,user_00259,you guys i just found out I misunderstood everything. my whole life is a lie,2024-04-12T06:25:37.393112+00:00,twitter,,,2,621,269,human,you guys i just found out i misunderstood everything. my whole life is a lie,human,0.9976,0.9976,0.0024
post_cd55844c,user_00240,"Key considerations for AI: 1) Prioritize scalability from day one. 2) Build cross-functional alignment early. 3) Measure outcomes with clear KPIs. By addressing these dimensions, stakeholders can achieve sustainable outcomes aligned with organizational objectives.",2024-02-10T11:42:30.390103+00:00,twitter,,,14,2949,37,ai_generated,"key considerations for ai: 1) prioritize scalability from day one. 2) build cross-functional alignment early. 3) measure outcomes with clear kpis. by addressing these dimensions, stakeholders can achieve sustainable outcomes aligned with organizational objectives.",ai_generated,0.9991,0.0009,0.9991
post_de675bc3,user_00264,can't believe it's already August. where did the year go??,2024-06-01T20:24:58.412014+00:00,reddit,,,13,22,30,human,can't believe it's already august. where did the year go??,human,0.9994,0.9994,0.0006
post_77e17455,user_00233,woke up at 5am for no reason and now i can't sleep. hate this,2024-02-15T19:56:14.531740+00:00,twitter,,,7,2405,37,human,woke up at 5am for no reason and now i can't sleep. hate this,human,0.9995,0.9995,0.0005
post_47fafad1,user_00079,just had the best tacos at this tiny spot downtown! totally worth it 😊,2024-02-06T02:48:37.501759+00:00,twitter,,,81,6,9,human,just had the best tacos at this tiny spot downtown! totally worth it 😊,human,0.9995,0.9995,0.0005
post_411c14f6,user_00198,can't believe it's already November. where did the year go??,2024-04-28T19:28:33.546656+00:00,twitter,,,17,565,15,human,can't believe it's already november. where did the year go??,human,0.999,0.999,0.001
post_7917b16b,user_00067,throwback to that time when we got completely lost. good times fr,2024-03-26T10:59:43.782841+00:00,facebook,,,13,53,569,human,throwback to that time when we got completely lost. good times fr,human,0.9995,0.9995,0.0005
post_222721c7,user_00166,woke up at 3am for no reason and now i can't sleep. hate this,2024-05-25T15:28:32.724511+00:00,twitter,,,6,848,330,human,woke up at 3am for no reason and now i can't sleep. hate this,human,0.9995,0.9995,0.0005
post_fdf1b326,user_00255,honestly excited about that whole situation rn. mixed feelings for sure,2024-01-20T22:34:43.233388+00:00,twitter,,,3,357,97,human,honestly excited about that whole situation rn. mixed feelings for sure,human,0.9994,0.9994,0.0006
post_0bbefc78,user_00003,you guys i just found out this has been happening for years. my whole life is a lie,2024-06-26T12:03:57.688635+00:00,facebook,,,5,422,127,human,you guys i just found out this has been happening for years. my whole life is a lie,human,0.9991,0.9991,0.0009
post_ed17e4da,user_00203,unpopular opinion: open offices are terrible. fight me,2024-04-28T23:20:08.181660+00:00,mastodon,,,0,726,32,human,unpopular opinion: open offices are terrible. fight me,human,0.9995,0.9995,0.0005
post_f8fe17b6,user_00233,my cat is being so annoying today lmao,2024-05-09T10:58:17.087965+00:00,twitter,,,51,151,67,human,my cat is being so annoying today lmao,human,0.9995,0.9995,0.0005
post_08820c9d,user_00167,"Key considerations for veganism: 1) Prioritize scalability from day one. 2) Build cross-functional alignment early. 3) Measure outcomes with clear KPIs. By addressing these dimensions, stakeholders can achieve sustainable outcomes aligned with organizational objectives.",2024-06-29T05:55:58.303568+00:00,mastodon,,,49,964,114,ai_generated,"key considerations for veganism: 1) prioritize scalability from day one. 2) build cross-functional alignment early. 3) measure outcomes with clear kpis. by addressing these dimensions, stakeholders can achieve sustainable outcomes aligned with organizational objectives.",ai_generated,0.9991,0.0009,0.9991
post_f21d0dcc,user_00139,my hamster is being so annoying today lmao,2024-01-23T18:30:20.475175+00:00,reddit,,,5,70,12,human,my hamster is being so annoying today lmao,human,0.9995,0.9995,0.0005
post_e42c1949,user_00205,woke up at 5am for no reason and now i can't sleep. hate this,2024-05-31T11:28:43.471370+00:00,reddit,,,1,182,224,human,woke up at 5am for no reason and now i can't sleep. hate this,human,0.9995,0.9995,0.0005
post_a38c9f91,user_00288,woke up at 5am for no reason and now i can't sleep. hate this,2024-01-16T13:30:26.383975+00:00,twitter,,,2,628,124,human,woke up at 5am for no reason and now i can't sleep. hate this,human,0.9995,0.9995,0.0005
post_aa2a1045,user_00074,honestly conflicted about that whole situation rn. mixed feelings for sure,2024-05-20T13:45:38.899802+00:00,facebook,,post_33080f1b,61,45,23,human,honestly conflicted about that whole situation rn. mixed feelings for sure,human,0.9989,0.9989,0.0011
post_cc50800c,user_00157,can't believe it's already January. where did the year go??,2024-04-02T19:20:21.402858+00:00,reddit,,post_08f03c40,21,46,150,human,can't believe it's already january. where did the year go??,human,0.9994,0.9994,0.0006
post_1f3311c3,user_00223,ok why does everyone suddenly care about AI adoption? been saying this for years,2024-05-03T08:55:03.090640+00:00,facebook,,,4,157,148,human,ok why does everyone suddenly care about ai adoption? been saying this for years,human,0.9993,0.9993,0.0007
post_b571f570,user_00285,my cat is being so annoying today lmao,2024-05-02T14:08:11.266220+00:00,facebook,,,0,80,461,human,my cat is being so annoying today lmao,human,0.9995,0.9995,0.0005
post_fc855a79,user_00181,The intersection of digital transformation and supply chain optimization presents significant opportunities for innovation. Organizations that prioritize agile methodologies will be well-positioned to capitalize on emerging trends in the coming quarters.,2024-06-01T00:02:17.843788+00:00,twitter,,,8,968,85,ai_generated,the intersection of digital transformation and supply chain optimization presents significant opportunities for innovation. organizations that prioritize agile methodologies will be well-positioned to capitalize on emerging trends in the coming quarters.,ai_generated,0.9988,0.0012,0.9988
post_762d4954,user_00150,"As we navigate the evolving landscape of retail, it becomes increasingly important to consider the multifaceted implications of scalability. A comprehensive framework for analysis should incorporate both market signals and behavioral patterns to yield meaningful insights.",2024-06-13T17:45:45.676794+00:00,reddit,,,117,1120,27,ai_generated,"as we navigate the evolving landscape of retail, it becomes increasingly important to consider the multifaceted implications of scalability. a comprehensive framework for analysis should incorporate both market signals and behavioral patterns to yield meaningful insights.",ai_generated,0.9992,0.0008,0.9992
post_599ebb61,user_00066,does anyone else feel like remote work is totally overrated?,2024-06-09T07:30:11.743951+00:00,facebook,,,4,27,49,human,does anyone else feel like remote work is totally overrated?,human,0.9995,0.9995,0.0005
post_93291706,user_00091,throwback to that time when we stayed up all night talking. good times fr,2024-05-10T21:12:22.883470+00:00,twitter,,,3,42,199,human,throwback to that time when we stayed up all night talking. good times fr,human,0.9995,0.9995,0.0005
post_c2032a40,user_00240,honestly excited about that whole situation rn. mixed feelings for sure,2024-05-02T15:48:52.901621+00:00,twitter,,post_1f833b60,14,230,27,human,honestly excited about that whole situation rn. mixed feelings for sure,human,0.9993,0.9993,0.0007
post_34bdef0f,user_00064,does anyone else feel like meditation is totally overrated?,2024-01-09T05:50:10.789249+00:00,reddit,,,12,946,85,human,does anyone else feel like meditation is totally overrated?,human,0.9974,0.9974,0.0026
post_62777261,user_00240,woke up at 3am for no reason and now i can't sleep. hate this,2024-06-17T06:28:18.484588+00:00,mastodon,,post_b4b275a8,0,9,6,human,woke up at 3am for no reason and now i can't sleep. hate this,human,0.9995,0.9995,0.0005
post_e82d0ac9,user_00223,you guys i just found out this has been happening for years. my whole life is a lie,2024-06-17T09:35:26.803706+00:00,reddit,,,0,290,96,human,you guys i just found out this has been happening for years. my whole life is a lie,human,0.9993,0.9993,0.0007
post_e975f3ca,user_00008,"Key considerations for AI: 1) Prioritize scalability from day one. 2) Build cross-functional alignment early. 3) Measure outcomes with clear KPIs. By addressing these dimensions, stakeholders can achieve sustainable outcomes aligned with organizational objectives.",2024-05-10T05:57:49.119520+00:00,facebook,,post_1385ab36,10,371,60,ai_generated,"key considerations for ai: 1) prioritize scalability from day one. 2) build cross-functional alignment early. 3) measure outcomes with clear kpis. by addressing these dimensions, stakeholders can achieve sustainable outcomes aligned with organizational objectives.",ai_generated,0.999,0.001,0.999
post_1935db16,user_00296,"As we navigate the evolving landscape of education, it becomes increasingly important to consider the multifaceted implications of automation. A comprehensive framework for analysis should incorporate both qualitative feedback and regulatory frameworks to yield meaningful insights.",2024-01-27T15:11:07.364188+00:00,mastodon,,post_c1982d4c,77,708,33,ai_generated,"as we navigate the evolving landscape of education, it becomes increasingly important to consider the multifaceted implications of automation. a comprehensive framework for analysis should incorporate both qualitative feedback and regulatory frameworks to yield meaningful insights.",ai_generated,0.9992,0.0008,0.9992
post_b3ba99a6,user_00008,"Key considerations for meditation: 1) Prioritize scalability from day one. 2) Build cross-functional alignment early. 3) Measure outcomes with clear KPIs. By addressing these dimensions, stakeholders can achieve sustainable outcomes aligned with organizational objectives.",2024-01-19T06:07:31.411828+00:00,facebook,,post_349350b7,50,1059,20,ai_generated,"key considerations for meditation: 1) prioritize scalability from day one. 2) build cross-functional alignment early. 3) measure outcomes with clear kpis. by addressing these dimensions, stakeholders can achieve sustainable outcomes aligned with organizational objectives.",ai_generated,0.9992,0.0008,0.9992
post_9f54dcdc,user_00293,can't believe it's already March. where did the year go??,2024-04-20T22:13:33.450278+00:00,reddit,,,23,300,26,human,can't believe it's already march. where did the year go??,human,0.9993,0.9993,0.0007
post_e8081935,user_00246,my hamster is being so annoying today lmao,2024-06-18T22:10:13.651231+00:00,facebook,,post_d9f8f26c,2,14,37,human,my hamster is being so annoying today lmao,human,0.9995,0.9995,0.0005
post_52016c8d,user_00275,my fish is being so annoying today lmao,2024-02-17T15:51:00.986840+00:00,facebook,,,9,278,407,human,my fish is being so annoying today lmao,human,0.9995,0.9995,0.0005
post_88727cd0,user_00296,"As we navigate the evolving landscape of education, it becomes increasingly important to consider the multifaceted implications of scalability. A comprehensive framework for analysis should incorporate both market signals and regulatory frameworks to yield meaningful insights.",2024-02-18T12:00:34.843154+00:00,twitter,,,23,4180,39,ai_generated,"as we navigate the evolving landscape of education, it becomes increasingly important to consider the multifaceted implications of scalability. a comprehensive framework for analysis should incorporate both market signals and regulatory frameworks to yield meaningful insights.",ai_generated,0.9992,0.0008,0.9992
post_fb93c005,user_00236,just had the best biryani at this tiny spot downtown! totally worth it 😊,2024-06-25T16:15:04.027446+00:00,facebook,,,9,184,82,human,just had the best biryani at this tiny spot downtown! totally worth it 😊,human,0.9994,0.9994,0.0006
post_dfcd0fdc,user_00030,you guys i just found out I misunderstood everything. my whole life is a lie,2024-03-17T17:51:07.950163+00:00,reddit,,post_464517df,13,774,53,human,you guys i just found out i misunderstood everything. my whole life is a lie,human,0.9964,0.9964,0.0036
post_882d26b5,user_00017,ok why does everyone suddenly care about digital transformation? been saying this for years,2024-02-16T23:00:23.991581+00:00,reddit,,post_33a4019c,0,439,97,human,ok why does everyone suddenly care about digital transformation? been saying this for years,human,0.9991,0.9991,0.0009
post_2ad6af00,user_00125,"Key considerations for veganism: 1) Prioritize scalability from day one. 2) Build cross-functional alignment early. 3) Measure outcomes with clear KPIs. By addressing these dimensions, stakeholders can achieve sustainable outcomes aligned with organizational objectives.",2024-01-09T02:29:24.156225+00:00,facebook,,,19,4010,19,ai_generated,"key considerations for veganism: 1) prioritize scalability from day one. 2) build cross-functional alignment early. 3) measure outcomes with clear kpis. by addressing these dimensions, stakeholders can achieve sustainable outcomes aligned with organizational objectives.",ai_generated,0.9992,0.0008,0.9992
post_12950104,user_00227,just had the best tacos at a random food truck! totally worth it 😊,2024-05-07T15:13:32.100836+00:00,mastodon,,,21,250,51,human,just had the best tacos at a random food truck! totally worth it 😊,human,0.9994,0.9994,0.0006
post_4dc9b967,user_00121,can't believe it's already January. where did the year go??,2024-04-02T10:51:12.091648+00:00,twitter,,,17,58,16,human,can't believe it's already january. where did the year go??,human,0.9994,0.9994,0.0006
post_91b8d063,user_00247,throwback to that time when we stayed up all night talking. good times fr,2024-01-24T20:20:34.778699+00:00,reddit,,,1,1756,130,human,throwback to that time when we stayed up all night talking. good times fr,human,0.9995,0.9995,0.0005
post_6356e7a2,user_00012,you guys i just found out this has been happening for years. my whole life is a lie,2024-03-27T17:57:48.861702+00:00,facebook,,,6,141,15,human,you guys i just found out this has been happening for years. my whole life is a lie,human,0.9989,0.9989,0.0011
post_0d4ac3b8,user_00075,can't believe it's already January. where did the year go??,2024-05-21T20:55:54.952061+00:00,mastodon,,post_655b34cc,5,72,232,human,can't believe it's already january. where did the year go??,human,0.9995,0.9995,0.0005
post_8b875271,user_00291,The intersection of digital transformation and customer experience presents significant opportunities for innovation. Organizations that prioritize stakeholder alignment will be well-positioned to capitalize on emerging trends in the coming quarters.,2024-04-08T18:40:57.379962+00:00,reddit,,,101,1062,167,ai_generated,the intersection of digital transformation and customer experience presents significant opportunities for innovation. organizations that prioritize stakeholder alignment will be well-positioned to capitalize on emerging trends in the coming quarters.,ai_generated,0.9991,0.0009,0.9991
post_223b78a3,user_00227,throwback to that time when we stayed up all night talking. good times fr,2024-05-07T01:53:23.539670+00:00,facebook,,,7,30,320,human,throwback to that time when we stayed up all night talking. good times fr,human,0.9995,0.9995,0.0005
post_ca4bfea7,user_00219,unpopular opinion: mornings are fine. fight me,2024-04-12T16:31:09.007596+00:00,facebook,,post_18d62d0b,3,1381,35,human,unpopular opinion: mornings are fine. fight me,human,0.9995,0.9995,0.0005
post_cf4b6771,user_00100,The data clearly indicates that remote collaboration is reshaping retail. Forward-thinking leaders must adapt their strategies to remain competitive. Leveraging automation tools will be paramount in this transition.,2024-06-26T08:19:48.304442+00:00,twitter,,,32,963,25,ai_generated,the data clearly indicates that remote collaboration is reshaping retail. forward-thinking leaders must adapt their strategies to remain competitive. leveraging automation tools will be paramount in this transition.,ai_generated,0.9983,0.0017,0.9983
post_e46a6290,user_00187,The data clearly indicates that AI adoption is reshaping finance. Forward-thinking leaders must adapt their strategies to remain competitive. Leveraging machine learning will be paramount in this transition.,2024-05-03T15:29:51.342084+00:00,twitter,,post_678d0019,39,1300,10,ai_generated,the data clearly indicates that ai adoption is reshaping finance. forward-thinking leaders must adapt their strategies to remain competitive. leveraging machine learning will be paramount in this transition.,ai_generated,0.9986,0.0014,0.9986
post_b147dee5,user_00052,The data clearly indicates that AI adoption is reshaping finance. Forward-thinking leaders must adapt their strategies to remain competitive. Leveraging cloud infrastructure will be paramount in this transition.,2024-04-01T19:57:50.813479+00:00,reddit,,,19,2455,48,ai_generated,the data clearly indicates that ai adoption is reshaping finance. forward-thinking leaders must adapt their strategies to remain competitive. leveraging cloud infrastructure will be paramount in this transition.,ai_generated,0.998,0.002,0.998
post_620d3233,user_00293,ok why does everyone suddenly care about remote collaboration? been saying this for years,2024-04-29T05:34:41.690260+00:00,mastodon,,,29,770,19,human,ok why does everyone suddenly care about remote collaboration? been saying this for years,human,0.9965,0.9965,0.0035
post_9c536c90,user_00100,you guys i just found out this has been happening for years. my whole life is a lie,2024-02-13T09:21:09.013116+00:00,mastodon,,,0,885,58,human,you guys i just found out this has been happening for years. my whole life is a lie,human,0.9991,0.9991,0.0009
post_46e81ebe,user_00027,honestly conflicted about the announcement rn. mixed feelings for sure,2024-01-18T02:44:54.395814+00:00,twitter,,,3,12,524,human,honestly conflicted about the announcement rn. mixed feelings for sure,human,0.9995,0.9995,0.0005
post_dbe5ba68,user_00260,throwback to that time when we stayed up all night talking. good times fr,2024-02-23T17:35:48.123759+00:00,facebook,,,2,9,72,human,throwback to that time when we stayed up all night talking. good times fr,human,0.9995,0.9995,0.0005
post_5ddbfbf5,user_00121,The intersection of artificial intelligence and talent management presents significant opportunities for innovation. Organizations that prioritize agile methodologies will be well-positioned to capitalize on emerging trends in the coming quarters.,2024-05-31T13:48:29.115028+00:00,facebook,,post_6c739c81,60,898,80,ai_generated,the intersection of artificial intelligence and talent management presents significant opportunities for innovation. organizations that prioritize agile methodologies will be well-positioned to capitalize on emerging trends in the coming quarters.,ai_generated,0.999,0.001,0.999
post_7177dd58,user_00032,ok why does everyone suddenly care about digital transformation? been saying this for years,2024-06-20T22:48:27.688948+00:00,facebook,,,1,215,301,human,ok why does everyone suddenly care about digital transformation? been saying this for years,human,0.9992,0.9992,0.0008
post_a9b4d856,user_00074,does anyone else feel like crypto is totally overrated?,2024-06-28T21:33:48.015647+00:00,twitter,,,2,899,95,human,does anyone else feel like crypto is totally overrated?,human,0.9995,0.9995,0.0005
post_6922b76c,user_00120,ok why does everyone suddenly care about remote collaboration? been saying this for years,2024-06-17T20:31:15.595691+00:00,facebook,,,18,283,96,human,ok why does everyone suddenly care about remote collaboration? been saying this for years,human,0.9986,0.9986,0.0014
post_7c3b3b58,user_00208,"Key considerations for remote work: 1) Prioritize scalability from day one. 2) Build cross-functional alignment early. 3) Measure outcomes with clear KPIs. By addressing these dimensions, stakeholders can achieve sustainable outcomes aligned with organizational objectives.",2024-04-29T08:12:29.247235+00:00,reddit,,,79,2538,149,ai_generated,"key considerations for remote work: 1) prioritize scalability from day one. 2) build cross-functional alignment early. 3) measure outcomes with clear kpis. by addressing these dimensions, stakeholders can achieve sustainable outcomes aligned with organizational objectives.",ai_generated,0.9992,0.0008,0.9992
post_74da629c,user_00158,just had the best tacos at this tiny spot downtown! totally worth it 😊,2024-06-12T21:53:40.085918+00:00,mastodon,,,4,106,52,human,just had the best tacos at this tiny spot downtown! totally worth it 😊,human,0.9995,0.9995,0.0005
post_117bac56,user_00208,ok why does everyone suddenly care about remote collaboration? been saying this for years,2024-02-15T09:42:17.860859+00:00,reddit,,,8,71,99,human,ok why does everyone suddenly care about remote collaboration? been saying this for years,human,0.999,0.999,0.001
post_512516e5,user_00162,The intersection of sustainability and customer experience presents significant opportunities for innovation. Organizations that prioritize data-driven decision-making will be well-positioned to capitalize on emerging trends in the coming quarters.,2024-02-18T02:36:13.355181+00:00,mastodon,,,10,5357,131,ai_generated,the intersection of sustainability and customer experience presents significant opportunities for innovation. organizations that prioritize data-driven decision-making will be well-positioned to capitalize on emerging trends in the coming quarters.,ai_generated,0.9989,0.0011,0.9989
post_c9c2c2b0,user_00239,"As we navigate the evolving landscape of finance, it becomes increasingly important to consider the multifaceted implications of personalization. A comprehensive framework for analysis should incorporate both quantitative metrics and regulatory frameworks to yield meaningful insights.",2024-02-28T14:26:55.133927+00:00,mastodon,,,49,393,64,ai_generated,"as we navigate the evolving landscape of finance, it becomes increasingly important to consider the multifaceted implications of personalization. a comprehensive framework for analysis should incorporate both quantitative metrics and regulatory frameworks to yield meaningful insights.",ai_generated,0.9992,0.0008,0.9992
post_4f86ce44,user_00209,honestly whatever about the announcement rn. mixed feelings for sure,2024-05-24T10:56:06.940301+00:00,mastodon,,,2,2585,93,human,honestly whatever about the announcement rn. mixed feelings for sure,human,0.9992,0.9992,0.0008
post_be04ff92,user_00096,can't believe it's already March. where did the year go??,2024-06-04T05:17:36.218646+00:00,facebook,,post_5ab1492d,6,14,253,human,can't believe it's already march. where did the year go??,human,0.9995,0.9995,0.0005
post_46148b69,user_00049,"Key considerations for meditation: 1) Prioritize scalability from day one. 2) Build cross-functional alignment early. 3) Measure outcomes with clear KPIs. By addressing these dimensions, stakeholders can achieve sustainable outcomes aligned with organizational objectives.",2024-06-19T00:48:41.154366+00:00,mastodon,,,18,1434,39,ai_generated,"key considerations for meditation: 1) prioritize scalability from day one. 2) build cross-functional alignment early. 3) measure outcomes with clear kpis. by addressing these dimensions, stakeholders can achieve sustainable outcomes aligned with organizational objectives.",ai_generated,0.9991,0.0009,0.9991
post_4696539e,user_00065,"As we navigate the evolving landscape of healthcare, it becomes increasingly important to consider the multifaceted implications of resilience. A comprehensive framework for analysis should incorporate both quantitative metrics and technological constraints to yield meaningful insights.",2024-04-15T08:32:34.621883+00:00,twitter,,,70,611,72,ai_generated,"as we navigate the evolving landscape of healthcare, it becomes increasingly important to consider the multifaceted implications of resilience. a comprehensive framework for analysis should incorporate both quantitative metrics and technological constraints to yield meaningful insights.",ai_generated,0.9992,0.0008,0.9992
post_0b9b123e,user_00027,throwback to that time when we got completely lost. good times fr,2024-01-08T14:44:11.847403+00:00,twitter,,post_c4efefe2,3,17,1520,human,throwback to that time when we got completely lost. good times fr,human,0.9995,0.9995,0.0005
post_2192cc14,user_00087,ok why does everyone suddenly care about remote collaboration? been saying this for years,2024-03-15T20:56:24.777217+00:00,mastodon,,,9,388,117,human,ok why does everyone suddenly care about remote collaboration? been saying this for years,human,0.9988,0.9988,0.0012
post_e0e06cbc,user_00162,"As we navigate the evolving landscape of finance, it becomes increasingly important to consider the multifaceted implications of automation. A comprehensive framework for analysis should incorporate both market signals and technological constraints to yield meaningful insights.",2024-05-01T06:40:55.683106+00:00,twitter,,,47,2687,272,ai_generated,"as we navigate the evolving landscape of finance, it becomes increasingly important to consider the multifaceted implications of automation. a comprehensive framework for analysis should incorporate both market signals and technological constraints to yield meaningful insights.",ai_generated,0.9952,0.0048,0.9952
post_6c67d333,user_00162,The data clearly indicates that digital transformation is reshaping manufacturing. Forward-thinking leaders must adapt their strategies to remain competitive. Leveraging machine learning will be paramount in this transition.,2024-04-15T23:12:58.876214+00:00,mastodon,,post_99c6a382,19,4065,89,ai_generated,the data clearly indicates that digital transformation is reshaping manufacturing. forward-thinking leaders must adapt their strategies to remain competitive. leveraging machine learning will be paramount in this transition.,ai_generated,0.9986,0.0014,0.9986
post_88adb78a,user_00026,can't believe it's already January. where did the year go??,2024-03-20T10:29:16.592218+00:00,mastodon,,,24,21,104,human,can't believe it's already january. where did the year go??,human,0.9994,0.9994,0.0006
post_6ecafb64,user_00080,"Key considerations for AI: 1) Prioritize scalability from day one. 2) Build cross-functional alignment early. 3) Measure outcomes with clear KPIs. By addressing these dimensions, stakeholders can achieve sustainable outcomes aligned with organizational objectives.",2024-03-27T00:09:08.584121+00:00,facebook,,,21,1243,31,ai_generated,"key considerations for ai: 1) prioritize scalability from day one. 2) build cross-functional alignment early. 3) measure outcomes with clear kpis. by addressing these dimensions, stakeholders can achieve sustainable outcomes aligned with organizational objectives.",ai_generated,0.9991,0.0009,0.9991
post_aa8542d0,user_00254,unpopular opinion: coffee is overrated. fight me,2024-02-01T13:59:34.786149+00:00,facebook,,,3,2865,90,human,unpopular opinion: coffee is overrated. fight me,human,0.9995,0.9995,0.0005
post_9a9e039a,user_00135,does anyone else feel like AI is totally overrated?,2024-06-13T01:41:55.755825+00:00,mastodon,,post_ceda6cbb,57,61,54,human,does anyone else feel like ai is totally overrated?,human,0.9994,0.9994,0.0006
post_6d187459,user_00182,woke up at 4:30am for no reason and now i can't sleep. hate this,2024-02-09T06:57:22.731956+00:00,mastodon,,,6,167,40,human,woke up at 4:30am for no reason and now i can't sleep. hate this,human,0.9995,0.9995,0.0005
post_74d08f16,user_00206,unpopular opinion: open offices are terrible. fight me,2024-01-01T20:35:47.798913+00:00,mastodon,,,1,84,30,human,unpopular opinion: open offices are terrible. fight me,human,0.9995,0.9995,0.0005
post_d387c142,user_00169,throwback to that time when we stayed up all night talking. good times fr,2024-05-17T05:10:02.232467+00:00,facebook,,,34,38,124,human,throwback to that time when we stayed up all night talking. good times fr,human,0.9995,0.9995,0.0005
post_5553b3bf,user_00201,throwback to that time when we got completely lost. good times fr,2024-02-22T17:47:56.084508+00:00,mastodon,,post_26fb56ab,14,463,92,human,throwback to that time when we got completely lost. good times fr,human,0.9995,0.9995,0.0005
post_439666ce,user_00195,"Key considerations for remote work: 1) Prioritize scalability from day one. 2) Build cross-functional alignment early. 3) Measure outcomes with clear KPIs. By addressing these dimensions, stakeholders can achieve sustainable outcomes aligned with organizational objectives.",2024-01-13T22:27:34.035054+00:00,twitter,,,26,808,19,ai_generated,"key considerations for remote work: 1) prioritize scalability from day one. 2) build cross-functional alignment early. 3) measure outcomes with clear kpis. by addressing these dimensions, stakeholders can achieve sustainable outcomes aligned with organizational objectives.",ai_generated,0.9991,0.0009,0.9991
post_d7acb8c3,user_00248,does anyone else feel like AI is totally overrated?,2024-05-03T03:24:10.484398+00:00,reddit,,,8,121,15,human,does anyone else feel like ai is totally overrated?,human,0.9995,0.9995,0.0005
post_2027d4dd,user_00142,just had the best pasta at this tiny spot downtown! totally worth it 😊,2024-05-10T01:51:07.956449+00:00,facebook,,,1,278,136,human,just had the best pasta at this tiny spot downtown! totally worth it 😊,human,0.9995,0.9995,0.0005
post_98426a30,user_00240,I'm excited to share insights on meditation. The evidence strongly suggests that adoption rates have accelerated significantly. This has profound implications for organizations worldwide. Let's discuss how we can leverage this for positive impact.,2024-04-02T01:09:05.392643+00:00,reddit,,,126,976,44,ai_generated,i'm excited to share insights on meditation. the evidence strongly suggests that adoption rates have accelerated significantly. this has profound implications for organizations worldwide. let's discuss how we can leverage this for positive impact.,ai_generated,0.9992,0.0008,0.9992
post_c29b6ed3,user_00161,ok why does everyone suddenly care about remote collaboration? been saying this for years,2024-02-06T01:25:51.092642+00:00,facebook,,post_12377fd5,24,28,15,human,ok why does everyone suddenly care about remote collaboration? been saying this for years,human,0.9986,0.9986,0.0014
post_0b414b23,user_00058,"Key considerations for veganism: 1) Prioritize scalability from day one. 2) Build cross-functional alignment early. 3) Measure outcomes with clear KPIs. By addressing these dimensions, stakeholders can achieve sustainable outcomes aligned with organizational objectives.",2024-03-22T16:55:03.630698+00:00,twitter,,,35,2186,14,ai_generated,"key considerations for veganism: 1) prioritize scalability from day one. 2) build cross-functional alignment early. 3) measure outcomes with clear kpis. by addressing these dimensions, stakeholders can achieve sustainable outcomes aligned with organizational objectives.",ai_generated,0.9992,0.0008,0.9992
post_19b5488f,user_00137,"Key considerations for remote work: 1) Prioritize scalability from day one. 2) Build cross-functional alignment early. 3) Measure outcomes with clear KPIs. By addressing these dimensions, stakeholders can achieve sustainable outcomes aligned with organizational objectives.",2024-06-24T21:32:17.256905+00:00,mastodon,,post_c3350152,36,2763,15,ai_generated,"key considerations for remote work: 1) prioritize scalability from day one. 2) build cross-functional alignment early. 3) measure outcomes with clear kpis. by addressing these dimensions, stakeholders can achieve sustainable outcomes aligned with organizational objectives.",ai_generated,0.9992,0.0008,0.9992
post_4fa03d23,user_00184,ok why does everyone suddenly care about digital transformation? been saying this for years,2024-04-22T09:17:02.534256+00:00,reddit,,,4,57,72,human,ok why does everyone suddenly care about digital transformation? been saying this for years,human,0.999,0.999,0.001
post_b076e6a6,user_00260,"As we navigate the evolving landscape of finance, it becomes increasingly important to consider the multifaceted implications of resilience. A comprehensive framework for analysis should incorporate both qualitative feedback and regulatory frameworks to yield meaningful insights.",2024-02-24T09:24:33.857591+00:00,mastodon,,,25,1647,114,ai_generated,"as we navigate the evolving landscape of finance, it becomes increasingly important to consider the multifaceted implications of resilience. a comprehensive framework for analysis should incorporate both qualitative feedback and regulatory frameworks to yield meaningful insights.",ai_generated,0.9992,0.0008,0.9992
post_58719fde,user_00105,my fish is being so annoying today lmao,2024-03-21T15:01:52.257224+00:00,facebook,,,13,122,245,human,my fish is being so annoying today lmao,human,0.9995,0.9995,0.0005
post_c096ae37,user_00004,The intersection of sustainability and supply chain optimization presents significant opportunities for innovation. Organizations that prioritize stakeholder alignment will be well-positioned to capitalize on emerging trends in the coming quarters.,2024-04-13T01:39:24.283978+00:00,reddit,,,22,1319,37,ai_generated,the intersection of sustainability and supply chain optimization presents significant opportunities for innovation. organizations that prioritize stakeholder alignment will be well-positioned to capitalize on emerging trends in the coming quarters.,ai_generated,0.999,0.001,0.999
post_493874cb,user_00274,can't believe it's already January. where did the year go??,2024-03-25T04:01:17.001701+00:00,facebook,,,6,303,22,human,can't believe it's already january. where did the year go??,human,0.9994,0.9994,0.0006
post_37328554,user_00097,honestly excited about the announcement rn. mixed feelings for sure,2024-01-03T05:11:42.619903+00:00,mastodon,,,8,377,34,human,honestly excited about the announcement rn. mixed feelings for sure,human,0.9993,0.9993,0.0007
post_6a3b89e5,user_00043,The data clearly indicates that digital transformation is reshaping healthcare. Forward-thinking leaders must adapt their strategies to remain competitive. Leveraging machine learning will be paramount in this transition.,2024-04-03T06:11:01.681943+00:00,twitter,,,147,56,34,ai_generated,the data clearly indicates that digital transformation is reshaping healthcare. forward-thinking leaders must adapt their strategies to remain competitive. leveraging machine learning will be paramount in this transition.,ai_generated,0.9959,0.0041,0.9959
post_240af9dd,user_00163,ok why does everyone suddenly care about AI adoption? been saying this for years,2024-04-10T06:57:49.258729+00:00,reddit,,,5,2195,199,human,ok why does everyone suddenly care about ai adoption? been saying this for years,human,0.9991,0.9991,0.0009
post_3a43ef0f,user_00077,honestly whatever about the announcement rn. mixed feelings for sure,2024-06-16T20:53:17.634269+00:00,twitter,,,3,38,113,human,honestly whatever about the announcement rn. mixed feelings for sure,human,0.9995,0.9995,0.0005
post_b7462ba8,user_00067,ok why does everyone suddenly care about remote collaboration? been saying this for years,2024-02-06T00:40:21.366359+00:00,mastodon,,,3,116,11,human,ok why does everyone suddenly care about remote collaboration? been saying this for years,human,0.9988,0.9988,0.0012
post_9e914244,user_00075,"Key considerations for AI: 1) Prioritize scalability from day one. 2) Build cross-functional alignment early. 3) Measure outcomes with clear KPIs. By addressing these dimensions, stakeholders can achieve sustainable outcomes aligned with organizational objectives.",2024-01-24T16:10:13.996833+00:00,mastodon,,,21,16064,51,ai_generated,"key considerations for ai: 1) prioritize scalability from day one. 2) build cross-functional alignment early. 3) measure outcomes with clear kpis. by addressing these dimensions, stakeholders can achieve sustainable outcomes aligned with organizational objectives.",ai_generated,0.9992,0.0008,0.9992
post_f375ab42,user_00100,ok why does everyone suddenly care about remote collaboration? been saying this for years,2024-01-06T22:31:35.896145+00:00,reddit,,,5,265,22,human,ok why does everyone suddenly care about remote collaboration? been saying this for years,human,0.9986,0.9986,0.0014
post_7894d3e4,user_00109,can't believe it's already March. where did the year go??,2024-04-06T18:18:20.388962+00:00,twitter,,post_65db6e9d,1,126,66,human,can't believe it's already march. where did the year go??,human,0.9995,0.9995,0.0005
post_e892be14,user_00200,honestly conflicted about what happened yesterday rn. mixed feelings for sure,2024-02-26T03:09:40.925514+00:00,mastodon,,,4,19,56,human,honestly conflicted about what happened yesterday rn. mixed feelings for sure,human,0.9984,0.9984,0.0016
post_2de3bb22,user_00001,woke up at 5am for no reason and now i can't sleep. hate this,2024-05-07T15:04:01.593914+00:00,twitter,,,2,36,68,human,woke up at 5am for no reason and now i can't sleep. hate this,human,0.9995,0.9995,0.0005
post_29672c67,user_00002,I'm excited to share insights on remote work. The evidence strongly suggests that adoption rates have accelerated significantly. This has profound implications for communities worldwide. Let's discuss how we can leverage this for positive impact.,2024-04-24T20:07:24.997710+00:00,facebook,,post_f1d56ffb,49,676,17,ai_generated,i'm excited to share insights on remote work. the evidence strongly suggests that adoption rates have accelerated significantly. this has profound implications for communities worldwide. let's discuss how we can leverage this for positive impact.,ai_generated,0.9991,0.0009,0.9991
post_168f77b1,user_00059,just had the best pizza at a random food truck! totally worth it 😊,2024-05-04T23:58:25.984129+00:00,facebook,,post_334280d3,28,117,103,human,just had the best pizza at a random food truck! totally worth it 😊,human,0.9994,0.9994,0.0006
post_9f181bdf,user_00221,"As we navigate the evolving landscape of healthcare, it becomes increasingly important to consider the multifaceted implications of personalization. A comprehensive framework for analysis should incorporate both qualitative feedback and technological constraints to yield meaningful insights.",2024-01-09T06:02:14.522134+00:00,twitter,,,18,5245,49,ai_generated,"as we navigate the evolving landscape of healthcare, it becomes increasingly important to consider the multifaceted implications of personalization. a comprehensive framework for analysis should incorporate both qualitative feedback and technological constraints to yield meaningful insights.",ai_generated,0.9992,0.0008,0.9992
post_7706c943,user_00072,"Key considerations for remote work: 1) Prioritize scalability from day one. 2) Build cross-functional alignment early. 3) Measure outcomes with clear KPIs. By addressing these dimensions, stakeholders can achieve sustainable outcomes aligned with organizational objectives.",2024-03-27T09:56:56.609894+00:00,twitter,,,13,2037,57,ai_generated,"key considerations for remote work: 1) prioritize scalability from day one. 2) build cross-functional alignment early. 3) measure outcomes with clear kpis. by addressing these dimensions, stakeholders can achieve sustainable outcomes aligned with organizational objectives.",ai_generated,0.9991,0.0009,0.9991
post_634fe2a5,user_00069,The intersection of digital transformation and supply chain optimization presents significant opportunities for innovation. Organizations that prioritize data-driven decision-making will be well-positioned to capitalize on emerging trends in the coming quarters.,2024-01-19T14:35:40.790329+00:00,reddit,,,40,1537,26,ai_generated,the intersection of digital transformation and supply chain optimization presents significant opportunities for innovation. organizations that prioritize data-driven decision-making will be well-positioned to capitalize on emerging trends in the coming quarters.,ai_generated,0.9991,0.0009,0.9991
post_46444ce9,user_00237,throwback to that time when we stayed up all night talking. good times fr,2024-04-28T18:46:33.957339+00:00,twitter,,,6,195,30,human,throwback to that time when we stayed up all night talking. good times fr,human,0.9995,0.9995,0.0005
post_211b3735,user_00096,you guys i just found out I misunderstood everything. my whole life is a lie,2024-01-05T02:39:40.484497+00:00,twitter,,,1,73,91,human,you guys i just found out i misunderstood everything. my whole life is a lie,human,0.9993,0.9993,0.0007
post_1385ab36,user_00234,woke up at 5am for no reason and now i can't sleep. hate this,2024-06-11T06:51:37.534926+00:00,twitter,,post_1385ab36,1,3577,300,human,woke up at 5am for no reason and now i can't sleep. hate this,human,0.9995,0.9995,0.0005
post_35df92b7,user_00042,ok why does everyone suddenly care about AI adoption? been saying this for years,2024-04-17T11:24:26.531272+00:00,mastodon,,,15,276,117,human,ok why does everyone suddenly care about ai adoption? been saying this for years,human,0.9991,0.9991,0.0009
post_aebe22d9,user_00201,unpopular opinion: open offices are terrible. fight me,2024-06-29T13:52:01.748349+00:00,mastodon,,,0,235,31,human,unpopular opinion: open offices are terrible. fight me,human,0.9995,0.9995,0.0005
post_efaa7595,user_00101,throwback to that time when we stayed up all night talking. good times fr,2024-06-25T04:15:00.328542+00:00,reddit,,,7,57,109,human,throwback to that time when we stayed up all night talking. good times fr,human,0.9995,0.9995,0.0005
post_44455cbe,user_00236,honestly nervous about that whole situation rn. mixed feelings for sure,2024-05-16T02:28:22.828557+00:00,facebook,,,10,74,9,human,honestly nervous about that whole situation rn. mixed feelings for sure,human,0.9993,0.9993,0.0007
post_a6785677,user_00045,ok why does everyone suddenly care about AI adoption? been saying this for years,2024-03-29T20:48:59.103869+00:00,twitter,,,25,243,219,human,ok why does everyone suddenly care about ai adoption? been saying this for years,human,0.9991,0.9991,0.0009
post_de9d4c95,user_00175,honestly whatever about the announcement rn. mixed feelings for sure,2024-01-25T13:16:53.985026+00:00,facebook,,,10,153,172,human,honestly whatever about the announcement rn. mixed feelings for sure,human,0.9994,0.9994,0.0006
post_d02d52ae,user_00260,I'm excited to share insights on AI. The evidence strongly suggests that adoption rates have accelerated significantly. This has profound implications for organizations worldwide. Let's discuss how we can leverage this for positive impact.,2024-04-24T16:57:39.784798+00:00,mastodon,,,51,4129,7,ai_generated,i'm excited to share insights on ai. the evidence strongly suggests that adoption rates have accelerated significantly. this has profound implications for organizations worldwide. let's discuss how we can leverage this for positive impact.,ai_generated,0.9992,0.0008,0.9992
post_deff9b42,user_00041,unpopular opinion: mornings are fine. fight me,2024-02-02T20:11:30.500333+00:00,facebook,,,19,315,312,human,unpopular opinion: mornings are fine. fight me,human,0.9995,0.9995,0.0005
post_54290a96,user_00214,does anyone else feel like AI is totally overrated?,2024-02-21T09:43:16.558186+00:00,reddit,,post_760232a3,0,22,24,human,does anyone else feel like ai is totally overrated?,human,0.9995,0.9995,0.0005
post_d6b914ab,user_00013,throwback to that time when we stayed up all night talking. good times fr,2024-04-15T20:21:59.981723+00:00,mastodon,,,0,1564,232,human,throwback to that time when we stayed up all night talking. good times fr,human,0.9995,0.9995,0.0005
post_c202cb53,user_00162,"As we navigate the evolving landscape of education, it becomes increasingly important to consider the multifaceted implications of resilience. A comprehensive framework for analysis should incorporate both quantitative metrics and regulatory frameworks to yield meaningful insights.",2024-03-27T06:55:39.589323+00:00,mastodon,,post_e6f7512d,27,247,80,ai_generated,"as we navigate the evolving landscape of education, it becomes increasingly important to consider the multifaceted implications of resilience. a comprehensive framework for analysis should incorporate both quantitative metrics and regulatory frameworks to yield meaningful insights.",ai_generated,0.9992,0.0008,0.9992
post_846bfa62,user_00086,does anyone else feel like remote work is totally overrated?,2024-03-10T23:18:26.436519+00:00,reddit,,,5,212,988,human,does anyone else feel like remote work is totally overrated?,human,0.9995,0.9995,0.0005
post_01e158a6,user_00019,unpopular opinion: mornings are fine. fight me,2024-06-02T01:25:21.590330+00:00,reddit,,post_88adb78a,3,478,14,human,unpopular opinion: mornings are fine. fight me,human,0.9995,0.9995,0.0005
post_d26436c7,user_00284,you guys i just found out this has been happening for years. my whole life is a lie,2024-01-14T13:47:36.375054+00:00,twitter,,post_a54cd05c,13,347,39,human,you guys i just found out this has been happening for years. my whole life is a lie,human,0.9985,0.9985,0.0015
post_0b574f15,user_00228,unpopular opinion: open offices are terrible. fight me,2024-04-03T20:56:25.230142+00:00,mastodon,,post_aed2dab8,17,7,4,human,unpopular opinion: open offices are terrible. fight me,human,0.9995,0.9995,0.0005
post_cffa6d77,user_00031,I'm excited to share insights on veganism. The evidence strongly suggests that outcomes improve with structured frameworks. This has profound implications for communities worldwide. Let's discuss how we can leverage this for positive impact.,2024-02-26T01:39:44.199912+00:00,facebook,,,31,1405,84,ai_generated,i'm excited to share insights on veganism. the evidence strongly suggests that outcomes improve with structured frameworks. this has profound implications for communities worldwide. let's discuss how we can leverage this for positive impact.,ai_generated,0.9991,0.0009,0.9991
post_37b556b0,user_00225,can't believe it's already August. where did the year go??,2024-05-18T19:11:18.779972+00:00,twitter,,,3,242,42,human,can't believe it's already august. where did the year go??,human,0.9994,0.9994,0.0006
post_9fd0523e,user_00021,woke up at 5am for no reason and now i can't sleep. hate this,2024-06-09T07:40:36.942732+00:00,facebook,,,5,119,34,human,woke up at 5am for no reason and now i can't sleep. hate this,human,0.9995,0.9995,0.0005
post_cc6943c0,user_00107,honestly whatever about that whole situation rn. mixed feelings for sure,2024-03-31T12:09:26.343681+00:00,mastodon,,post_6245afaa,0,36,48,human,honestly whatever about that whole situation rn. mixed feelings for sure,human,0.9995,0.9995,0.0005
post_7a1477a5,user_00146,does anyone else feel like AI is totally overrated?,2024-05-24T22:21:53.501842+00:00,twitter,,,5,53,122,human,does anyone else feel like ai is totally overrated?,human,0.9995,0.9995,0.0005
post_1f3677af,user_00169,ok why does everyone suddenly care about digital transformation? been saying this for years,2024-06-23T23:30:28.887752+00:00,twitter,,post_6aa57a96,21,1378,286,human,ok why does everyone suddenly care about digital transformation? been saying this for years,human,0.9977,0.9977,0.0023
post_1abb13fa,user_00101,The data clearly indicates that digital transformation is reshaping finance. Forward-thinking leaders must adapt their strategies to remain competitive. Leveraging cloud infrastructure will be paramount in this transition.,2024-01-23T23:10:10.606083+00:00,mastodon,,,7,2542,15,ai_generated,the data clearly indicates that digital transformation is reshaping finance. forward-thinking leaders must adapt their strategies to remain competitive. leveraging cloud infrastructure will be paramount in this transition.,ai_generated,0.9986,0.0014,0.9986
post_9f591211,user_00163,The intersection of digital transformation and talent management presents significant opportunities for innovation. Organizations that prioritize data-driven decision-making will be well-positioned to capitalize on emerging trends in the coming quarters.,2024-04-06T18:13:18.820840+00:00,twitter,,,43,411,15,ai_generated,the intersection of digital transformation and talent management presents significant opportunities for innovation. organizations that prioritize data-driven decision-making will be well-positioned to capitalize on emerging trends in the coming quarters.,ai_generated,0.9991,0.0009,0.9991
post_8a51dc94,user_00229,honestly excited about what happened yesterday rn. mixed feelings for sure,2024-04-01T15:56:50.277564+00:00,mastodon,,,11,10,449,human,honestly excited about what happened yesterday rn. mixed feelings for sure,human,0.9995,0.9995,0.0005
post_c72713db,user_00178,can't believe it's already November. where did the year go??,2024-04-01T13:54:33.963735+00:00,reddit,,,4,140,13,human,can't believe it's already november. where did the year go??,human,0.9994,0.9994,0.0006
post_7f4ff7fa,user_00058,just had the best pasta at this tiny spot downtown! totally worth it 😊,2024-04-01T08:15:57.481085+00:00,facebook,,,11,1301,671,human,just had the best pasta at this tiny spot downtown! totally worth it 😊,human,0.9995,0.9995,0.0005
post_f51f0a3f,user_00111,"Key considerations for AI: 1) Prioritize scalability from day one. 2) Build cross-functional alignment early. 3) Measure outcomes with clear KPIs. By addressing these dimensions, stakeholders can achieve sustainable outcomes aligned with organizational objectives.",2024-03-26T08:20:49.578236+00:00,mastodon,,,26,2152,46,ai_generated,"key considerations for ai: 1) prioritize scalability from day one. 2) build cross-functional alignment early. 3) measure outcomes with clear kpis. by addressing these dimensions, stakeholders can achieve sustainable outcomes aligned with organizational objectives.",ai_generated,0.9991,0.0009,0.9991
post_0f199bdc,user_00109,my hamster is being so annoying today lmao,2024-03-17T19:19:02.810070+00:00,facebook,,,1,607,290,human,my hamster is being so annoying today lmao,human,0.9995,0.9995,0.0005
post_2bc9adc2,user_00035,unpopular opinion: mornings are fine. fight me,2024-04-04T03:39:12.563094+00:00,reddit,,,2,1018,41,human,unpopular opinion: mornings are fine. fight me,human,0.9995,0.9995,0.0005
post_8d16de0d,user_00286,you guys i just found out I misunderstood everything. my whole life is a lie,2024-03-11T13:47:11.608093+00:00,mastodon,,,6,176,19,human,you guys i just found out i misunderstood everything. my whole life is a lie,human,0.9989,0.9989,0.0011
post_fb47f537,user_00009,you guys i just found out this has been happening for years. my whole life is a lie,2024-02-22T03:58:38.030768+00:00,reddit,,,7,163,902,human,you guys i just found out this has been happening for years. my whole life is a lie,human,0.9993,0.9993,0.0007
post_470d560b,user_00159,woke up at 5am for no reason and now i can't sleep. hate this,2024-04-29T07:16:32.280471+00:00,twitter,,,2,147,35,human,woke up at 5am for no reason and now i can't sleep. hate this,human,0.9995,0.9995,0.0005
post_3d82bef9,user_00267,woke up at 4:30am for no reason and now i can't sleep. hate this,2024-06-28T16:48:01.144661+00:00,mastodon,,,10,57,45,human,woke up at 4:30am for no reason and now i can't sleep. hate this,human,0.9995,0.9995,0.0005
post_349350b7,user_00141,I'm excited to share insights on veganism. The evidence strongly suggests that adoption rates have accelerated significantly. This has profound implications for communities worldwide. Let's discuss how we can leverage this for positive impact.,2024-03-07T00:52:43.228930+00:00,twitter,,,137,1106,27,ai_generated,i'm excited to share insights on veganism. the evidence strongly suggests that adoption rates have accelerated significantly. this has profound implications for communities worldwide. let's discuss how we can leverage this for positive impact.,ai_generated,0.9992,0.0008,0.9992
post_fd64f92b,user_00178,I'm excited to share insights on AI. The evidence strongly suggests that adoption rates have accelerated significantly. This has profound implications for communities worldwide. Let's discuss how we can leverage this for positive impact.,2024-06-07T13:14:03.345548+00:00,twitter,,,23,3128,14,ai_generated,i'm excited to share insights on ai. the evidence strongly suggests that adoption rates have accelerated significantly. this has profound implications for communities worldwide. let's discuss how we can leverage this for positive impact.,ai_generated,0.9991,0.0009,0.9991
post_d60f3f84,user_00137,"As we navigate the evolving landscape of education, it becomes increasingly important to consider the multifaceted implications of resilience. A comprehensive framework for analysis should incorporate both quantitative metrics and behavioral patterns to yield meaningful insights.",2024-03-08T09:31:20.888730+00:00,reddit,,,31,686,37,ai_generated,"as we navigate the evolving landscape of education, it becomes increasingly important to consider the multifaceted implications of resilience. a comprehensive framework for analysis should incorporate both quantitative metrics and behavioral patterns to yield meaningful insights.",ai_generated,0.9992,0.0008,0.9992
post_4c8648b3,user_00299,I'm excited to share insights on crypto. The evidence strongly suggests that outcomes improve with structured frameworks. This has profound implications for practitioners worldwide. Let's discuss how we can leverage this for positive impact.,2024-02-14T06:11:38.536841+00:00,reddit,,post_4c0e6a24,37,384,100,ai_generated,i'm excited to share insights on crypto. the evidence strongly suggests that outcomes improve with structured frameworks. this has profound implications for practitioners worldwide. let's discuss how we can leverage this for positive impact.,ai_generated,0.999,0.001,0.999
post_c6090173,user_00295,The data clearly indicates that AI adoption is reshaping finance. Forward-thinking leaders must adapt their strategies to remain competitive. Leveraging cloud infrastructure will be paramount in this transition.,2024-02-22T12:46:39.818946+00:00,facebook,,,83,3118,31,ai_generated,the data clearly indicates that ai adoption is reshaping finance. forward-thinking leaders must adapt their strategies to remain competitive. leveraging cloud infrastructure will be paramount in this transition.,ai_generated,0.999,0.001,0.999
post_67168ca1,user_00026,can't believe it's already March. where did the year go??,2024-01-03T20:34:52.749555+00:00,facebook,,,6,150,89,human,can't believe it's already march. where did the year go??,human,0.9995,0.9995,0.0005
post_18d1b82e,user_00041,I'm excited to share insights on crypto. The evidence strongly suggests that adoption rates have accelerated significantly. This has profound implications for practitioners worldwide. Let's discuss how we can leverage this for positive impact.,2024-02-27T17:33:04.917780+00:00,mastodon,,post_598ec38b,25,268,31,ai_generated,i'm excited to share insights on crypto. the evidence strongly suggests that adoption rates have accelerated significantly. this has profound implications for practitioners worldwide. let's discuss how we can leverage this for positive impact.,ai_generated,0.999,0.001,0.999
post_1cd20e80,user_00215,I'm excited to share insights on AI. The evidence strongly suggests that adoption rates have accelerated significantly. This has profound implications for practitioners worldwide. Let's discuss how we can leverage this for positive impact.,2024-04-28T10:51:57.188299+00:00,mastodon,,,5,1012,146,ai_generated,i'm excited to share insights on ai. the evidence strongly suggests that adoption rates have accelerated significantly. this has profound implications for practitioners worldwide. let's discuss how we can leverage this for positive impact.,ai_generated,0.9988,0.0012,0.9988
post_870d2e2e,user_00102,ok why does everyone suddenly care about remote collaboration? been saying this for years,2024-02-06T00:31:17.911166+00:00,mastodon,,,6,39,207,human,ok why does everyone suddenly care about remote collaboration? been saying this for years,human,0.9992,0.9992,0.0008
post_33b7a03f,user_00196,my hamster is being so annoying today lmao,2024-03-03T00:36:22.838727+00:00,mastodon,,,4,292,80,human,my hamster is being so annoying today lmao,human,0.9995,0.9995,0.0005
post_7716fda0,user_00048,honestly whatever about the announcement rn. mixed feelings for sure,2024-04-01T23:28:44.377144+00:00,twitter,,,7,37,519,human,honestly whatever about the announcement rn. mixed feelings for sure,human,0.9995,0.9995,0.0005
post_b39880ba,user_00275,honestly whatever about what happened yesterday rn. mixed feelings for sure,2024-06-04T11:53:38.993017+00:00,reddit,,,5,707,1598,human,honestly whatever about what happened yesterday rn. mixed feelings for sure,human,0.9995,0.9995,0.0005
post_5c2b4f15,user_00297,just had the best sushi at this tiny spot downtown! totally worth it 😊,2024-04-26T06:08:28.140964+00:00,facebook,,,5,302,47,human,just had the best sushi at this tiny spot downtown! totally worth it 😊,human,0.9994,0.9994,0.0006
post_b880756c,user_00188,throwback to that time when we stayed up all night talking. good times fr,2024-04-20T20:49:20.389175+00:00,reddit,,post_8bd956a2,7,44,332,human,throwback to that time when we stayed up all night talking. good times fr,human,0.9995,0.9995,0.0005
post_f6bbdb18,user_00192,throwback to that time when we stayed up all night talking. good times fr,2024-02-11T19:02:02.501963+00:00,facebook,,post_7a0dd07f,3,24,701,human,throwback to that time when we stayed up all night talking. good times fr,human,0.9995,0.9995,0.0005
post_d6f8ddde,user_00280,The intersection of digital transformation and supply chain optimization presents significant opportunities for innovation. Organizations that prioritize data-driven decision-making will be well-positioned to capitalize on emerging trends in the coming quarters.,2024-06-24T04:08:53.258998+00:00,twitter,,,69,1482,30,ai_generated,the intersection of digital transformation and supply chain optimization presents significant opportunities for innovation. organizations that prioritize data-driven decision-making will be well-positioned to capitalize on emerging trends in the coming quarters.,ai_generated,0.9992,0.0008,0.9992
post_22966e07,user_00202,woke up at 4:30am for no reason and now i can't sleep. hate this,2024-04-05T00:59:00.917123+00:00,twitter,,,6,1218,52,human,woke up at 4:30am for no reason and now i can't sleep. hate this,human,0.9995,0.9995,0.0005
post_f47b21bf,user_00122,does anyone else feel like veganism is totally overrated?,2024-06-03T06:44:55.640721+00:00,twitter,,post_4b44b0c7,12,4,99,human,does anyone else feel like veganism is totally overrated?,human,0.9995,0.9995,0.0005
post_a74086cc,user_00011,does anyone else feel like AI is totally overrated?,2024-01-19T08:39:39.173323+00:00,facebook,,post_79a5f87b,0,64,73,human,does anyone else feel like ai is totally overrated?,human,0.9995,0.9995,0.0005
post_4c0afae2,user_00243,ok why does everyone suddenly care about remote collaboration? been saying this for years,2024-06-08T05:15:24.020107+00:00,reddit,,,1,1424,348,human,ok why does everyone suddenly care about remote collaboration? been saying this for years,human,0.999,0.999,0.001
post_99e76849,user_00268,"As we navigate the evolving landscape of healthcare, it becomes increasingly important to consider the multifaceted implications of automation. A comprehensive framework for analysis should incorporate both quantitative metrics and behavioral patterns to yield meaningful insights.",2024-01-14T23:03:00.929628+00:00,facebook,,,54,861,63,ai_generated,"as we navigate the evolving landscape of healthcare, it becomes increasingly important to consider the multifaceted implications of automation. a comprehensive framework for analysis should incorporate both quantitative metrics and behavioral patterns to yield meaningful insights.",ai_generated,0.9992,0.0008,0.9992
post_0469ee43,user_00060,throwback to that time when we stayed up all night talking. good times fr,2024-04-01T09:20:58.625769+00:00,reddit,,,12,144,81,human,throwback to that time when we stayed up all night talking. good times fr,human,0.9995,0.9995,0.0005
post_b91d1c56,user_00279,ok why does everyone suddenly care about remote collaboration? been saying this for years,2024-02-20T16:26:05.023757+00:00,facebook,,,5,109,157,human,ok why does everyone suddenly care about remote collaboration? been saying this for years,human,0.9991,0.9991,0.0009
post_145c9a82,user_00133,honestly whatever about that whole situation rn. mixed feelings for sure,2024-06-01T12:28:05.885302+00:00,reddit,,,2,51,19,human,honestly whatever about that whole situation rn. mixed feelings for sure,human,0.9994,0.9994,0.0006
post_8761fc30,user_00248,I'm excited to share insights on veganism. The evidence strongly suggests that adoption rates have accelerated significantly. This has profound implications for organizations worldwide. Let's discuss how we can leverage this for positive impact.,2024-03-31T10:35:24.889115+00:00,mastodon,,post_655b34cc,12,1664,35,ai_generated,i'm excited to share insights on veganism. the evidence strongly suggests that adoption rates have accelerated significantly. this has profound implications for organizations worldwide. let's discuss how we can leverage this for positive impact.,ai_generated,0.9991,0.0009,0.9991
post_75a7c6f1,user_00166,unpopular opinion: coffee is overrated. fight me,2024-03-28T12:11:16.157236+00:00,mastodon,,post_400a6964,1,88,160,human,unpopular opinion: coffee is overrated. fight me,human,0.9995,0.9995,0.0005
post_6e6f89d6,user_00073,throwback to that time when we stayed up all night talking. good times fr,2024-02-13T12:37:01.628363+00:00,facebook,,,2,235,1031,human,throwback to that time when we stayed up all night talking. good times fr,human,0.9995,0.9995,0.0005
post_98569087,user_00006,ok why does everyone suddenly care about AI adoption? been saying this for years,2024-02-22T20:12:09.354748+00:00,facebook,,post_961d49ad,10,8543,51,human,ok why does everyone suddenly care about ai adoption? been saying this for years,human,0.9961,0.9961,0.0039
post_5cf1f175,user_00154,unpopular opinion: mornings are fine. fight me,2024-02-22T03:15:28.390554+00:00,mastodon,,,11,44,43,human,unpopular opinion: mornings are fine. fight me,human,0.9995,0.9995,0.0005
post_c158f1e4,user_00136,you guys i just found out I misunderstood everything. my whole life is a lie,2024-01-20T09:06:52.446170+00:00,facebook,,,2,573,42,human,you guys i just found out i misunderstood everything. my whole life is a lie,human,0.9962,0.9962,0.0038
post_e32539f8,user_00115,The data clearly indicates that AI adoption is reshaping retail. Forward-thinking leaders must adapt their strategies to remain competitive. Leveraging automation tools will be paramount in this transition.,2024-05-02T15:18:15.585945+00:00,mastodon,,,99,420,22,ai_generated,the data clearly indicates that ai adoption is reshaping retail. forward-thinking leaders must adapt their strategies to remain competitive. leveraging automation tools will be paramount in this transition.,ai_generated,0.9987,0.0013,0.9987
post_f5ab8b8c,user_00185,throwback to that time when we got completely lost. good times fr,2024-02-14T09:26:05.360880+00:00,mastodon,,post_54f91b4b,0,257,459,human,throwback to that time when we got completely lost. good times fr,human,0.9995,0.9995,0.0005
post_43e4eb7b,user_00108,I'm excited to share insights on AI. The evidence strongly suggests that adoption rates have accelerated significantly. This has profound implications for practitioners worldwide. Let's discuss how we can leverage this for positive impact.,2024-04-03T10:08:38.585817+00:00,facebook,,,49,782,6,ai_generated,i'm excited to share insights on ai. the evidence strongly suggests that adoption rates have accelerated significantly. this has profound implications for practitioners worldwide. let's discuss how we can leverage this for positive impact.,ai_generated,0.9992,0.0008,0.9992
post_c1ee834e,user_00179,The data clearly indicates that AI adoption is reshaping manufacturing. Forward-thinking leaders must adapt their strategies to remain competitive. Leveraging cloud infrastructure will be paramount in this transition.,2024-06-24T09:40:44.692910+00:00,twitter,,post_99b615bc,44,135,12,ai_generated,the data clearly indicates that ai adoption is reshaping manufacturing. forward-thinking leaders must adapt their strategies to remain competitive. leveraging cloud infrastructure will be paramount in this transition.,ai_generated,0.9983,0.0017,0.9983
post_018dc39b,user_00170,"Key considerations for veganism: 1) Prioritize scalability from day one. 2) Build cross-functional alignment early. 3) Measure outcomes with clear KPIs. By addressing these dimensions, stakeholders can achieve sustainable outcomes aligned with organizational objectives.",2024-06-13T13:16:33.086742+00:00,reddit,,,107,4561,28,ai_generated,"key considerations for veganism: 1) prioritize scalability from day one. 2) build cross-functional alignment early. 3) measure outcomes with clear kpis. by addressing these dimensions, stakeholders can achieve sustainable outcomes aligned with organizational objectives.",ai_generated,0.9992,0.0008,0.9992
post_305607ca,user_00245,can't believe it's already August. where did the year go??,2024-05-25T15:39:14.791668+00:00,facebook,,,25,274,12,human,can't believe it's already august. where did the year go??,human,0.9991,0.9991,0.0009
post_9c40c022,user_00071,you guys i just found out this has been happening for years. my whole life is a lie,2024-05-24T02:05:11.704152+00:00,reddit,,,22,101,85,human,you guys i just found out this has been happening for years. my whole life is a lie,human,0.9989,0.9989,0.0011
post_52786951,user_00042,just had the best tacos at a random food truck! totally worth it 😊,2024-01-11T22:24:37.848961+00:00,reddit,,,7,1180,131,human,just had the best tacos at a random food truck! totally worth it 😊,human,0.9995,0.9995,0.0005
post_3f171357,user_00253,unpopular opinion: coffee is overrated. fight me,2024-01-22T04:41:52.404972+00:00,twitter,,,4,210,119,human,unpopular opinion: coffee is overrated. fight me,human,0.9995,0.9995,0.0005
post_54458b0f,user_00021,unpopular opinion: mornings are fine. fight me,2024-05-25T21:59:29.781270+00:00,facebook,,,5,51,404,human,unpopular opinion: mornings are fine. fight me,human,0.9995,0.9995,0.0005
post_d7c6d46f,user_00228,can't believe it's already January. where did the year go??,2024-05-17T06:35:10.313990+00:00,facebook,,,12,109,44,human,can't believe it's already january. where did the year go??,human,0.9994,0.9994,0.0006
post_a66c45da,user_00084,I'm excited to share insights on crypto. The evidence strongly suggests that outcomes improve with structured frameworks. This has profound implications for practitioners worldwide. Let's discuss how we can leverage this for positive impact.,2024-05-30T15:53:30.425906+00:00,mastodon,,,72,4084,52,ai_generated,i'm excited to share insights on crypto. the evidence strongly suggests that outcomes improve with structured frameworks. this has profound implications for practitioners worldwide. let's discuss how we can leverage this for positive impact.,ai_generated,0.9992,0.0008,0.9992
post_a10df448,user_00095,unpopular opinion: open offices are terrible. fight me,2024-02-04T00:29:22.980896+00:00,facebook,,post_d492db54,0,743,48,human,unpopular opinion: open offices are terrible. fight me,human,0.9995,0.9995,0.0005
post_b77b2a56,user_00095,The data clearly indicates that digital transformation is reshaping retail. Forward-thinking leaders must adapt their strategies to remain competitive. Leveraging automation tools will be paramount in this transition.,2024-01-18T23:41:42.147156+00:00,mastodon,,,81,1284,39,ai_generated,the data clearly indicates that digital transformation is reshaping retail. forward-thinking leaders must adapt their strategies to remain competitive. leveraging automation tools will be paramount in this transition.,ai_generated,0.9989,0.0011,0.9989
post_fe5662e3,user_00174,"Key considerations for meditation: 1) Prioritize scalability from day one. 2) Build cross-functional alignment early. 3) Measure outcomes with clear KPIs. By addressing these dimensions, stakeholders can achieve sustainable outcomes aligned with organizational objectives.",2024-06-13T19:58:30.102206+00:00,facebook,,,87,440,23,ai_generated,"key considerations for meditation: 1) prioritize scalability from day one. 2) build cross-functional alignment early. 3) measure outcomes with clear kpis. by addressing these dimensions, stakeholders can achieve sustainable outcomes aligned with organizational objectives.",ai_generated,0.9992,0.0008,0.9992
post_aaf36094,user_00019,can't believe it's already January. where did the year go??,2024-04-25T00:04:34.213248+00:00,reddit,,post_6da446b9,7,51,306,human,can't believe it's already january. where did the year go??,human,0.9995,0.9995,0.0005
post_99a24c88,user_00195,unpopular opinion: open offices are terrible. fight me,2024-05-28T05:17:25.004882+00:00,mastodon,,,8,658,170,human,unpopular opinion: open offices are terrible. fight me,human,0.9995,0.9995,0.0005
post_1d4d0bb0,user_00095,"As we navigate the evolving landscape of healthcare, it becomes increasingly important to consider the multifaceted implications of scalability. A comprehensive framework for analysis should incorporate both quantitative metrics and behavioral patterns to yield meaningful insights.",2024-05-21T01:11:04.667649+00:00,facebook,,,47,1171,108,ai_generated,"as we navigate the evolving landscape of healthcare, it becomes increasingly important to consider the multifaceted implications of scalability. a comprehensive framework for analysis should incorporate both quantitative metrics and behavioral patterns to yield meaningful insights.",ai_generated,0.9992,0.0008,0.9992
post_0c974765,user_00048,I'm excited to share insights on AI. The evidence strongly suggests that adoption rates have accelerated significantly. This has profound implications for practitioners worldwide. Let's discuss how we can leverage this for positive impact.,2024-05-21T11:54:58.567302+00:00,reddit,,,103,902,13,ai_generated,i'm excited to share insights on ai. the evidence strongly suggests that adoption rates have accelerated significantly. this has profound implications for practitioners worldwide. let's discuss how we can leverage this for positive impact.,ai_generated,0.9992,0.0008,0.9992
post_8bc3c012,user_00118,honestly whatever about what happened yesterday rn. mixed feelings for sure,2024-01-21T01:20:03.451278+00:00,mastodon,,,7,556,87,human,honestly whatever about what happened yesterday rn. mixed feelings for sure,human,0.9991,0.9991,0.0009
post_7ef73c49,user_00043,does anyone else feel like remote work is totally overrated?,2024-01-26T22:29:24.567766+00:00,mastodon,,,7,213,175,human,does anyone else feel like remote work is totally overrated?,human,0.9995,0.9995,0.0005
post_93da45a2,user_00219,my cat is being so annoying today lmao,2024-01-25T19:54:09.681724+00:00,facebook,,,7,113,28,human,my cat is being so annoying today lmao,human,0.9995,0.9995,0.0005
post_b1e84f55,user_00179,can't believe it's already November. where did the year go??,2024-02-21T12:49:26.535634+00:00,twitter,,post_3d82bef9,0,103,65,human,can't believe it's already november. where did the year go??,human,0.9995,0.9995,0.0005
post_7ee212b8,user_00091,does anyone else feel like AI is totally overrated?,2024-04-15T18:36:10.533273+00:00,mastodon,,post_52d55c04,0,44,56,human,does anyone else feel like ai is totally overrated?,human,0.9995,0.9995,0.0005
post_b6463266,user_00077,"As we navigate the evolving landscape of healthcare, it becomes increasingly important to consider the multifaceted implications of automation. A comprehensive framework for analysis should incorporate both market signals and regulatory frameworks to yield meaningful insights.",2024-06-22T13:37:53.802653+00:00,twitter,,,7,5606,38,ai_generated,"as we navigate the evolving landscape of healthcare, it becomes increasingly important to consider the multifaceted implications of automation. a comprehensive framework for analysis should incorporate both market signals and regulatory frameworks to yield meaningful insights.",ai_generated,0.9992,0.0008,0.9992
post_c1d07612,user_00202,I'm excited to share insights on AI. The evidence strongly suggests that adoption rates have accelerated significantly. This has profound implications for organizations worldwide. Let's discuss how we can leverage this for positive impact.,2024-01-03T06:48:38.614217+00:00,reddit,,,21,561,69,ai_generated,i'm excited to share insights on ai. the evidence strongly suggests that adoption rates have accelerated significantly. this has profound implications for organizations worldwide. let's discuss how we can leverage this for positive impact.,ai_generated,0.999,0.001,0.999
post_76a7e0ef,user_00248,unpopular opinion: open offices are terrible. fight me,2024-03-07T03:25:52.505088+00:00,twitter,,,11,251,109,human,unpopular opinion: open offices are terrible. fight me,human,0.9995,0.9995,0.0005
post_81033c30,user_00109,can't believe it's already January. where did the year go??,2024-01-07T23:52:15.174797+00:00,mastodon,,post_1eb7f291,1,51,78,human,can't believe it's already january. where did the year go??,human,0.9995,0.9995,0.0005
post_1f8e6852,user_00115,I'm excited to share insights on crypto. The evidence strongly suggests that outcomes improve with structured frameworks. This has profound implications for communities worldwide. Let's discuss how we can leverage this for positive impact.,2024-02-08T18:15:17.834584+00:00,facebook,,,25,568,2,ai_generated,i'm excited to share insights on crypto. the evidence strongly suggests that outcomes improve with structured frameworks. this has profound implications for communities worldwide. let's discuss how we can leverage this for positive impact.,ai_generated,0.9991,0.0009,0.9991
post_49fa60df,user_00276,honestly nervous about the announcement rn. mixed feelings for sure,2024-06-22T03:04:20.509527+00:00,facebook,,post_945faee8,2,1,1644,human,honestly nervous about the announcement rn. mixed feelings for sure,human,0.9995,0.9995,0.0005
post_f0afb56c,user_00062,throwback to that time when we stayed up all night talking. good times fr,2024-06-10T12:39:18.564801+00:00,reddit,,,9,703,169,human,throwback to that time when we stayed up all night talking. good times fr,human,0.9995,0.9995,0.0005
post_7f37c541,user_00034,The intersection of artificial intelligence and supply chain optimization presents significant opportunities for innovation. Organizations that prioritize agile methodologies will be well-positioned to capitalize on emerging trends in the coming quarters.,2024-03-24T09:01:02.199017+00:00,facebook,,,111,5162,7,ai_generated,the intersection of artificial intelligence and supply chain optimization presents significant opportunities for innovation. organizations that prioritize agile methodologies will be well-positioned to capitalize on emerging trends in the coming quarters.,ai_generated,0.9992,0.0008,0.9992
post_4b00ca61,user_00171,ok why does everyone suddenly care about digital transformation? been saying this for years,2024-01-03T01:38:52.919253+00:00,reddit,,,0,9,125,human,ok why does everyone suddenly care about digital transformation? been saying this for years,human,0.9994,0.9994,0.0006
post_67d8a3e3,user_00236,woke up at 5am for no reason and now i can't sleep. hate this,2024-06-19T21:14:09.822181+00:00,mastodon,,,0,1742,130,human,woke up at 5am for no reason and now i can't sleep. hate this,human,0.9995,0.9995,0.0005
post_40760596,user_00081,you guys i just found out I misunderstood everything. my whole life is a lie,2024-04-17T21:46:42.018512+00:00,reddit,,post_3b2efa9f,3,26,1050,human,you guys i just found out i misunderstood everything. my whole life is a lie,human,0.9995,0.9995,0.0005
post_6c338a43,user_00172,throwback to that time when we stayed up all night talking. good times fr,2024-04-21T14:24:39.003903+00:00,reddit,,post_0f1f8d6b,7,560,21,human,throwback to that time when we stayed up all night talking. good times fr,human,0.9994,0.9994,0.0006
post_d85303b0,user_00125,throwback to that time when we stayed up all night talking. good times fr,2024-03-23T08:48:46.513756+00:00,reddit,,,5,20,199,human,throwback to that time when we stayed up all night talking. good times fr,human,0.9995,0.9995,0.0005
post_c97178fa,user_00142,ok why does everyone suddenly care about AI adoption? been saying this for years,2024-04-03T21:43:44.753967+00:00,mastodon,,,4,155,24,human,ok why does everyone suddenly care about ai adoption? been saying this for years,human,0.9992,0.9992,0.0008
post_3a0eb40a,user_00141,just had the best sushi at a random food truck! totally worth it 😊,2024-01-27T22:00:55.178879+00:00,mastodon,,,4,66,25,human,just had the best sushi at a random food truck! totally worth it 😊,human,0.9995,0.9995,0.0005
post_737a62d2,user_00030,woke up at 3am for no reason and now i can't sleep. hate this,2024-04-28T15:18:56.167112+00:00,reddit,,,3,73,1005,human,woke up at 3am for no reason and now i can't sleep. hate this,human,0.9995,0.9995,0.0005
post_e18934ad,user_00066,can't believe it's already August. where did the year go??,2024-02-17T03:41:15.389363+00:00,twitter,,,4,82,62,human,can't believe it's already august. where did the year go??,human,0.9994,0.9994,0.0006
post_8deda4ce,user_00178,I'm excited to share insights on AI. The evidence strongly suggests that adoption rates have accelerated significantly. This has profound implications for organizations worldwide. Let's discuss how we can leverage this for positive impact.,2024-06-13T14:41:59.277480+00:00,facebook,,,25,157,17,ai_generated,i'm excited to share insights on ai. the evidence strongly suggests that adoption rates have accelerated significantly. this has profound implications for organizations worldwide. let's discuss how we can leverage this for positive impact.,ai_generated,0.999,0.001,0.999
post_beca6bba,user_00293,"As we navigate the evolving landscape of retail, it becomes increasingly important to consider the multifaceted implications of scalability. A comprehensive framework for analysis should incorporate both market signals and behavioral patterns to yield meaningful insights.",2024-06-08T15:21:55.629172+00:00,facebook,,,18,1361,17,ai_generated,"as we navigate the evolving landscape of retail, it becomes increasingly important to consider the multifaceted implications of scalability. a comprehensive framework for analysis should incorporate both market signals and behavioral patterns to yield meaningful insights.",ai_generated,0.9992,0.0008,0.9992
post_bb698e9c,user_00156,just had the best sushi at this tiny spot downtown! totally worth it 😊,2024-06-16T01:31:51.244103+00:00,mastodon,,,18,32,296,human,just had the best sushi at this tiny spot downtown! totally worth it 😊,human,0.9995,0.9995,0.0005
post_fb22cd8d,user_00121,"As we navigate the evolving landscape of education, it becomes increasingly important to consider the multifaceted implications of automation. A comprehensive framework for analysis should incorporate both quantitative metrics and regulatory frameworks to yield meaningful insights.",2024-01-07T12:19:18.940564+00:00,twitter,,,57,445,88,ai_generated,"as we navigate the evolving landscape of education, it becomes increasingly important to consider the multifaceted implications of automation. a comprehensive framework for analysis should incorporate both quantitative metrics and regulatory frameworks to yield meaningful insights.",ai_generated,0.9992,0.0008,0.9992
post_64f36e40,user_00093,"Key considerations for crypto: 1) Prioritize scalability from day one. 2) Build cross-functional alignment early. 3) Measure outcomes with clear KPIs. By addressing these dimensions, stakeholders can achieve sustainable outcomes aligned with organizational objectives.",2024-05-13T09:48:42.594193+00:00,twitter,,,19,1306,6,ai_generated,"key considerations for crypto: 1) prioritize scalability from day one. 2) build cross-functional alignment early. 3) measure outcomes with clear kpis. by addressing these dimensions, stakeholders can achieve sustainable outcomes aligned with organizational objectives.",ai_generated,0.9992,0.0008,0.9992
post_17bc759a,user_00143,"Key considerations for crypto: 1) Prioritize scalability from day one. 2) Build cross-functional alignment early. 3) Measure outcomes with clear KPIs. By addressing these dimensions, stakeholders can achieve sustainable outcomes aligned with organizational objectives.",2024-05-03T03:31:20.426685+00:00,facebook,,,28,1514,29,ai_generated,"key considerations for crypto: 1) prioritize scalability from day one. 2) build cross-functional alignment early. 3) measure outcomes with clear kpis. by addressing these dimensions, stakeholders can achieve sustainable outcomes aligned with organizational objectives.",ai_generated,0.9991,0.0009,0.9991
post_a4305f54,user_00240,ok why does everyone suddenly care about digital transformation? been saying this for years,2024-01-05T11:11:23.954153+00:00,facebook,,,1,19,117,human,ok why does everyone suddenly care about digital transformation? been saying this for years,human,0.9993,0.9993,0.0007
post_ca8e3fe7,user_00220,just had the best ramen at a random food truck! totally worth it 😊,2024-02-20T20:59:23.668464+00:00,twitter,,,1,339,45,human,just had the best ramen at a random food truck! totally worth it 😊,human,0.9995,0.9995,0.0005
post_a8063861,user_00113,unpopular opinion: mornings are fine. fight me,2024-02-24T16:00:57.070707+00:00,twitter,,post_6121250b,0,2813,77,human,unpopular opinion: mornings are fine. fight me,human,0.9995,0.9995,0.0005
post_0dff0dc6,user_00166,you guys i just found out I misunderstood everything. my whole life is a lie,2024-05-02T17:38:26.161663+00:00,twitter,,post_8420e0ba,27,367,62,human,you guys i just found out i misunderstood everything. my whole life is a lie,human,0.9964,0.9964,0.0036
post_a63c121a,user_00271,"As we navigate the evolving landscape of finance, it becomes increasingly important to consider the multifaceted implications of personalization. A comprehensive framework for analysis should incorporate both market signals and regulatory frameworks to yield meaningful insights.",2024-03-07T06:38:41.817893+00:00,facebook,,,52,1639,21,ai_generated,"as we navigate the evolving landscape of finance, it becomes increasingly important to consider the multifaceted implications of personalization. a comprehensive framework for analysis should incorporate both market signals and regulatory frameworks to yield meaningful insights.",ai_generated,0.9992,0.0008,0.9992
post_1215451e,user_00060,just had the best ramen at a random food truck! totally worth it 😊,2024-05-06T02:29:27.565103+00:00,twitter,,post_8aef271a,6,33,79,human,just had the best ramen at a random food truck! totally worth it 😊,human,0.9995,0.9995,0.0005
post_d4cb2a1e,user_00014,ok why does everyone suddenly care about remote collaboration? been saying this for years,2024-04-14T09:24:25.847147+00:00,reddit,,,2,187,120,human,ok why does everyone suddenly care about remote collaboration? been saying this for years,human,0.999,0.999,0.001
post_a888dd57,user_00285,unpopular opinion: coffee is overrated. fight me,2024-03-21T04:13:31.849342+00:00,reddit,,,22,883,1054,human,unpopular opinion: coffee is overrated. fight me,human,0.9995,0.9995,0.0005
post_0b18ef65,user_00206,my fish is being so annoying today lmao,2024-03-06T07:27:13.289680+00:00,facebook,,,25,305,156,human,my fish is being so annoying today lmao,human,0.9995,0.9995,0.0005
post_4795f566,user_00022,throwback to that time when we got completely lost. good times fr,2024-02-24T03:51:20.005249+00:00,mastodon,,post_9209ed17,33,99,137,human,throwback to that time when we got completely lost. good times fr,human,0.9995,0.9995,0.0005
post_cc186db6,user_00198,throwback to that time when we stayed up all night talking. good times fr,2024-01-21T00:58:01.430265+00:00,facebook,,,4,1448,214,human,throwback to that time when we stayed up all night talking. good times fr,human,0.9994,0.9994,0.0006
post_dc0bc9dc,user_00050,"As we navigate the evolving landscape of finance, it becomes increasingly important to consider the multifaceted implications of personalization. A comprehensive framework for analysis should incorporate both quantitative metrics and behavioral patterns to yield meaningful insights.",2024-04-15T03:41:03.721389+00:00,twitter,,,20,412,13,ai_generated,"as we navigate the evolving landscape of finance, it becomes increasingly important to consider the multifaceted implications of personalization. a comprehensive framework for analysis should incorporate both quantitative metrics and behavioral patterns to yield meaningful insights.",ai_generated,0.9992,0.0008,0.9992
post_428443eb,user_00107,I'm excited to share insights on crypto. The evidence strongly suggests that adoption rates have accelerated significantly. This has profound implications for practitioners worldwide. Let's discuss how we can leverage this for positive impact.,2024-05-21T02:22:34.093867+00:00,twitter,,,82,223,21,ai_generated,i'm excited to share insights on crypto. the evidence strongly suggests that adoption rates have accelerated significantly. this has profound implications for practitioners worldwide. let's discuss how we can leverage this for positive impact.,ai_generated,0.9991,0.0009,0.9991
post_95555920,user_00131,The data clearly indicates that digital transformation is reshaping finance. Forward-thinking leaders must adapt their strategies to remain competitive. Leveraging automation tools will be paramount in this transition.,2024-04-22T13:19:11.414413+00:00,reddit,,,64,345,47,ai_generated,the data clearly indicates that digital transformation is reshaping finance. forward-thinking leaders must adapt their strategies to remain competitive. leveraging automation tools will be paramount in this transition.,ai_generated,0.9985,0.0015,0.9985
post_d106c1b6,user_00277,throwback to that time when we got completely lost. good times fr,2024-03-01T10:31:13.719446+00:00,mastodon,,,0,22,42,human,throwback to that time when we got completely lost. good times fr,human,0.9995,0.9995,0.0005
post_3fa82a93,user_00061,"Key considerations for veganism: 1) Prioritize scalability from day one. 2) Build cross-functional alignment early. 3) Measure outcomes with clear KPIs. By addressing these dimensions, stakeholders can achieve sustainable outcomes aligned with organizational objectives.",2024-02-24T14:59:32.366407+00:00,reddit,,,4,1374,40,ai_generated,"key considerations for veganism: 1) prioritize scalability from day one. 2) build cross-functional alignment early. 3) measure outcomes with clear kpis. by addressing these dimensions, stakeholders can achieve sustainable outcomes aligned with organizational objectives.",ai_generated,0.9991,0.0009,0.9991
post_5d22c590,user_00190,woke up at 3am for no reason and now i can't sleep. hate this,2024-02-08T02:22:55.135086+00:00,mastodon,,,7,20,233,human,woke up at 3am for no reason and now i can't sleep. hate this,human,0.9995,0.9995,0.0005
post_1f4e4eb1,user_00292,unpopular opinion: coffee is overrated. fight me,2024-06-10T03:42:54.573070+00:00,facebook,,,38,141,22,human,unpopular opinion: coffee is overrated. fight me,human,0.9995,0.9995,0.0005
post_7d9cc76d,user_00267,you guys i just found out this has been happening for years. my whole life is a lie,2024-06-25T20:34:27.056939+00:00,reddit,,,3,29,83,human,you guys i just found out this has been happening for years. my whole life is a lie,human,0.9993,0.9993,0.0007
post_6fc6260f,user_00012,honestly whatever about the announcement rn. mixed feelings for sure,2024-01-11T15:55:41.642669+00:00,facebook,,post_64dc4ad2,1,2766,40,human,honestly whatever about the announcement rn. mixed feelings for sure,human,0.9992,0.9992,0.0008
post_7bc2a3bb,user_00095,ok why does everyone suddenly care about digital transformation? been saying this for years,2024-04-28T04:17:37.384058+00:00,twitter,,post_2ad6af00,32,618,6,human,ok why does everyone suddenly care about digital transformation? been saying this for years,human,0.9922,0.9922,0.0078
post_8407673c,user_00044,The intersection of artificial intelligence and customer experience presents significant opportunities for innovation. Organizations that prioritize data-driven decision-making will be well-positioned to capitalize on emerging trends in the coming quarters.,2024-03-04T15:35:45.728920+00:00,reddit,,,68,453,23,ai_generated,the intersection of artificial intelligence and customer experience presents significant opportunities for innovation. organizations that prioritize data-driven decision-making will be well-positioned to capitalize on emerging trends in the coming quarters.,ai_generated,0.9991,0.0009,0.9991
post_2996c6d8,user_00242,honestly nervous about what happened yesterday rn. mixed feelings for sure,2024-04-07T04:43:39.836964+00:00,mastodon,,,7,1315,141,human,honestly nervous about what happened yesterday rn. mixed feelings for sure,human,0.9991,0.9991,0.0009
post_a08a82e0,user_00004,my hamster is being so annoying today lmao,2024-05-09T18:43:57.322855+00:00,twitter,,,8,182,161,human,my hamster is being so annoying today lmao,human,0.9995,0.9995,0.0005
post_f3e18b67,user_00295,does anyone else feel like crypto is totally overrated?,2024-05-28T12:16:40.152438+00:00,facebook,,post_b5b6dbac,15,15,95,human,does anyone else feel like crypto is totally overrated?,human,0.9995,0.9995,0.0005
post_fd3b4206,user_00105,ok why does everyone suddenly care about AI adoption? been saying this for years,2024-06-10T07:45:06.088716+00:00,twitter,,post_45d0c6c9,1,376,1623,human,ok why does everyone suddenly care about ai adoption? been saying this for years,human,0.9995,0.9995,0.0005
post_58bd7bf0,user_00049,"Key considerations for veganism: 1) Prioritize scalability from day one. 2) Build cross-functional alignment early. 3) Measure outcomes with clear KPIs. By addressing these dimensions, stakeholders can achieve sustainable outcomes aligned with organizational objectives.",2024-03-28T00:13:19.837925+00:00,mastodon,,,10,448,15,ai_generated,"key considerations for veganism: 1) prioritize scalability from day one. 2) build cross-functional alignment early. 3) measure outcomes with clear kpis. by addressing these dimensions, stakeholders can achieve sustainable outcomes aligned with organizational objectives.",ai_generated,0.9991,0.0009,0.9991
post_4eb4cf3c,user_00134,I'm excited to share insights on meditation. The evidence strongly suggests that outcomes improve with structured frameworks. This has profound implications for organizations worldwide. Let's discuss how we can leverage this for positive impact.,2024-03-15T01:48:14.439120+00:00,twitter,,post_d46a0cea,19,1657,23,ai_generated,i'm excited to share insights on meditation. the evidence strongly suggests that outcomes improve with structured frameworks. this has profound implications for organizations worldwide. let's discuss how we can leverage this for positive impact.,ai_generated,0.9991,0.0009,0.9991
post_f49b58dd,user_00047,"As we navigate the evolving landscape of healthcare, it becomes increasingly important to consider the multifaceted implications of resilience. A comprehensive framework for analysis should incorporate both qualitative feedback and technological constraints to yield meaningful insights.",2024-05-25T06:42:40.766101+00:00,twitter,,post_22081b4b,30,613,36,ai_generated,"as we navigate the evolving landscape of healthcare, it becomes increasingly important to consider the multifaceted implications of resilience. a comprehensive framework for analysis should incorporate both qualitative feedback and technological constraints to yield meaningful insights.",ai_generated,0.9992,0.0008,0.9992
post_312fd805,user_00159,ok why does everyone suddenly care about digital transformation? been saying this for years,2024-04-10T17:40:37.777050+00:00,facebook,,,0,39,192,human,ok why does everyone suddenly care about digital transformation? been saying this for years,human,0.9993,0.9993,0.0007
post_6fd6571c,user_00006,unpopular opinion: coffee is overrated. fight me,2024-06-15T00:54:53.458432+00:00,reddit,,,0,572,218,human,unpopular opinion: coffee is overrated. fight me,human,0.9995,0.9995,0.0005
post_db4d117e,user_00205,ok why does everyone suddenly care about digital transformation? been saying this for years,2024-03-25T20:27:27.872984+00:00,reddit,,post_6e6e93e3,22,22,101,human,ok why does everyone suddenly care about digital transformation? been saying this for years,human,0.9989,0.9989,0.0011
post_7ab53c49,user_00043,my hamster is being so annoying today lmao,2024-06-14T14:29:42.241673+00:00,reddit,,,0,699,203,human,my hamster is being so annoying today lmao,human,0.9995,0.9995,0.0005
post_2bb73108,user_00232,"As we navigate the evolving landscape of retail, it becomes increasingly important to consider the multifaceted implications of personalization. A comprehensive framework for analysis should incorporate both market signals and regulatory frameworks to yield meaningful insights.",2024-01-11T15:17:17.478184+00:00,reddit,,,2,3344,145,ai_generated,"as we navigate the evolving landscape of retail, it becomes increasingly important to consider the multifaceted implications of personalization. a comprehensive framework for analysis should incorporate both market signals and regulatory frameworks to yield meaningful insights.",ai_generated,0.9987,0.0013,0.9987
post_fd4ce58f,user_00070,The data clearly indicates that remote collaboration is reshaping retail. Forward-thinking leaders must adapt their strategies to remain competitive. Leveraging cloud infrastructure will be paramount in this transition.,2024-04-02T05:36:21.997943+00:00,twitter,,,28,3335,74,ai_generated,the data clearly indicates that remote collaboration is reshaping retail. forward-thinking leaders must adapt their strategies to remain competitive. leveraging cloud infrastructure will be paramount in this transition.,ai_generated,0.9986,0.0014,0.9986
post_e57529ea,user_00050,woke up at 5am for no reason and now i can't sleep. hate this,2024-06-28T18:01:17.254723+00:00,mastodon,,post_e18934ad,6,65,489,human,woke up at 5am for no reason and now i can't sleep. hate this,human,0.9995,0.9995,0.0005
post_deeaf9c2,user_00174,throwback to that time when we stayed up all night talking. good times fr,2024-06-18T09:43:21.323321+00:00,twitter,,post_34bdef0f,6,23,40,human,throwback to that time when we stayed up all night talking. good times fr,human,0.9995,0.9995,0.0005
post_503b5e4a,user_00142,The intersection of digital transformation and customer experience presents significant opportunities for innovation. Organizations that prioritize stakeholder alignment will be well-positioned to capitalize on emerging trends in the coming quarters.,2024-01-26T03:38:33.207992+00:00,mastodon,,,46,872,17,ai_generated,the intersection of digital transformation and customer experience presents significant opportunities for innovation. organizations that prioritize stakeholder alignment will be well-positioned to capitalize on emerging trends in the coming quarters.,ai_generated,0.9991,0.0009,0.9991
post_c8cd958d,user_00289,throwback to that time when we got completely lost. good times fr,2024-02-02T02:02:53.466605+00:00,facebook,,,1,682,295,human,throwback to that time when we got completely lost. good times fr,human,0.9995,0.9995,0.0005
post_f9077a72,user_00029,The intersection of artificial intelligence and supply chain optimization presents significant opportunities for innovation. Organizations that prioritize stakeholder alignment will be well-positioned to capitalize on emerging trends in the coming quarters.,2024-04-07T10:12:43.205441+00:00,facebook,,,41,1228,26,ai_generated,the intersection of artificial intelligence and supply chain optimization presents significant opportunities for innovation. organizations that prioritize stakeholder alignment will be well-positioned to capitalize on emerging trends in the coming quarters.,ai_generated,0.9991,0.0009,0.9991
post_80b4423a,user_00285,The intersection of artificial intelligence and talent management presents significant opportunities for innovation. Organizations that prioritize agile methodologies will be well-positioned to capitalize on emerging trends in the coming quarters.,2024-04-25T17:15:28.470804+00:00,facebook,,post_eab3d317,26,1460,36,ai_generated,the intersection of artificial intelligence and talent management presents significant opportunities for innovation. organizations that prioritize agile methodologies will be well-positioned to capitalize on emerging trends in the coming quarters.,ai_generated,0.999,0.001,0.999
post_f1e5565c,user_00053,just had the best pizza at a random food truck! totally worth it 😊,2024-02-26T17:53:08.628486+00:00,twitter,,,10,2,162,human,just had the best pizza at a random food truck! totally worth it 😊,human,0.9995,0.9995,0.0005
post_6200cea3,user_00013,The data clearly indicates that remote collaboration is reshaping finance. Forward-thinking leaders must adapt their strategies to remain competitive. Leveraging machine learning will be paramount in this transition.,2024-05-14T20:37:52.126983+00:00,reddit,,post_e3cd814f,7,954,25,ai_generated,the data clearly indicates that remote collaboration is reshaping finance. forward-thinking leaders must adapt their strategies to remain competitive. leveraging machine learning will be paramount in this transition.,ai_generated,0.9975,0.0025,0.9975
post_41fda3fc,user_00130,throwback to that time when we stayed up all night talking. good times fr,2024-02-10T05:57:58.603621+00:00,twitter,,,14,3,27,human,throwback to that time when we stayed up all night talking. good times fr,human,0.9995,0.9995,0.0005
post_55a1ec26,user_00241,unpopular opinion: open offices are terrible. fight me,2024-05-30T01:24:05.101954+00:00,mastodon,,post_0b18ef65,1,214,62,human,unpopular opinion: open offices are terrible. fight me,human,0.9995,0.9995,0.0005
post_960d096c,user_00077,ok why does everyone suddenly care about remote collaboration? been saying this for years,2024-01-05T12:22:22.404222+00:00,twitter,,,2,27,32,human,ok why does everyone suddenly care about remote collaboration? been saying this for years,human,0.9992,0.9992,0.0008
post_0ad4791a,user_00036,unpopular opinion: coffee is overrated. fight me,2024-06-08T11:46:55.750077+00:00,facebook,,,2,464,63,human,unpopular opinion: coffee is overrated. fight me,human,0.9995,0.9995,0.0005
post_e8b6e8a6,user_00235,woke up at 3am for no reason and now i can't sleep. hate this,2024-03-08T17:57:47.149873+00:00,facebook,,post_be6bc9d9,0,1390,423,human,woke up at 3am for no reason and now i can't sleep. hate this,human,0.9995,0.9995,0.0005
post_3b202fea,user_00236,"Key considerations for meditation: 1) Prioritize scalability from day one. 2) Build cross-functional alignment early. 3) Measure outcomes with clear KPIs. By addressing these dimensions, stakeholders can achieve sustainable outcomes aligned with organizational objectives.",2024-01-05T07:50:55.327367+00:00,mastodon,,,17,538,114,ai_generated,"key considerations for meditation: 1) prioritize scalability from day one. 2) build cross-functional alignment early. 3) measure outcomes with clear kpis. by addressing these dimensions, stakeholders can achieve sustainable outcomes aligned with organizational objectives.",ai_generated,0.9971,0.0029,0.9971
post_96f3856a,user_00193,I'm excited to share insights on veganism. The evidence strongly suggests that adoption rates have accelerated significantly. This has profound implications for organizations worldwide. Let's discuss how we can leverage this for positive impact.,2024-03-20T22:18:25.786360+00:00,reddit,,,44,507,28,ai_generated,i'm excited to share insights on veganism. the evidence strongly suggests that adoption rates have accelerated significantly. this has profound implications for organizations worldwide. let's discuss how we can leverage this for positive impact.,ai_generated,0.9991,0.0009,0.9991
post_2ec4890b,user_00028,woke up at 5am for no reason and now i can't sleep. hate this,2024-06-18T15:40:49.096025+00:00,mastodon,,,6,18,156,human,woke up at 5am for no reason and now i can't sleep. hate this,human,0.9995,0.9995,0.0005
post_1e6d786f,user_00116,my fish is being so annoying today lmao,2024-03-18T22:06:07.326418+00:00,facebook,,,3,1269,126,human,my fish is being so annoying today lmao,human,0.9995,0.9995,0.0005
post_7a32ac00,user_00089,throwback to that time when we stayed up all night talking. good times fr,2024-04-23T09:04:54.282894+00:00,twitter,,post_fa8637c9,11,291,35,human,throwback to that time when we stayed up all night talking. good times fr,human,0.9994,0.9994,0.0006
post_1929c5b7,user_00156,unpopular opinion: coffee is overrated. fight me,2024-03-02T10:27:47.813232+00:00,mastodon,,post_75274614,17,149,130,human,unpopular opinion: coffee is overrated. fight me,human,0.9995,0.9995,0.0005
post_24ad2db2,user_00125,"As we navigate the evolving landscape of finance, it becomes increasingly important to consider the multifaceted implications of automation. A comprehensive framework for analysis should incorporate both qualitative feedback and regulatory frameworks to yield meaningful insights.",2024-04-12T09:17:25.847078+00:00,twitter,,post_028a43bc,11,965,11,ai_generated,"as we navigate the evolving landscape of finance, it becomes increasingly important to consider the multifaceted implications of automation. a comprehensive framework for analysis should incorporate both qualitative feedback and regulatory frameworks to yield meaningful insights.",ai_generated,0.9992,0.0008,0.9992
post_bb26f1d3,user_00171,my cat is being so annoying today lmao,2024-03-15T22:07:11.188982+00:00,reddit,,post_1f8e6852,8,90,48,human,my cat is being so annoying today lmao,human,0.9995,0.9995,0.0005
post_6553d7b6,user_00256,just had the best biryani at my friend's place! totally worth it 😊,2024-03-29T15:47:47.646476+00:00,facebook,,,11,185,147,human,just had the best biryani at my friend's place! totally worth it 😊,human,0.9995,0.9995,0.0005
post_55993978,user_00039,unpopular opinion: open offices are terrible. fight me,2024-01-20T04:28:29.379024+00:00,mastodon,,,5,271,23,human,unpopular opinion: open offices are terrible. fight me,human,0.9995,0.9995,0.0005
post_8b94b687,user_00026,The data clearly indicates that remote collaboration is reshaping healthcare. Forward-thinking leaders must adapt their strategies to remain competitive. Leveraging automation tools will be paramount in this transition.,2024-04-14T22:39:48.005957+00:00,reddit,,,15,1188,29,ai_generated,the data clearly indicates that remote collaboration is reshaping healthcare. forward-thinking leaders must adapt their strategies to remain competitive. leveraging automation tools will be paramount in this transition.,ai_generated,0.9982,0.0018,0.9982
post_94f5bab0,user_00290,throwback to that time when we stayed up all night talking. good times fr,2024-03-16T08:51:50.373470+00:00,facebook,,,4,172,22,human,throwback to that time when we stayed up all night talking. good times fr,human,0.9995,0.9995,0.0005
post_4f6d1f7b,user_00258,you guys i just found out this has been happening for years. my whole life is a lie,2024-04-15T17:06:21.801166+00:00,twitter,,,0,344,42,human,you guys i just found out this has been happening for years. my whole life is a lie,human,0.9992,0.9992,0.0008
post_8c9964e0,user_00195,I'm excited to share insights on veganism. The evidence strongly suggests that outcomes improve with structured frameworks. This has profound implications for practitioners worldwide. Let's discuss how we can leverage this for positive impact.,2024-02-10T21:52:00.825613+00:00,twitter,,,6,1334,22,ai_generated,i'm excited to share insights on veganism. the evidence strongly suggests that outcomes improve with structured frameworks. this has profound implications for practitioners worldwide. let's discuss how we can leverage this for positive impact.,ai_generated,0.999,0.001,0.999
post_8e7bb1d3,user_00254,does anyone else feel like crypto is totally overrated?,2024-02-15T21:55:07.019416+00:00,mastodon,,,22,262,421,human,does anyone else feel like crypto is totally overrated?,human,0.9995,0.9995,0.0005
post_e66c8af8,user_00225,does anyone else feel like remote work is totally overrated?,2024-06-18T09:40:27.560060+00:00,facebook,,,10,63,89,human,does anyone else feel like remote work is totally overrated?,human,0.9995,0.9995,0.0005
post_578c4ebe,user_00242,I'm excited to share insights on meditation. The evidence strongly suggests that adoption rates have accelerated significantly. This has profound implications for organizations worldwide. Let's discuss how we can leverage this for positive impact.,2024-03-23T20:45:47.482472+00:00,twitter,,,14,2445,21,ai_generated,i'm excited to share insights on meditation. the evidence strongly suggests that adoption rates have accelerated significantly. this has profound implications for organizations worldwide. let's discuss how we can leverage this for positive impact.,ai_generated,0.9991,0.0009,0.9991
post_1767e1c8,user_00152,The data clearly indicates that digital transformation is reshaping finance. Forward-thinking leaders must adapt their strategies to remain competitive. Leveraging machine learning will be paramount in this transition.,2024-04-06T07:38:09.510732+00:00,mastodon,,,37,132,28,ai_generated,the data clearly indicates that digital transformation is reshaping finance. forward-thinking leaders must adapt their strategies to remain competitive. leveraging machine learning will be paramount in this transition.,ai_generated,0.998,0.002,0.998
post_b90b2ece,user_00044,you guys i just found out this has been happening for years. my whole life is a lie,2024-05-18T05:57:34.525881+00:00,reddit,,,22,1295,9,human,you guys i just found out this has been happening for years. my whole life is a lie,human,0.9937,0.9937,0.0063
post_a23acc8e,user_00042,can't believe it's already March. where did the year go??,2024-01-28T14:47:18.490735+00:00,facebook,,,4,10340,113,human,can't believe it's already march. where did the year go??,human,0.9989,0.9989,0.0011
post_cda5541a,user_00289,The data clearly indicates that AI adoption is reshaping manufacturing. Forward-thinking leaders must adapt their strategies to remain competitive. Leveraging automation tools will be paramount in this transition.,2024-02-29T06:09:31.495918+00:00,facebook,,,13,3268,15,ai_generated,the data clearly indicates that ai adoption is reshaping manufacturing. forward-thinking leaders must adapt their strategies to remain competitive. leveraging automation tools will be paramount in this transition.,ai_generated,0.9987,0.0013,0.9987
post_1565a4b3,user_00287,woke up at 4:30am for no reason and now i can't sleep. hate this,2024-01-22T08:37:03.499721+00:00,twitter,,post_a744e397,27,84,427,human,woke up at 4:30am for no reason and now i can't sleep. hate this,human,0.9995,0.9995,0.0005
post_b9b4700c,user_00003,my cat is being so annoying today lmao,2024-01-30T21:06:05.210890+00:00,mastodon,,,37,371,39,human,my cat is being so annoying today lmao,human,0.9995,0.9995,0.0005
post_6aa57a96,user_00022,ok why does everyone suddenly care about remote collaboration? been saying this for years,2024-02-15T04:34:05.253919+00:00,twitter,,,1,143,44,human,ok why does everyone suddenly care about remote collaboration? been saying this for years,human,0.9991,0.9991,0.0009
post_a20334ef,user_00271,does anyone else feel like AI is totally overrated?,2024-01-20T06:55:52.545031+00:00,mastodon,,,7,943,20,human,does anyone else feel like ai is totally overrated?,human,0.9994,0.9994,0.0006
post_6121250b,user_00107,just had the best pizza at my friend's place! totally worth it 😊,2024-04-11T13:55:41.696288+00:00,twitter,,,5,62,581,human,just had the best pizza at my friend's place! totally worth it 😊,human,0.9995,0.9995,0.0005
post_bd276217,user_00052,"As we navigate the evolving landscape of finance, it becomes increasingly important to consider the multifaceted implications of automation. A comprehensive framework for analysis should incorporate both market signals and regulatory frameworks to yield meaningful insights.",2024-06-18T11:53:00.117258+00:00,twitter,,,13,7878,15,ai_generated,"as we navigate the evolving landscape of finance, it becomes increasingly important to consider the multifaceted implications of automation. a comprehensive framework for analysis should incorporate both market signals and regulatory frameworks to yield meaningful insights.",ai_generated,0.9992,0.0008,0.9992
post_ae1ae981,user_00004,can't believe it's already March. where did the year go??,2024-05-12T10:16:45.493955+00:00,reddit,,,35,498,217,human,can't believe it's already march. where did the year go??,human,0.9993,0.9993,0.0007
post_8b51b408,user_00026,The data clearly indicates that digital transformation is reshaping healthcare. Forward-thinking leaders must adapt their strategies to remain competitive. Leveraging machine learning will be paramount in this transition.,2024-03-30T05:10:15.869359+00:00,twitter,,,26,1210,13,ai_generated,the data clearly indicates that digital transformation is reshaping healthcare. forward-thinking leaders must adapt their strategies to remain competitive. leveraging machine learning will be paramount in this transition.,ai_generated,0.9988,0.0012,0.9988
post_697e6da8,user_00103,The data clearly indicates that remote collaboration is reshaping finance. Forward-thinking leaders must adapt their strategies to remain competitive. Leveraging automation tools will be paramount in this transition.,2024-06-23T06:39:07.832424+00:00,twitter,,post_6c67d333,17,1574,17,ai_generated,the data clearly indicates that remote collaboration is reshaping finance. forward-thinking leaders must adapt their strategies to remain competitive. leveraging automation tools will be paramount in this transition.,ai_generated,0.9986,0.0014,0.9986
post_095d6792,user_00204,woke up at 3am for no reason and now i can't sleep. hate this,2024-04-14T03:20:10.055937+00:00,facebook,,,1,150,142,human,woke up at 3am for no reason and now i can't sleep. hate this,human,0.9995,0.9995,0.0005
post_d362ebd0,user_00031,woke up at 3am for no reason and now i can't sleep. hate this,2024-06-28T05:31:53.795409+00:00,reddit,,,1,67,36,human,woke up at 3am for no reason and now i can't sleep. hate this,human,0.9995,0.9995,0.0005
post_139d02c4,user_00240,does anyone else feel like remote work is totally overrated?,2024-02-19T11:46:43.053738+00:00,twitter,,post_f0afb56c,3,28,132,human,does anyone else feel like remote work is totally overrated?,human,0.9995,0.9995,0.0005
post_9e86ec8f,user_00299,does anyone else feel like remote work is totally overrated?,2024-01-20T03:02:35.397786+00:00,facebook,,post_eb512083,10,46,253,human,does anyone else feel like remote work is totally overrated?,human,0.9995,0.9995,0.0005
post_36891899,user_00230,I'm excited to share insights on AI. The evidence strongly suggests that outcomes improve with structured frameworks. This has profound implications for organizations worldwide. Let's discuss how we can leverage this for positive impact.,2024-02-20T04:34:01.044780+00:00,reddit,,,17,2171,38,ai_generated,i'm excited to share insights on ai. the evidence strongly suggests that outcomes improve with structured frameworks. this has profound implications for organizations worldwide. let's discuss how we can leverage this for positive impact.,ai_generated,0.9991,0.0009,0.9991
post_8f8a69ec,user_00139,ok why does everyone suddenly care about remote collaboration? been saying this for years,2024-06-26T18:48:36.539371+00:00,reddit,,,5,2296,23,human,ok why does everyone suddenly care about remote collaboration? been saying this for years,human,0.9973,0.9973,0.0027
post_a1d9ad18,user_00208,"As we navigate the evolving landscape of healthcare, it becomes increasingly important to consider the multifaceted implications of automation. A comprehensive framework for analysis should incorporate both qualitative feedback and technological constraints to yield meaningful insights.",2024-01-20T20:25:13.122559+00:00,mastodon,,,70,253,66,ai_generated,"as we navigate the evolving landscape of healthcare, it becomes increasingly important to consider the multifaceted implications of automation. a comprehensive framework for analysis should incorporate both qualitative feedback and technological constraints to yield meaningful insights.",ai_generated,0.9992,0.0008,0.9992
post_02164e11,user_00106,my fish is being so annoying today lmao,2024-06-05T17:53:39.581133+00:00,twitter,,,5,98,48,human,my fish is being so annoying today lmao,human,0.9995,0.9995,0.0005
post_f741e65a,user_00017,ok why does everyone suddenly care about remote collaboration? been saying this for years,2024-04-01T15:41:20.248259+00:00,twitter,,,26,41,131,human,ok why does everyone suddenly care about remote collaboration? been saying this for years,human,0.999,0.999,0.001
post_526e7816,user_00020,"As we navigate the evolving landscape of finance, it becomes increasingly important to consider the multifaceted implications of personalization. A comprehensive framework for analysis should incorporate both quantitative metrics and behavioral patterns to yield meaningful insights.",2024-01-29T04:29:58.782610+00:00,twitter,,,86,1699,35,ai_generated,"as we navigate the evolving landscape of finance, it becomes increasingly important to consider the multifaceted implications of personalization. a comprehensive framework for analysis should incorporate both quantitative metrics and behavioral patterns to yield meaningful insights.",ai_generated,0.9992,0.0008,0.9992
post_6219e312,user_00217,does anyone else feel like crypto is totally overrated?,2024-01-18T06:00:42.804090+00:00,mastodon,,,1,12,197,human,does anyone else feel like crypto is totally overrated?,human,0.9995,0.9995,0.0005
post_5848e88b,user_00062,can't believe it's already March. where did the year go??,2024-04-11T19:11:39.338660+00:00,twitter,,,0,139,25,human,can't believe it's already march. where did the year go??,human,0.9995,0.9995,0.0005
post_ffc30763,user_00167,I'm excited to share insights on veganism. The evidence strongly suggests that adoption rates have accelerated significantly. This has profound implications for practitioners worldwide. Let's discuss how we can leverage this for positive impact.,2024-03-18T01:41:08.383959+00:00,reddit,,,24,3268,88,ai_generated,i'm excited to share insights on veganism. the evidence strongly suggests that adoption rates have accelerated significantly. this has profound implications for practitioners worldwide. let's discuss how we can leverage this for positive impact.,ai_generated,0.9991,0.0009,0.9991
post_3d97ebfc,user_00299,honestly conflicted about that whole situation rn. mixed feelings for sure,2024-04-08T10:07:54.344279+00:00,reddit,,,0,1845,98,human,honestly conflicted about that whole situation rn. mixed feelings for sure,human,0.9994,0.9994,0.0006
post_4d7322b1,user_00128,my fish is being so annoying today lmao,2024-01-02T11:21:28.658653+00:00,facebook,,post_e7f20f71,1,277,420,human,my fish is being so annoying today lmao,human,0.9995,0.9995,0.0005
post_a6ce3557,user_00097,honestly nervous about what happened yesterday rn. mixed feelings for sure,2024-02-15T13:23:14.839268+00:00,reddit,,,1,299,36,human,honestly nervous about what happened yesterday rn. mixed feelings for sure,human,0.9993,0.9993,0.0007
post_75f6470e,user_00089,The intersection of digital transformation and customer experience presents significant opportunities for innovation. Organizations that prioritize data-driven decision-making will be well-positioned to capitalize on emerging trends in the coming quarters.,2024-03-20T15:06:01.962371+00:00,facebook,,,21,1245,23,ai_generated,the intersection of digital transformation and customer experience presents significant opportunities for innovation. organizations that prioritize data-driven decision-making will be well-positioned to capitalize on emerging trends in the coming quarters.,ai_generated,0.999,0.001,0.999
post_32076b38,user_00201,I'm excited to share insights on meditation. The evidence strongly suggests that adoption rates have accelerated significantly. This has profound implications for organizations worldwide. Let's discuss how we can leverage this for positive impact.,2024-06-12T23:25:22.925152+00:00,mastodon,,,46,889,41,ai_generated,i'm excited to share insights on meditation. the evidence strongly suggests that adoption rates have accelerated significantly. this has profound implications for organizations worldwide. let's discuss how we can leverage this for positive impact.,ai_generated,0.9991,0.0009,0.9991
post_5c17c611,user_00066,honestly whatever about the announcement rn. mixed feelings for sure,2024-01-29T19:00:27.730694+00:00,twitter,,,5,49,92,human,honestly whatever about the announcement rn. mixed feelings for sure,human,0.9994,0.9994,0.0006
post_0895364a,user_00149,can't believe it's already August. where did the year go??,2024-01-27T01:05:26.703897+00:00,facebook,,,0,170,194,human,can't believe it's already august. where did the year go??,human,0.9995,0.9995,0.0005
post_7f028882,user_00053,just had the best biryani at my friend's place! totally worth it 😊,2024-04-15T21:52:55.693955+00:00,reddit,,,7,376,153,human,just had the best biryani at my friend's place! totally worth it 😊,human,0.9995,0.9995,0.0005
post_e6559919,user_00186,honestly conflicted about what happened yesterday rn. mixed feelings for sure,2024-01-21T22:44:35.996411+00:00,reddit,,,26,72,71,human,honestly conflicted about what happened yesterday rn. mixed feelings for sure,human,0.9991,0.9991,0.0009
post_70d4b9f3,user_00163,The data clearly indicates that AI adoption is reshaping manufacturing. Forward-thinking leaders must adapt their strategies to remain competitive. Leveraging cloud infrastructure will be paramount in this transition.,2024-01-17T23:15:48.164077+00:00,reddit,,,83,1456,17,ai_generated,the data clearly indicates that ai adoption is reshaping manufacturing. forward-thinking leaders must adapt their strategies to remain competitive. leveraging cloud infrastructure will be paramount in this transition.,ai_generated,0.999,0.001,0.999
post_54f91b4b,user_00282,"Key considerations for meditation: 1) Prioritize scalability from day one. 2) Build cross-functional alignment early. 3) Measure outcomes with clear KPIs. By addressing these dimensions, stakeholders can achieve sustainable outcomes aligned with organizational objectives.",2024-06-20T08:59:37.254988+00:00,mastodon,,,59,630,18,ai_generated,"key considerations for meditation: 1) prioritize scalability from day one. 2) build cross-functional alignment early. 3) measure outcomes with clear kpis. by addressing these dimensions, stakeholders can achieve sustainable outcomes aligned with organizational objectives.",ai_generated,0.9992,0.0008,0.9992
post_aed2dab8,user_00188,ok why does everyone suddenly care about AI adoption? been saying this for years,2024-05-06T22:19:13.389899+00:00,reddit,,,5,81,140,human,ok why does everyone suddenly care about ai adoption? been saying this for years,human,0.9994,0.9994,0.0006
post_14121d13,user_00140,ok why does everyone suddenly care about AI adoption? been saying this for years,2024-06-16T02:28:58.933960+00:00,facebook,,,3,102,41,human,ok why does everyone suddenly care about ai adoption? been saying this for years,human,0.9992,0.9992,0.0008
post_17f19388,user_00065,can't believe it's already November. where did the year go??,2024-05-19T11:18:34.600675+00:00,mastodon,,,0,32,19,human,can't believe it's already november. where did the year go??,human,0.9995,0.9995,0.0005
post_a7235657,user_00164,woke up at 5am for no reason and now i can't sleep. hate this,2024-06-17T08:22:42.152241+00:00,reddit,,,10,399,55,human,woke up at 5am for no reason and now i can't sleep. hate this,human,0.9995,0.9995,0.0005
post_2c9cd872,user_00134,throwback to that time when we stayed up all night talking. good times fr,2024-01-24T01:33:33.211861+00:00,twitter,,,1,820,99,human,throwback to that time when we stayed up all night talking. good times fr,human,0.9995,0.9995,0.0005
post_dfe92751,user_00224,you guys i just found out I misunderstood everything. my whole life is a lie,2024-01-17T04:05:59.024206+00:00,facebook,,,16,12,27,human,you guys i just found out i misunderstood everything. my whole life is a lie,human,0.9992,0.9992,0.0008
post_90b6c9b9,user_00028,The data clearly indicates that digital transformation is reshaping finance. Forward-thinking leaders must adapt their strategies to remain competitive. Leveraging cloud infrastructure will be paramount in this transition.,2024-05-17T06:36:41.224626+00:00,reddit,,,8,2347,19,ai_generated,the data clearly indicates that digital transformation is reshaping finance. forward-thinking leaders must adapt their strategies to remain competitive. leveraging cloud infrastructure will be paramount in this transition.,ai_generated,0.9985,0.0015,0.9985
post_f7ee331e,user_00298,honestly whatever about the announcement rn. mixed feelings for sure,2024-06-05T07:00:19.746230+00:00,twitter,,,6,34,207,human,honestly whatever about the announcement rn. mixed feelings for sure,human,0.9995,0.9995,0.0005
post_b172b254,user_00228,The data clearly indicates that remote collaboration is reshaping retail. Forward-thinking leaders must adapt their strategies to remain competitive. Leveraging cloud infrastructure will be paramount in this transition.,2024-05-14T08:08:48.915502+00:00,reddit,,,87,3380,62,ai_generated,the data clearly indicates that remote collaboration is reshaping retail. forward-thinking leaders must adapt their strategies to remain competitive. leveraging cloud infrastructure will be paramount in this transition.,ai_generated,0.999,0.001,0.999
post_c2132b9a,user_00193,you guys i just found out this has been happening for years. my whole life is a lie,2024-03-09T14:36:17.666071+00:00,mastodon,,post_6c739c81,13,27,57,human,you guys i just found out this has been happening for years. my whole life is a lie,human,0.9991,0.9991,0.0009
post_88ace4a5,user_00046,just had the best tacos at my friend's place! totally worth it 😊,2024-06-26T15:04:46.480703+00:00,facebook,,,6,1693,32,human,just had the best tacos at my friend's place! totally worth it 😊,human,0.9994,0.9994,0.0006
post_62491717,user_00152,throwback to that time when we stayed up all night talking. good times fr,2024-01-20T12:03:53.696221+00:00,facebook,,post_a5bcaf0e,10,32,126,human,throwback to that time when we stayed up all night talking. good times fr,human,0.9995,0.9995,0.0005
post_9c94d5c4,user_00221,throwback to that time when we stayed up all night talking. good times fr,2024-02-16T03:55:17.601401+00:00,facebook,,,14,76,102,human,throwback to that time when we stayed up all night talking. good times fr,human,0.9995,0.9995,0.0005
post_2ca2997f,user_00207,The data clearly indicates that digital transformation is reshaping finance. Forward-thinking leaders must adapt their strategies to remain competitive. Leveraging automation tools will be paramount in this transition.,2024-06-04T21:16:49.798442+00:00,mastodon,,,31,2561,142,ai_generated,the data clearly indicates that digital transformation is reshaping finance. forward-thinking leaders must adapt their strategies to remain competitive. leveraging automation tools will be paramount in this transition.,ai_generated,0.9983,0.0017,0.9983
post_28d96f7e,user_00068,The intersection of sustainability and supply chain optimization presents significant opportunities for innovation. Organizations that prioritize agile methodologies will be well-positioned to capitalize on emerging trends in the coming quarters.,2024-06-16T09:32:30.181985+00:00,mastodon,,post_3e50e087,83,313,22,ai_generated,the intersection of sustainability and supply chain optimization presents significant opportunities for innovation. organizations that prioritize agile methodologies will be well-positioned to capitalize on emerging trends in the coming quarters.,ai_generated,0.9991,0.0009,0.9991
post_fea37971,user_00088,unpopular opinion: coffee is overrated. fight me,2024-04-06T09:05:36.474553+00:00,facebook,,,10,2530,80,human,unpopular opinion: coffee is overrated. fight me,human,0.9995,0.9995,0.0005
post_25d90e01,user_00276,The intersection of sustainability and talent management presents significant opportunities for innovation. Organizations that prioritize agile methodologies will be well-positioned to capitalize on emerging trends in the coming quarters.,2024-04-08T01:34:11.764785+00:00,facebook,,,7,836,18,ai_generated,the intersection of sustainability and talent management presents significant opportunities for innovation. organizations that prioritize agile methodologies will be well-positioned to capitalize on emerging trends in the coming quarters.,ai_generated,0.9982,0.0018,0.9982
post_bd6bf440,user_00103,honestly whatever about the announcement rn. mixed feelings for sure,2024-02-19T13:04:06.443992+00:00,twitter,,,2,63,191,human,honestly whatever about the announcement rn. mixed feelings for sure,human,0.9995,0.9995,0.0005
post_035413ed,user_00048,you guys i just found out this has been happening for years. my whole life is a lie,2024-02-11T09:14:11.392671+00:00,reddit,,,5,130,53,human,you guys i just found out this has been happening for years. my whole life is a lie,human,0.999,0.999,0.001
post_873be5d5,user_00158,throwback to that time when we stayed up all night talking. good times fr,2024-03-17T04:49:36.610849+00:00,mastodon,,,13,64,4,human,throwback to that time when we stayed up all night talking. good times fr,human,0.9994,0.9994,0.0006
post_ec384b61,user_00022,I'm excited to share insights on AI. The evidence strongly suggests that outcomes improve with structured frameworks. This has profound implications for practitioners worldwide. Let's discuss how we can leverage this for positive impact.,2024-03-29T21:10:36.124579+00:00,mastodon,,post_e99888af,67,818,12,ai_generated,i'm excited to share insights on ai. the evidence strongly suggests that outcomes improve with structured frameworks. this has profound implications for practitioners worldwide. let's discuss how we can leverage this for positive impact.,ai_generated,0.9992,0.0008,0.9992
post_b3ca0a3c,user_00088,The intersection of digital transformation and talent management presents significant opportunities for innovation. Organizations that prioritize agile methodologies will be well-positioned to capitalize on emerging trends in the coming quarters.,2024-03-16T07:24:41.830205+00:00,facebook,,post_a5bcaf0e,58,6327,51,ai_generated,the intersection of digital transformation and talent management presents significant opportunities for innovation. organizations that prioritize agile methodologies will be well-positioned to capitalize on emerging trends in the coming quarters.,ai_generated,0.9992,0.0008,0.9992
post_7cd6d0c0,user_00106,can't believe it's already January. where did the year go??,2024-03-28T06:17:20.287627+00:00,facebook,,,3,14,172,human,can't believe it's already january. where did the year go??,human,0.9995,0.9995,0.0005
post_c4ed6394,user_00157,woke up at 4:30am for no reason and now i can't sleep. hate this,2024-06-29T19:03:42.898541+00:00,facebook,,,0,545,8,human,woke up at 4:30am for no reason and now i can't sleep. hate this,human,0.9995,0.9995,0.0005
post_fca10b2d,user_00067,just had the best ramen at a random food truck! totally worth it 😊,2024-02-17T14:05:55.425580+00:00,mastodon,,post_3f73279b,3,32,11,human,just had the best ramen at a random food truck! totally worth it 😊,human,0.9995,0.9995,0.0005
post_5497ea89,user_00229,just had the best biryani at this tiny spot downtown! totally worth it 😊,2024-05-27T16:13:06.769666+00:00,reddit,,,3,640,129,human,just had the best biryani at this tiny spot downtown! totally worth it 😊,human,0.9994,0.9994,0.0006
post_5e246767,user_00284,honestly conflicted about what happened yesterday rn. mixed feelings for sure,2024-01-10T11:12:46.915433+00:00,twitter,,,1,43,75,human,honestly conflicted about what happened yesterday rn. mixed feelings for sure,human,0.9994,0.9994,0.0006
post_c1b5d678,user_00109,"Key considerations for meditation: 1) Prioritize scalability from day one. 2) Build cross-functional alignment early. 3) Measure outcomes with clear KPIs. By addressing these dimensions, stakeholders can achieve sustainable outcomes aligned with organizational objectives.",2024-04-20T19:45:56.758065+00:00,mastodon,,,23,865,11,ai_generated,"key considerations for meditation: 1) prioritize scalability from day one. 2) build cross-functional alignment early. 3) measure outcomes with clear kpis. by addressing these dimensions, stakeholders can achieve sustainable outcomes aligned with organizational objectives.",ai_generated,0.9991,0.0009,0.9991
post_09e0e012,user_00115,just had the best tacos at a random food truck! totally worth it 😊,2024-06-11T02:36:04.340670+00:00,facebook,,,28,3287,17,human,just had the best tacos at a random food truck! totally worth it 😊,human,0.9988,0.9988,0.0012
post_9079a5c8,user_00130,just had the best tacos at a random food truck! totally worth it 😊,2024-02-19T09:39:01.952461+00:00,twitter,,,3,153,3,human,just had the best tacos at a random food truck! totally worth it 😊,human,0.9994,0.9994,0.0006
post_b4b275a8,user_00288,unpopular opinion: coffee is overrated. fight me,2024-02-20T23:59:44.393272+00:00,twitter,,,5,242,178,human,unpopular opinion: coffee is overrated. fight me,human,0.9995,0.9995,0.0005
post_9d9a4e96,user_00211,honestly excited about what happened yesterday rn. mixed feelings for sure,2024-06-22T06:20:22.624043+00:00,reddit,,post_d07a44bd,0,50,57,human,honestly excited about what happened yesterday rn. mixed feelings for sure,human,0.9994,0.9994,0.0006
post_2017afab,user_00153,just had the best pasta at a random food truck! totally worth it 😊,2024-03-09T11:07:31.108153+00:00,facebook,,post_397eb767,10,2784,877,human,just had the best pasta at a random food truck! totally worth it 😊,human,0.9994,0.9994,0.0006
post_a086c4e8,user_00276,just had the best biryani at a random food truck! totally worth it 😊,2024-05-26T19:47:27.832818+00:00,mastodon,,,52,37,51,human,just had the best biryani at a random food truck! totally worth it 😊,human,0.9994,0.9994,0.0006
post_e823c112,user_00061,throwback to that time when we stayed up all night talking. good times fr,2024-04-24T23:53:31.026475+00:00,reddit,,,5,65,111,human,throwback to that time when we stayed up all night talking. good times fr,human,0.9995,0.9995,0.0005
post_50479ed5,user_00022,unpopular opinion: coffee is overrated. fight me,2024-02-21T20:27:24.753512+00:00,mastodon,,,8,61,64,human,unpopular opinion: coffee is overrated. fight me,human,0.9995,0.9995,0.0005
post_81026591,user_00093,I'm excited to share insights on AI. The evidence strongly suggests that adoption rates have accelerated significantly. This has profound implications for communities worldwide. Let's discuss how we can leverage this for positive impact.,2024-03-09T19:22:07.412377+00:00,twitter,,post_d2a13440,13,1123,34,ai_generated,i'm excited to share insights on ai. the evidence strongly suggests that adoption rates have accelerated significantly. this has profound implications for communities worldwide. let's discuss how we can leverage this for positive impact.,ai_generated,0.999,0.001,0.999
post_edc66156,user_00035,"Key considerations for AI: 1) Prioritize scalability from day one. 2) Build cross-functional alignment early. 3) Measure outcomes with clear KPIs. By addressing these dimensions, stakeholders can achieve sustainable outcomes aligned with organizational objectives.",2024-03-10T22:52:51.102508+00:00,mastodon,,,25,256,19,ai_generated,"key considerations for ai: 1) prioritize scalability from day one. 2) build cross-functional alignment early. 3) measure outcomes with clear kpis. by addressing these dimensions, stakeholders can achieve sustainable outcomes aligned with organizational objectives.",ai_generated,0.9991,0.0009,0.9991
post_7bfae006,user_00063,I'm excited to share insights on remote work. The evidence strongly suggests that outcomes improve with structured frameworks. This has profound implications for communities worldwide. Let's discuss how we can leverage this for positive impact.,2024-02-19T13:32:16.946387+00:00,mastodon,,post_95e82e01,26,570,61,ai_generated,i'm excited to share insights on remote work. the evidence strongly suggests that outcomes improve with structured frameworks. this has profound implications for communities worldwide. let's discuss how we can leverage this for positive impact.,ai_generated,0.9991,0.0009,0.9991
post_4e4ccf7d,user_00161,woke up at 5am for no reason and now i can't sleep. hate this,2024-03-13T22:34:35.265079+00:00,reddit,,,19,84,65,human,woke up at 5am for no reason and now i can't sleep. hate this,human,0.9995,0.9995,0.0005
post_036504a5,user_00280,ok why does everyone suddenly care about AI adoption? been saying this for years,2024-04-18T06:03:35.196414+00:00,mastodon,,,1,41,71,human,ok why does everyone suddenly care about ai adoption? been saying this for years,human,0.9994,0.9994,0.0006
post_e014719a,user_00136,my fish is being so annoying today lmao,2024-05-31T21:22:16.589719+00:00,mastodon,,,4,208,438,human,my fish is being so annoying today lmao,human,0.9995,0.9995,0.0005
post_84337a7b,user_00026,does anyone else feel like AI is totally overrated?,2024-04-18T08:35:38.847682+00:00,mastodon,,,4,249,48,human,does anyone else feel like ai is totally overrated?,human,0.9995,0.9995,0.0005
post_0af3f8c7,user_00149,"Key considerations for veganism: 1) Prioritize scalability from day one. 2) Build cross-functional alignment early. 3) Measure outcomes with clear KPIs. By addressing these dimensions, stakeholders can achieve sustainable outcomes aligned with organizational objectives.",2024-05-09T18:24:31.220794+00:00,twitter,,,36,797,84,ai_generated,"key considerations for veganism: 1) prioritize scalability from day one. 2) build cross-functional alignment early. 3) measure outcomes with clear kpis. by addressing these dimensions, stakeholders can achieve sustainable outcomes aligned with organizational objectives.",ai_generated,0.9991,0.0009,0.9991
post_3d85105c,user_00176,can't believe it's already March. where did the year go??,2024-05-06T01:40:16.352297+00:00,twitter,,,42,34,100,human,can't believe it's already march. where did the year go??,human,0.9994,0.9994,0.0006
post_50e38ab8,user_00093,can't believe it's already November. where did the year go??,2024-02-03T08:28:07.947151+00:00,twitter,,,1,329,77,human,can't believe it's already november. where did the year go??,human,0.9994,0.9994,0.0006
post_719749d8,user_00073,just had the best sushi at a random food truck! totally worth it 😊,2024-05-04T04:41:30.139556+00:00,facebook,,,8,364,167,human,just had the best sushi at a random food truck! totally worth it 😊,human,0.9995,0.9995,0.0005
post_ad43aa4d,user_00038,throwback to that time when we got completely lost. good times fr,2024-04-22T17:46:03.033791+00:00,reddit,,,3,515,74,human,throwback to that time when we got completely lost. good times fr,human,0.9995,0.9995,0.0005
post_1ec69323,user_00285,"Key considerations for AI: 1) Prioritize scalability from day one. 2) Build cross-functional alignment early. 3) Measure outcomes with clear KPIs. By addressing these dimensions, stakeholders can achieve sustainable outcomes aligned with organizational objectives.",2024-06-20T06:13:21.132827+00:00,reddit,,,37,944,7,ai_generated,"key considerations for ai: 1) prioritize scalability from day one. 2) build cross-functional alignment early. 3) measure outcomes with clear kpis. by addressing these dimensions, stakeholders can achieve sustainable outcomes aligned with organizational objectives.",ai_generated,0.9992,0.0008,0.9992
post_525ff7ae,user_00121,woke up at 5am for no reason and now i can't sleep. hate this,2024-06-20T22:56:58.949372+00:00,reddit,,,6,1067,379,human,woke up at 5am for no reason and now i can't sleep. hate this,human,0.9995,0.9995,0.0005
post_25ca554e,user_00185,just had the best sushi at this tiny spot downtown! totally worth it 😊,2024-04-16T11:26:18.964336+00:00,reddit,,,0,7,105,human,just had the best sushi at this tiny spot downtown! totally worth it 😊,human,0.9995,0.9995,0.0005
post_4eeff639,user_00261,unpopular opinion: open offices are terrible. fight me,2024-04-21T19:09:22.091922+00:00,twitter,,post_d63ab8bc,24,577,62,human,unpopular opinion: open offices are terrible. fight me,human,0.9995,0.9995,0.0005
post_65012262,user_00198,honestly conflicted about the announcement rn. mixed feelings for sure,2024-03-17T21:08:50.714352+00:00,mastodon,,post_d44f24bf,11,462,1164,human,honestly conflicted about the announcement rn. mixed feelings for sure,human,0.9994,0.9994,0.0006
post_26f0b871,user_00159,can't believe it's already November. where did the year go??,2024-05-21T19:54:42.455067+00:00,twitter,,,3,63,57,human,can't believe it's already november. where did the year go??,human,0.9995,0.9995,0.0005
post_24042f61,user_00092,can't believe it's already August. where did the year go??,2024-03-18T09:31:13.784387+00:00,facebook,,,1,828,103,human,can't believe it's already august. where did the year go??,human,0.9995,0.9995,0.0005
post_0fde52bc,user_00085,can't believe it's already November. where did the year go??,2024-06-19T20:09:44.232633+00:00,reddit,,,0,557,116,human,can't believe it's already november. where did the year go??,human,0.9995,0.9995,0.0005
post_3bbf7378,user_00025,honestly excited about the announcement rn. mixed feelings for sure,2024-01-29T02:14:42.860991+00:00,mastodon,,,7,121,10,human,honestly excited about the announcement rn. mixed feelings for sure,human,0.9993,0.9993,0.0007
post_e6e97fcb,user_00291,The intersection of artificial intelligence and customer experience presents significant opportunities for innovation. Organizations that prioritize data-driven decision-making will be well-positioned to capitalize on emerging trends in the coming quarters.,2024-04-18T02:00:50.900994+00:00,twitter,,,17,9121,45,ai_generated,the intersection of artificial intelligence and customer experience presents significant opportunities for innovation. organizations that prioritize data-driven decision-making will be well-positioned to capitalize on emerging trends in the coming quarters.,ai_generated,0.9992,0.0008,0.9992
post_1b99d20c,user_00205,I'm excited to share insights on veganism. The evidence strongly suggests that outcomes improve with structured frameworks. This has profound implications for communities worldwide. Let's discuss how we can leverage this for positive impact.,2024-02-10T19:19:37.046844+00:00,facebook,,post_fcb133d1,54,730,148,ai_generated,i'm excited to share insights on veganism. the evidence strongly suggests that outcomes improve with structured frameworks. this has profound implications for communities worldwide. let's discuss how we can leverage this for positive impact.,ai_generated,0.9991,0.0009,0.9991
post_6d26b92b,user_00056,ok why does everyone suddenly care about AI adoption? been saying this for years,2024-04-29T20:36:29.676210+00:00,facebook,,,4,9,63,human,ok why does everyone suddenly care about ai adoption? been saying this for years,human,0.9994,0.9994,0.0006
post_d6e5c247,user_00145,ok why does everyone suddenly care about digital transformation? been saying this for years,2024-02-08T18:25:51.777280+00:00,mastodon,,post_f3bdf24c,13,52,33,human,ok why does everyone suddenly care about digital transformation? been saying this for years,human,0.9987,0.9987,0.0013
post_d46dd701,user_00278,can't believe it's already August. where did the year go??,2024-04-06T04:03:37.876811+00:00,reddit,,,7,46,46,human,can't believe it's already august. where did the year go??,human,0.9994,0.9994,0.0006
post_945faee8,user_00155,honestly conflicted about the announcement rn. mixed feelings for sure,2024-05-23T07:50:03.150406+00:00,mastodon,,,2,121,243,human,honestly conflicted about the announcement rn. mixed feelings for sure,human,0.9994,0.9994,0.0006
post_68a83b81,user_00046,The data clearly indicates that digital transformation is reshaping finance. Forward-thinking leaders must adapt their strategies to remain competitive. Leveraging automation tools will be paramount in this transition.,2024-02-29T04:52:43.933942+00:00,twitter,,post_b182fbc3,11,2398,43,ai_generated,the data clearly indicates that digital transformation is reshaping finance. forward-thinking leaders must adapt their strategies to remain competitive. leveraging automation tools will be paramount in this transition.,ai_generated,0.9982,0.0018,0.9982
post_da69c27f,user_00130,woke up at 4:30am for no reason and now i can't sleep. hate this,2024-03-11T03:12:21.882625+00:00,mastodon,,,2,164,127,human,woke up at 4:30am for no reason and now i can't sleep. hate this,human,0.9995,0.9995,0.0005
post_01bb5577,user_00211,you guys i just found out I misunderstood everything. my whole life is a lie,2024-04-25T18:20:47.975458+00:00,reddit,,post_b3ba99a6,6,1611,148,human,you guys i just found out i misunderstood everything. my whole life is a lie,human,0.9989,0.9989,0.0011
post_db5db0f2,user_00205,The data clearly indicates that digital transformation is reshaping retail. Forward-thinking leaders must adapt their strategies to remain competitive. Leveraging machine learning will be paramount in this transition.,2024-04-27T03:09:54.787371+00:00,twitter,,,66,2011,19,ai_generated,the data clearly indicates that digital transformation is reshaping retail. forward-thinking leaders must adapt their strategies to remain competitive. leveraging machine learning will be paramount in this transition.,ai_generated,0.999,0.001,0.999
post_966e5aa9,user_00204,throwback to that time when we got completely lost. good times fr,2024-01-22T14:53:02.420427+00:00,reddit,,,4,46,53,human,throwback to that time when we got completely lost. good times fr,human,0.9995,0.9995,0.0005
post_475b921f,user_00261,"As we navigate the evolving landscape of education, it becomes increasingly important to consider the multifaceted implications of personalization. A comprehensive framework for analysis should incorporate both quantitative metrics and technological constraints to yield meaningful insights.",2024-06-14T23:20:41.771593+00:00,facebook,,,20,1891,31,ai_generated,"as we navigate the evolving landscape of education, it becomes increasingly important to consider the multifaceted implications of personalization. a comprehensive framework for analysis should incorporate both quantitative metrics and technological constraints to yield meaningful insights.",ai_generated,0.9992,0.0008,0.9992
post_f3e5c184,user_00021,I'm excited to share insights on AI. The evidence strongly suggests that adoption rates have accelerated significantly. This has profound implications for communities worldwide. Let's discuss how we can leverage this for positive impact.,2024-04-12T16:15:29.749728+00:00,mastodon,,,27,1407,15,ai_generated,i'm excited to share insights on ai. the evidence strongly suggests that adoption rates have accelerated significantly. this has profound implications for communities worldwide. let's discuss how we can leverage this for positive impact.,ai_generated,0.9991,0.0009,0.9991
post_80400dcd,user_00247,my fish is being so annoying today lmao,2024-06-06T23:13:37.641555+00:00,twitter,,post_5099f348,7,234,75,human,my fish is being so annoying today lmao,human,0.9995,0.9995,0.0005
post_f5e5ffc5,user_00261,ok why does everyone suddenly care about remote collaboration? been saying this for years,2024-03-21T00:58:33.764590+00:00,mastodon,,,9,80,129,human,ok why does everyone suddenly care about remote collaboration? been saying this for years,human,0.999,0.999,0.001
post_7df3d1a3,user_00204,does anyone else feel like meditation is totally overrated?,2024-05-28T13:44:05.787175+00:00,twitter,,,0,96,243,human,does anyone else feel like meditation is totally overrated?,human,0.9995,0.9995,0.0005
post_95360238,user_00291,throwback to that time when we got completely lost. good times fr,2024-03-06T15:35:47.127399+00:00,twitter,,,13,145,130,human,throwback to that time when we got completely lost. good times fr,human,0.9995,0.9995,0.0005
post_24c403b0,user_00275,The intersection of digital transformation and customer experience presents significant opportunities for innovation. Organizations that prioritize agile methodologies will be well-positioned to capitalize on emerging trends in the coming quarters.,2024-03-18T03:06:54.808092+00:00,reddit,,,14,713,14,ai_generated,the intersection of digital transformation and customer experience presents significant opportunities for innovation. organizations that prioritize agile methodologies will be well-positioned to capitalize on emerging trends in the coming quarters.,ai_generated,0.9989,0.0011,0.9989
post_848eca9f,user_00099,woke up at 5am for no reason and now i can't sleep. hate this,2024-01-01T04:18:01.921018+00:00,facebook,,,5,409,26,human,woke up at 5am for no reason and now i can't sleep. hate this,human,0.9995,0.9995,0.0005
post_bc8bf3fe,user_00073,"As we navigate the evolving landscape of finance, it becomes increasingly important to consider the multifaceted implications of scalability. A comprehensive framework for analysis should incorporate both quantitative metrics and technological constraints to yield meaningful insights.",2024-01-14T23:58:56.444877+00:00,twitter,,post_44455cbe,23,331,26,ai_generated,"as we navigate the evolving landscape of finance, it becomes increasingly important to consider the multifaceted implications of scalability. a comprehensive framework for analysis should incorporate both quantitative metrics and technological constraints to yield meaningful insights.",ai_generated,0.9992,0.0008,0.9992
post_108caea1,user_00177,"As we navigate the evolving landscape of education, it becomes increasingly important to consider the multifaceted implications of personalization. A comprehensive framework for analysis should incorporate both market signals and behavioral patterns to yield meaningful insights.",2024-05-10T14:10:12.929899+00:00,facebook,,,99,263,98,ai_generated,"as we navigate the evolving landscape of education, it becomes increasingly important to consider the multifaceted implications of personalization. a comprehensive framework for analysis should incorporate both market signals and behavioral patterns to yield meaningful insights.",ai_generated,0.9992,0.0008,0.9992
post_eab3d317,user_00161,ok why does everyone suddenly care about AI adoption? been saying this for years,2024-06-22T08:13:12.591908+00:00,mastodon,,,23,183,55,human,ok why does everyone suddenly care about ai adoption? been saying this for years,human,0.9989,0.9989,0.0011
post_83977623,user_00217,unpopular opinion: open offices are terrible. fight me,2024-05-21T03:45:16.566413+00:00,twitter,,,26,65,156,human,unpopular opinion: open offices are terrible. fight me,human,0.9995,0.9995,0.0005
post_02f7efeb,user_00071,you guys i just found out this has been happening for years. my whole life is a lie,2024-05-18T21:18:41.287260+00:00,mastodon,,,29,104,3833,human,you guys i just found out this has been happening for years. my whole life is a lie,human,0.9995,0.9995,0.0005
post_b9d9a8c5,user_00226,my cat is being so annoying today lmao,2024-06-04T03:25:26.601616+00:00,twitter,,post_ddfb4590,20,2066,751,human,my cat is being so annoying today lmao,human,0.9995,0.9995,0.0005
post_cd8afac4,user_00180,unpopular opinion: coffee is overrated. fight me,2024-01-07T12:38:38.112363+00:00,reddit,,,2,250,55,human,unpopular opinion: coffee is overrated. fight me,human,0.9995,0.9995,0.0005
post_084ecb4e,user_00155,"As we navigate the evolving landscape of finance, it becomes increasingly important to consider the multifaceted implications of personalization. A comprehensive framework for analysis should incorporate both quantitative metrics and behavioral patterns to yield meaningful insights.",2024-01-16T17:43:09.927293+00:00,twitter,,,31,540,10,ai_generated,"as we navigate the evolving landscape of finance, it becomes increasingly important to consider the multifaceted implications of personalization. a comprehensive framework for analysis should incorporate both quantitative metrics and behavioral patterns to yield meaningful insights.",ai_generated,0.9992,0.0008,0.9992
post_5d200b6b,user_00201,woke up at 3am for no reason and now i can't sleep. hate this,2024-05-03T06:07:02.851942+00:00,facebook,,,17,32,89,human,woke up at 3am for no reason and now i can't sleep. hate this,human,0.9995,0.9995,0.0005
post_5938274a,user_00235,unpopular opinion: coffee is overrated. fight me,2024-04-15T17:14:25.603851+00:00,facebook,,,7,1053,345,human,unpopular opinion: coffee is overrated. fight me,human,0.9995,0.9995,0.0005
post_d1872542,user_00037,I'm excited to share insights on AI. The evidence strongly suggests that outcomes improve with structured frameworks. This has profound implications for communities worldwide. Let's discuss how we can leverage this for positive impact.,2024-04-21T02:08:39.404989+00:00,twitter,,,36,4223,197,ai_generated,i'm excited to share insights on ai. the evidence strongly suggests that outcomes improve with structured frameworks. this has profound implications for communities worldwide. let's discuss how we can leverage this for positive impact.,ai_generated,0.9971,0.0029,0.9971
post_572900e3,user_00123,can't believe it's already January. where did the year go??,2024-03-17T05:11:22.521664+00:00,mastodon,,,9,51,27,human,can't believe it's already january. where did the year go??,human,0.9994,0.9994,0.0006
post_ce6eb1f2,user_00113,ok why does everyone suddenly care about digital transformation? been saying this for years,2024-02-27T10:19:17.444222+00:00,reddit,,,22,64,48,human,ok why does everyone suddenly care about digital transformation? been saying this for years,human,0.9986,0.9986,0.0014
post_00d32f3c,user_00108,can't believe it's already November. where did the year go??,2024-06-28T12:47:35.752421+00:00,facebook,,,3,14,44,human,can't believe it's already november. where did the year go??,human,0.9995,0.9995,0.0005
post_c46c5bb9,user_00239,you guys i just found out I misunderstood everything. my whole life is a lie,2024-06-13T14:10:02.155967+00:00,facebook,,,1,29,169,human,you guys i just found out i misunderstood everything. my whole life is a lie,human,0.9994,0.9994,0.0006
post_73a9e30a,user_00164,throwback to that time when we got completely lost. good times fr,2024-01-08T19:24:15.950037+00:00,reddit,,,0,34,308,human,throwback to that time when we got completely lost. good times fr,human,0.9995,0.9995,0.0005
post_5dfb8084,user_00004,woke up at 4:30am for no reason and now i can't sleep. hate this,2024-02-28T18:48:12.998837+00:00,twitter,,post_934b8326,0,363,75,human,woke up at 4:30am for no reason and now i can't sleep. hate this,human,0.9995,0.9995,0.0005
post_e5ecf6d5,user_00037,honestly conflicted about that whole situation rn. mixed feelings for sure,2024-02-19T03:07:58.187639+00:00,mastodon,,,23,30,11,human,honestly conflicted about that whole situation rn. mixed feelings for sure,human,0.9992,0.9992,0.0008
post_e7f20f71,user_00105,can't believe it's already August. where did the year go??,2024-03-26T20:06:35.185363+00:00,facebook,,,10,195,935,human,can't believe it's already august. where did the year go??,human,0.9995,0.9995,0.0005
post_27ed8ca6,user_00092,honestly conflicted about that whole situation rn. mixed feelings for sure,2024-05-26T07:02:39.820730+00:00,mastodon,,post_8ddeb124,6,23,19,human,honestly conflicted about that whole situation rn. mixed feelings for sure,human,0.9993,0.9993,0.0007
post_6aa1a230,user_00002,you guys i just found out this has been happening for years. my whole life is a lie,2024-05-17T16:09:52.906646+00:00,facebook,,,13,173,46,human,you guys i just found out this has been happening for years. my whole life is a lie,human,0.9989,0.9989,0.0011
post_3629ac50,user_00010,my fish is being so annoying today lmao,2024-05-05T18:12:11.057715+00:00,twitter,,post_f581c9e3,21,457,800,human,my fish is being so annoying today lmao,human,0.9995,0.9995,0.0005
post_28491c4a,user_00095,my hamster is being so annoying today lmao,2024-04-29T11:42:38.862697+00:00,mastodon,,,8,82,192,human,my hamster is being so annoying today lmao,human,0.9995,0.9995,0.0005
post_4491c98d,user_00260,The data clearly indicates that remote collaboration is reshaping healthcare. Forward-thinking leaders must adapt their strategies to remain competitive. Leveraging machine learning will be paramount in this transition.,2024-04-02T18:29:34.230872+00:00,twitter,,post_d85674c5,2,409,92,ai_generated,the data clearly indicates that remote collaboration is reshaping healthcare. forward-thinking leaders must adapt their strategies to remain competitive. leveraging machine learning will be paramount in this transition.,ai_generated,0.9954,0.0046,0.9954
post_13a0d0d8,user_00276,ok why does everyone suddenly care about remote collaboration? been saying this for years,2024-01-27T12:46:32.255739+00:00,mastodon,,,11,134,192,human,ok why does everyone suddenly care about remote collaboration? been saying this for years,human,0.999,0.999,0.001
post_b8498f08,user_00041,I'm excited to share insights on AI. The evidence strongly suggests that outcomes improve with structured frameworks. This has profound implications for communities worldwide. Let's discuss how we can leverage this for positive impact.,2024-03-20T03:42:36.511175+00:00,reddit,,post_0c877655,33,1709,59,ai_generated,i'm excited to share insights on ai. the evidence strongly suggests that outcomes improve with structured frameworks. this has profound implications for communities worldwide. let's discuss how we can leverage this for positive impact.,ai_generated,0.9971,0.0029,0.9971
post_2a64cdb0,user_00066,woke up at 4:30am for no reason and now i can't sleep. hate this,2024-02-28T15:59:44.117623+00:00,mastodon,,,6,23,60,human,woke up at 4:30am for no reason and now i can't sleep. hate this,human,0.9995,0.9995,0.0005
post_35f3f532,user_00065,my hamster is being so annoying today lmao,2024-04-17T19:01:21.959995+00:00,twitter,,,6,204,21,human,my hamster is being so annoying today lmao,human,0.9995,0.9995,0.0005
post_61ce9bed,user_00024,can't believe it's already November. where did the year go??,2024-06-16T16:14:42.931719+00:00,twitter,,,5,52,150,human,can't believe it's already november. where did the year go??,human,0.9995,0.9995,0.0005
post_7daa8815,user_00011,throwback to that time when we stayed up all night talking. good times fr,2024-02-17T03:59:54.931298+00:00,reddit,,,13,82,108,human,throwback to that time when we stayed up all night talking. good times fr,human,0.9995,0.9995,0.0005
post_2eabd4dc,user_00284,"As we navigate the evolving landscape of healthcare, it becomes increasingly important to consider the multifaceted implications of automation. A comprehensive framework for analysis should incorporate both market signals and behavioral patterns to yield meaningful insights.",2024-02-24T23:36:05.039613+00:00,facebook,,post_667c5f0a,33,1448,47,ai_generated,"as we navigate the evolving landscape of healthcare, it becomes increasingly important to consider the multifaceted implications of automation. a comprehensive framework for analysis should incorporate both market signals and behavioral patterns to yield meaningful insights.",ai_generated,0.9992,0.0008,0.9992
post_95a6e92d,user_00287,honestly excited about what happened yesterday rn. mixed feelings for sure,2024-02-12T02:15:01.233187+00:00,twitter,,post_c21c7d94,32,411,50,human,honestly excited about what happened yesterday rn. mixed feelings for sure,human,0.9988,0.9988,0.0012
post_212859c4,user_00093,my cat is being so annoying today lmao,2024-01-10T16:55:23.418784+00:00,mastodon,,,2,66,118,human,my cat is being so annoying today lmao,human,0.9995,0.9995,0.0005
post_688d2039,user_00155,ok why does everyone suddenly care about AI adoption? been saying this for years,2024-02-22T03:19:57.014864+00:00,facebook,,,25,93,49,human,ok why does everyone suddenly care about ai adoption? been saying this for years,human,0.999,0.999,0.001
post_05770e9f,user_00295,The intersection of sustainability and supply chain optimization presents significant opportunities for innovation. Organizations that prioritize agile methodologies will be well-positioned to capitalize on emerging trends in the coming quarters.,2024-06-05T21:03:23.302695+00:00,twitter,,,6,280,65,ai_generated,the intersection of sustainability and supply chain optimization presents significant opportunities for innovation. organizations that prioritize agile methodologies will be well-positioned to capitalize on emerging trends in the coming quarters.,ai_generated,0.9961,0.0039,0.9961
post_a558a419,user_00149,honestly excited about that whole situation rn. mixed feelings for sure,2024-04-19T11:28:40.521011+00:00,reddit,,,16,68,273,human,honestly excited about that whole situation rn. mixed feelings for sure,human,0.9994,0.9994,0.0006
post_c13c3704,user_00224,can't believe it's already August. where did the year go??,2024-04-16T15:18:12.289368+00:00,facebook,,post_b4518eb6,2,53,142,human,can't believe it's already august. where did the year go??,human,0.9995,0.9995,0.0005
post_2e6d095b,user_00155,"As we navigate the evolving landscape of finance, it becomes increasingly important to consider the multifaceted implications of resilience. A comprehensive framework for analysis should incorporate both quantitative metrics and regulatory frameworks to yield meaningful insights.",2024-05-26T00:07:38.153244+00:00,mastodon,,,87,3046,27,ai_generated,"as we navigate the evolving landscape of finance, it becomes increasingly important to consider the multifaceted implications of resilience. a comprehensive framework for analysis should incorporate both quantitative metrics and regulatory frameworks to yield meaningful insights.",ai_generated,0.9992,0.0008,0.9992
post_2dacf4bc,user_00083,you guys i just found out I misunderstood everything. my whole life is a lie,2024-03-29T00:24:10.733188+00:00,mastodon,,post_688d2039,5,4859,555,human,you guys i just found out i misunderstood everything. my whole life is a lie,human,0.9987,0.9987,0.0013
post_57013787,user_00282,you guys i just found out I misunderstood everything. my whole life is a lie,2024-03-19T19:30:11.966512+00:00,twitter,,post_b076e6a6,22,90,624,human,you guys i just found out i misunderstood everything. my whole life is a lie,human,0.9992,0.9992,0.0008
post_d2a13440,user_00057,unpopular opinion: open offices are terrible. fight me,2024-04-18T23:56:05.048378+00:00,facebook,,,3,790,33,human,unpopular opinion: open offices are terrible. fight me,human,0.9995,0.9995,0.0005
post_4da891a1,user_00154,"As we navigate the evolving landscape of retail, it becomes increasingly important to consider the multifaceted implications of scalability. A comprehensive framework for analysis should incorporate both qualitative feedback and regulatory frameworks to yield meaningful insights.",2024-03-05T11:43:16.439444+00:00,mastodon,,,23,1107,100,ai_generated,"as we navigate the evolving landscape of retail, it becomes increasingly important to consider the multifaceted implications of scalability. a comprehensive framework for analysis should incorporate both qualitative feedback and regulatory frameworks to yield meaningful insights.",ai_generated,0.9992,0.0008,0.9992
post_278b8095,user_00288,does anyone else feel like crypto is totally overrated?,2024-05-30T19:36:59.214791+00:00,twitter,,,0,71,653,human,does anyone else feel like crypto is totally overrated?,human,0.9995,0.9995,0.0005
post_fbda380e,user_00295,unpopular opinion: open offices are terrible. fight me,2024-03-26T10:32:13.853959+00:00,facebook,,,16,166,174,human,unpopular opinion: open offices are terrible. fight me,human,0.9995,0.9995,0.0005
post_9d0c69c9,user_00031,I'm excited to share insights on AI. The evidence strongly suggests that outcomes improve with structured frameworks. This has profound implications for practitioners worldwide. Let's discuss how we can leverage this for positive impact.,2024-04-28T00:47:07.858169+00:00,facebook,,post_8c905c77,86,208,29,ai_generated,i'm excited to share insights on ai. the evidence strongly suggests that outcomes improve with structured frameworks. this has profound implications for practitioners worldwide. let's discuss how we can leverage this for positive impact.,ai_generated,0.9991,0.0009,0.9991
post_c5440963,user_00247,does anyone else feel like AI is totally overrated?,2024-03-24T22:21:42.891211+00:00,mastodon,,,1,782,42,human,does anyone else feel like ai is totally overrated?,human,0.9995,0.9995,0.0005
post_3c579e96,user_00012,The data clearly indicates that digital transformation is reshaping manufacturing. Forward-thinking leaders must adapt their strategies to remain competitive. Leveraging automation tools will be paramount in this transition.,2024-04-23T19:17:41.393840+00:00,twitter,,,31,332,23,ai_generated,the data clearly indicates that digital transformation is reshaping manufacturing. forward-thinking leaders must adapt their strategies to remain competitive. leveraging automation tools will be paramount in this transition.,ai_generated,0.9983,0.0017,0.9983
post_c588455c,user_00002,can't believe it's already August. where did the year go??,2024-01-26T09:14:31.353396+00:00,mastodon,,post_f72b4f90,22,136,751,human,can't believe it's already august. where did the year go??,human,0.9995,0.9995,0.0005
post_c470bea4,user_00139,unpopular opinion: coffee is overrated. fight me,2024-01-09T22:51:01.770344+00:00,twitter,,,6,257,148,human,unpopular opinion: coffee is overrated. fight me,human,0.9995,0.9995,0.0005
post_fac936f5,user_00223,The intersection of sustainability and supply chain optimization presents significant opportunities for innovation. Organizations that prioritize data-driven decision-making will be well-positioned to capitalize on emerging trends in the coming quarters.,2024-02-24T12:19:36.578068+00:00,facebook,,,47,994,32,ai_generated,the intersection of sustainability and supply chain optimization presents significant opportunities for innovation. organizations that prioritize data-driven decision-making will be well-positioned to capitalize on emerging trends in the coming quarters.,ai_generated,0.9991,0.0009,0.9991
post_11fe7b00,user_00287,throwback to that time when we stayed up all night talking. good times fr,2024-02-25T12:16:46.544911+00:00,facebook,,,1,19,63,human,throwback to that time when we stayed up all night talking. good times fr,human,0.9995,0.9995,0.0005
post_9c7ec5e1,user_00054,I'm excited to share insights on crypto. The evidence strongly suggests that adoption rates have accelerated significantly. This has profound implications for organizations worldwide. Let's discuss how we can leverage this for positive impact.,2024-04-18T09:23:40.044227+00:00,reddit,,,4,1200,21,ai_generated,i'm excited to share insights on crypto. the evidence strongly suggests that adoption rates have accelerated significantly. this has profound implications for organizations worldwide. let's discuss how we can leverage this for positive impact.,ai_generated,0.999,0.001,0.999
post_a1c7c22b,user_00064,woke up at 4:30am for no reason and now i can't sleep. hate this,2024-06-11T05:26:37.213772+00:00,mastodon,,,1,0,96,human,woke up at 4:30am for no reason and now i can't sleep. hate this,human,0.9995,0.9995,0.0005
post_35b0a593,user_00234,my fish is being so annoying today lmao,2024-06-01T17:29:20.004019+00:00,reddit,,,6,47,108,human,my fish is being so annoying today lmao,human,0.9995,0.9995,0.0005
post_d492db54,user_00148,The intersection of artificial intelligence and customer experience presents significant opportunities for innovation. Organizations that prioritize stakeholder alignment will be well-positioned to capitalize on emerging trends in the coming quarters.,2024-01-19T07:38:21.322085+00:00,reddit,,,14,5447,9,ai_generated,the intersection of artificial intelligence and customer experience presents significant opportunities for innovation. organizations that prioritize stakeholder alignment will be well-positioned to capitalize on emerging trends in the coming quarters.,ai_generated,0.9992,0.0008,0.9992
post_f60f1907,user_00133,just had the best biryani at this tiny spot downtown! totally worth it 😊,2024-04-22T20:41:07.547021+00:00,facebook,,,3,30,75,human,just had the best biryani at this tiny spot downtown! totally worth it 😊,human,0.9995,0.9995,0.0005
post_cc585e20,user_00016,you guys i just found out I misunderstood everything. my whole life is a lie,2024-02-15T04:01:05.848884+00:00,twitter,,post_997e6626,7,14,45,human,you guys i just found out i misunderstood everything. my whole life is a lie,human,0.9993,0.9993,0.0007
post_b921d366,user_00199,throwback to that time when we stayed up all night talking. good times fr,2024-03-05T11:52:04.202538+00:00,reddit,,,8,36,356,human,throwback to that time when we stayed up all night talking. good times fr,human,0.9995,0.9995,0.0005
post_be603457,user_00274,"As we navigate the evolving landscape of finance, it becomes increasingly important to consider the multifaceted implications of scalability. A comprehensive framework for analysis should incorporate both quantitative metrics and technological constraints to yield meaningful insights.",2024-05-31T04:47:25.443388+00:00,reddit,,,57,191,34,ai_generated,"as we navigate the evolving landscape of finance, it becomes increasingly important to consider the multifaceted implications of scalability. a comprehensive framework for analysis should incorporate both quantitative metrics and technological constraints to yield meaningful insights.",ai_generated,0.9992,0.0008,0.9992
post_0c662a65,user_00028,The data clearly indicates that digital transformation is reshaping healthcare. Forward-thinking leaders must adapt their strategies to remain competitive. Leveraging automation tools will be paramount in this transition.,2024-03-04T17:08:11.682572+00:00,facebook,,post_bab83ff4,39,1686,10,ai_generated,the data clearly indicates that digital transformation is reshaping healthcare. forward-thinking leaders must adapt their strategies to remain competitive. leveraging automation tools will be paramount in this transition.,ai_generated,0.999,0.001,0.999
post_31957222,user_00250,does anyone else feel like veganism is totally overrated?,2024-05-17T07:21:44.269932+00:00,twitter,,,0,88,13,human,does anyone else feel like veganism is totally overrated?,human,0.9995,0.9995,0.0005
post_437d53ab,user_00144,my fish is being so annoying today lmao,2024-02-24T12:56:08.281271+00:00,mastodon,,,27,256,37,human,my fish is being so annoying today lmao,human,0.9995,0.9995,0.0005
post_18e75e5f,user_00139,just had the best tacos at my friend's place! totally worth it 😊,2024-03-19T03:13:21.419879+00:00,facebook,,,18,100,179,human,just had the best tacos at my friend's place! totally worth it 😊,human,0.9995,0.9995,0.0005
post_b8456a08,user_00223,does anyone else feel like veganism is totally overrated?,2024-04-20T20:27:47.947091+00:00,reddit,,post_cdb13034,0,77,101,human,does anyone else feel like veganism is totally overrated?,human,0.9995,0.9995,0.0005
post_ac20ec1d,user_00155,I'm excited to share insights on crypto. The evidence strongly suggests that outcomes improve with structured frameworks. This has profound implications for practitioners worldwide. Let's discuss how we can leverage this for positive impact.,2024-03-17T16:14:16.291213+00:00,mastodon,,,32,400,60,ai_generated,i'm excited to share insights on crypto. the evidence strongly suggests that outcomes improve with structured frameworks. this has profound implications for practitioners worldwide. let's discuss how we can leverage this for positive impact.,ai_generated,0.999,0.001,0.999
post_7850a46d,user_00193,"As we navigate the evolving landscape of finance, it becomes increasingly important to consider the multifaceted implications of automation. A comprehensive framework for analysis should incorporate both qualitative feedback and behavioral patterns to yield meaningful insights.",2024-06-25T11:53:32.133779+00:00,facebook,,,94,794,18,ai_generated,"as we navigate the evolving landscape of finance, it becomes increasingly important to consider the multifaceted implications of automation. a comprehensive framework for analysis should incorporate both qualitative feedback and behavioral patterns to yield meaningful insights.",ai_generated,0.9992,0.0008,0.9992
post_7108c8a6,user_00295,The intersection of artificial intelligence and customer experience presents significant opportunities for innovation. Organizations that prioritize stakeholder alignment will be well-positioned to capitalize on emerging trends in the coming quarters.,2024-03-26T02:03:26.904706+00:00,facebook,,,7,2052,45,ai_generated,the intersection of artificial intelligence and customer experience presents significant opportunities for innovation. organizations that prioritize stakeholder alignment will be well-positioned to capitalize on emerging trends in the coming quarters.,ai_generated,0.9989,0.0011,0.9989
post_1c370c92,user_00220,"Key considerations for AI: 1) Prioritize scalability from day one. 2) Build cross-functional alignment early. 3) Measure outcomes with clear KPIs. By addressing these dimensions, stakeholders can achieve sustainable outcomes aligned with organizational objectives.",2024-04-08T18:32:13.118597+00:00,twitter,,,24,1574,71,ai_generated,"key considerations for ai: 1) prioritize scalability from day one. 2) build cross-functional alignment early. 3) measure outcomes with clear kpis. by addressing these dimensions, stakeholders can achieve sustainable outcomes aligned with organizational objectives.",ai_generated,0.9991,0.0009,0.9991
post_afe57349,user_00239,unpopular opinion: coffee is overrated. fight me,2024-03-25T06:36:12.122892+00:00,twitter,,post_9b2ea550,11,74,18,human,unpopular opinion: coffee is overrated. fight me,human,0.9995,0.9995,0.0005
post_cbde1402,user_00173,"Key considerations for AI: 1) Prioritize scalability from day one. 2) Build cross-functional alignment early. 3) Measure outcomes with clear KPIs. By addressing these dimensions, stakeholders can achieve sustainable outcomes aligned with organizational objectives.",2024-02-24T12:30:54.063642+00:00,reddit,,,11,6051,10,ai_generated,"key considerations for ai: 1) prioritize scalability from day one. 2) build cross-functional alignment early. 3) measure outcomes with clear kpis. by addressing these dimensions, stakeholders can achieve sustainable outcomes aligned with organizational objectives.",ai_generated,0.9992,0.0008,0.9992
post_d8a5dbdc,user_00086,woke up at 4:30am for no reason and now i can't sleep. hate this,2024-05-23T02:16:00.063571+00:00,reddit,,,1,1011,90,human,woke up at 4:30am for no reason and now i can't sleep. hate this,human,0.9995,0.9995,0.0005
post_42d10400,user_00123,unpopular opinion: mornings are fine. fight me,2024-04-10T23:27:35.033050+00:00,facebook,,post_319c2911,11,2596,248,human,unpopular opinion: mornings are fine. fight me,human,0.9995,0.9995,0.0005
post_78679bda,user_00013,you guys i just found out this has been happening for years. my whole life is a lie,2024-03-24T04:58:40.488911+00:00,facebook,,,1,802,88,human,you guys i just found out this has been happening for years. my whole life is a lie,human,0.999,0.999,0.001
post_804c9406,user_00271,does anyone else feel like crypto is totally overrated?,2024-06-18T07:16:07.408414+00:00,twitter,,,2,1615,87,human,does anyone else feel like crypto is totally overrated?,human,0.9995,0.9995,0.0005
post_3548dbca,user_00014,throwback to that time when we got completely lost. good times fr,2024-04-11T12:27:35.163523+00:00,facebook,,,1,2126,105,human,throwback to that time when we got completely lost. good times fr,human,0.9995,0.9995,0.0005
post_1f82b727,user_00201,can't believe it's already November. where did the year go??,2024-06-18T17:55:05.233481+00:00,reddit,,,4,120,323,human,can't believe it's already november. where did the year go??,human,0.9995,0.9995,0.0005
post_dbdca0b9,user_00290,"As we navigate the evolving landscape of education, it becomes increasingly important to consider the multifaceted implications of scalability. A comprehensive framework for analysis should incorporate both qualitative feedback and behavioral patterns to yield meaningful insights.",2024-04-28T22:43:52.539206+00:00,twitter,,post_f18f35a6,37,1773,35,ai_generated,"as we navigate the evolving landscape of education, it becomes increasingly important to consider the multifaceted implications of scalability. a comprehensive framework for analysis should incorporate both qualitative feedback and behavioral patterns to yield meaningful insights.",ai_generated,0.9992,0.0008,0.9992
post_6e70ecc2,user_00207,does anyone else feel like meditation is totally overrated?,2024-03-04T00:39:30.088629+00:00,facebook,,,10,10,90,human,does anyone else feel like meditation is totally overrated?,human,0.9995,0.9995,0.0005
post_e936aab4,user_00009,"As we navigate the evolving landscape of healthcare, it becomes increasingly important to consider the multifaceted implications of scalability. A comprehensive framework for analysis should incorporate both market signals and technological constraints to yield meaningful insights.",2024-02-04T15:40:50.561091+00:00,facebook,,,37,6490,46,ai_generated,"as we navigate the evolving landscape of healthcare, it becomes increasingly important to consider the multifaceted implications of scalability. a comprehensive framework for analysis should incorporate both market signals and technological constraints to yield meaningful insights.",ai_generated,0.9992,0.0008,0.9992
post_5dcba381,user_00297,honestly whatever about the announcement rn. mixed feelings for sure,2024-02-01T03:51:13.868310+00:00,reddit,,,2,106,211,human,honestly whatever about the announcement rn. mixed feelings for sure,human,0.9995,0.9995,0.0005
post_c6a2d2c4,user_00143,I'm excited to share insights on meditation. The evidence strongly suggests that outcomes improve with structured frameworks. This has profound implications for communities worldwide. Let's discuss how we can leverage this for positive impact.,2024-03-13T03:30:07.689781+00:00,twitter,,,68,1114,26,ai_generated,i'm excited to share insights on meditation. the evidence strongly suggests that outcomes improve with structured frameworks. this has profound implications for communities worldwide. let's discuss how we can leverage this for positive impact.,ai_generated,0.9992,0.0008,0.9992
post_aeeba4a2,user_00116,does anyone else feel like AI is totally overrated?,2024-02-22T11:21:15.814685+00:00,reddit,,post_d4cb2a1e,1,313,646,human,does anyone else feel like ai is totally overrated?,human,0.9995,0.9995,0.0005
post_6e885fe0,user_00299,"As we navigate the evolving landscape of healthcare, it becomes increasingly important to consider the multifaceted implications of resilience. A comprehensive framework for analysis should incorporate both qualitative feedback and behavioral patterns to yield meaningful insights.",2024-04-26T21:39:28.182385+00:00,facebook,,post_2850b529,17,220,207,ai_generated,"as we navigate the evolving landscape of healthcare, it becomes increasingly important to consider the multifaceted implications of resilience. a comprehensive framework for analysis should incorporate both qualitative feedback and behavioral patterns to yield meaningful insights.",ai_generated,0.9971,0.0029,0.9971
post_d0e57c3b,user_00014,unpopular opinion: mornings are fine. fight me,2024-04-19T15:44:18.075257+00:00,reddit,,,9,601,63,human,unpopular opinion: mornings are fine. fight me,human,0.9995,0.9995,0.0005
post_b83f9446,user_00220,"Key considerations for crypto: 1) Prioritize scalability from day one. 2) Build cross-functional alignment early. 3) Measure outcomes with clear KPIs. By addressing these dimensions, stakeholders can achieve sustainable outcomes aligned with organizational objectives.",2024-04-16T13:59:42.412259+00:00,twitter,,,12,641,14,ai_generated,"key considerations for crypto: 1) prioritize scalability from day one. 2) build cross-functional alignment early. 3) measure outcomes with clear kpis. by addressing these dimensions, stakeholders can achieve sustainable outcomes aligned with organizational objectives.",ai_generated,0.9991,0.0009,0.9991
post_f18f35a6,user_00248,The intersection of sustainability and customer experience presents significant opportunities for innovation. Organizations that prioritize agile methodologies will be well-positioned to capitalize on emerging trends in the coming quarters.,2024-04-15T20:37:15.730889+00:00,reddit,,post_b6d8530f,47,15991,395,ai_generated,the intersection of sustainability and customer experience presents significant opportunities for innovation. organizations that prioritize agile methodologies will be well-positioned to capitalize on emerging trends in the coming quarters.,ai_generated,0.9911,0.0089,0.9911
post_3f85f5e2,user_00295,unpopular opinion: coffee is overrated. fight me,2024-06-04T15:26:00.954036+00:00,reddit,,post_fbda380e,3,28,177,human,unpopular opinion: coffee is overrated. fight me,human,0.9995,0.9995,0.0005
post_12c461a3,user_00150,The intersection of artificial intelligence and talent management presents significant opportunities for innovation. Organizations that prioritize agile methodologies will be well-positioned to capitalize on emerging trends in the coming quarters.,2024-03-08T18:37:48.590001+00:00,twitter,,,43,2659,79,ai_generated,the intersection of artificial intelligence and talent management presents significant opportunities for innovation. organizations that prioritize agile methodologies will be well-positioned to capitalize on emerging trends in the coming quarters.,ai_generated,0.999,0.001,0.999
post_ae97899d,user_00167,unpopular opinion: coffee is overrated. fight me,2024-03-25T18:45:09.750278+00:00,facebook,,post_5c17c611,14,229,1589,human,unpopular opinion: coffee is overrated. fight me,human,0.9995,0.9995,0.0005
post_7ace0399,user_00094,throwback to that time when we got completely lost. good times fr,2024-05-01T12:02:31.859303+00:00,mastodon,,,9,19,66,human,throwback to that time when we got completely lost. good times fr,human,0.9995,0.9995,0.0005
post_aa1898ca,user_00010,The data clearly indicates that digital transformation is reshaping manufacturing. Forward-thinking leaders must adapt their strategies to remain competitive. Leveraging cloud infrastructure will be paramount in this transition.,2024-02-19T16:07:01.287952+00:00,facebook,,,22,1080,63,ai_generated,the data clearly indicates that digital transformation is reshaping manufacturing. forward-thinking leaders must adapt their strategies to remain competitive. leveraging cloud infrastructure will be paramount in this transition.,ai_generated,0.9964,0.0036,0.9964
post_7fbf817d,user_00200,ok why does everyone suddenly care about AI adoption? been saying this for years,2024-05-24T15:49:27.738073+00:00,mastodon,,,22,203,143,human,ok why does everyone suddenly care about ai adoption? been saying this for years,human,0.9991,0.9991,0.0009
post_a54cd05c,user_00199,does anyone else feel like remote work is totally overrated?,2024-05-30T03:02:16.450982+00:00,twitter,,post_548dd44c,7,128,10,human,does anyone else feel like remote work is totally overrated?,human,0.9994,0.9994,0.0006
post_961a5d34,user_00241,"As we navigate the evolving landscape of healthcare, it becomes increasingly important to consider the multifaceted implications of personalization. A comprehensive framework for analysis should incorporate both qualitative feedback and behavioral patterns to yield meaningful insights.",2024-01-21T20:54:31.327094+00:00,facebook,,,39,231,7,ai_generated,"as we navigate the evolving landscape of healthcare, it becomes increasingly important to consider the multifaceted implications of personalization. a comprehensive framework for analysis should incorporate both qualitative feedback and behavioral patterns to yield meaningful insights.",ai_generated,0.9992,0.0008,0.9992
post_2a36e97b,user_00123,just had the best biryani at my friend's place! totally worth it 😊,2024-01-13T20:48:13.148386+00:00,mastodon,,,7,117,74,human,just had the best biryani at my friend's place! totally worth it 😊,human,0.9995,0.9995,0.0005
post_70c2b5f5,user_00131,I'm excited to share insights on crypto. The evidence strongly suggests that adoption rates have accelerated significantly. This has profound implications for practitioners worldwide. Let's discuss how we can leverage this for positive impact.,2024-04-24T19:39:18.542141+00:00,reddit,,post_327837fe,9,2137,164,ai_generated,i'm excited to share insights on crypto. the evidence strongly suggests that adoption rates have accelerated significantly. this has profound implications for practitioners worldwide. let's discuss how we can leverage this for positive impact.,ai_generated,0.999,0.001,0.999
post_a9223cf8,user_00002,I'm excited to share insights on AI. The evidence strongly suggests that outcomes improve with structured frameworks. This has profound implications for organizations worldwide. Let's discuss how we can leverage this for positive impact.,2024-01-27T09:04:04.506437+00:00,facebook,,,44,8200,107,ai_generated,i'm excited to share insights on ai. the evidence strongly suggests that outcomes improve with structured frameworks. this has profound implications for organizations worldwide. let's discuss how we can leverage this for positive impact.,ai_generated,0.9992,0.0008,0.9992
post_51c65dd9,user_00156,you guys i just found out this has been happening for years. my whole life is a lie,2024-02-01T00:05:21.929925+00:00,facebook,,post_36c043d2,5,6,44,human,you guys i just found out this has been happening for years. my whole life is a lie,human,0.9993,0.9993,0.0007
post_d625942e,user_00023,throwback to that time when we stayed up all night talking. good times fr,2024-01-02T20:30:21.043821+00:00,twitter,,,5,18,238,human,throwback to that time when we stayed up all night talking. good times fr,human,0.9995,0.9995,0.0005
post_00aec6f4,user_00059,woke up at 5am for no reason and now i can't sleep. hate this,2024-05-28T05:30:29.363592+00:00,twitter,,,2,1114,33,human,woke up at 5am for no reason and now i can't sleep. hate this,human,0.9995,0.9995,0.0005
post_101ad90c,user_00236,The intersection of sustainability and talent management presents significant opportunities for innovation. Organizations that prioritize stakeholder alignment will be well-positioned to capitalize on emerging trends in the coming quarters.,2024-01-30T14:00:34.197277+00:00,mastodon,,,92,1101,150,ai_generated,the intersection of sustainability and talent management presents significant opportunities for innovation. organizations that prioritize stakeholder alignment will be well-positioned to capitalize on emerging trends in the coming quarters.,ai_generated,0.999,0.001,0.999
post_8e5aee89,user_00219,can't believe it's already November. where did the year go??,2024-03-16T01:41:32.459135+00:00,reddit,,,20,246,57,human,can't believe it's already november. where did the year go??,human,0.9992,0.9992,0.0008
post_13ffd452,user_00219,The intersection of digital transformation and supply chain optimization presents significant opportunities for innovation. Organizations that prioritize stakeholder alignment will be well-positioned to capitalize on emerging trends in the coming quarters.,2024-06-25T02:42:23.858027+00:00,reddit,,,19,814,58,ai_generated,the intersection of digital transformation and supply chain optimization presents significant opportunities for innovation. organizations that prioritize stakeholder alignment will be well-positioned to capitalize on emerging trends in the coming quarters.,ai_generated,0.999,0.001,0.999
post_89df4893,user_00192,The intersection of sustainability and customer experience presents significant opportunities for innovation. Organizations that prioritize stakeholder alignment will be well-positioned to capitalize on emerging trends in the coming quarters.,2024-05-15T00:06:36.796646+00:00,facebook,,,19,177,39,ai_generated,the intersection of sustainability and customer experience presents significant opportunities for innovation. organizations that prioritize stakeholder alignment will be well-positioned to capitalize on emerging trends in the coming quarters.,ai_generated,0.9982,0.0018,0.9982
post_e3cd814f,user_00220,can't believe it's already March. where did the year go??,2024-02-16T01:45:11.116794+00:00,mastodon,,,12,680,120,human,can't believe it's already march. where did the year go??,human,0.9994,0.9994,0.0006
post_6c8ceb91,user_00089,"Key considerations for meditation: 1) Prioritize scalability from day one. 2) Build cross-functional alignment early. 3) Measure outcomes with clear KPIs. By addressing these dimensions, stakeholders can achieve sustainable outcomes aligned with organizational objectives.",2024-04-26T14:39:49.300308+00:00,twitter,,post_ddfb4590,22,2096,16,ai_generated,"key considerations for meditation: 1) prioritize scalability from day one. 2) build cross-functional alignment early. 3) measure outcomes with clear kpis. by addressing these dimensions, stakeholders can achieve sustainable outcomes aligned with organizational objectives.",ai_generated,0.9992,0.0008,0.9992
post_93b10d55,user_00126,throwback to that time when we stayed up all night talking. good times fr,2024-03-23T12:47:53.470328+00:00,reddit,,,0,880,92,human,throwback to that time when we stayed up all night talking. good times fr,human,0.9995,0.9995,0.0005
post_d2e3d649,user_00271,I'm excited to share insights on AI. The evidence strongly suggests that outcomes improve with structured frameworks. This has profound implications for communities worldwide. Let's discuss how we can leverage this for positive impact.,2024-04-14T18:53:11.946665+00:00,facebook,,,46,685,93,ai_generated,i'm excited to share insights on ai. the evidence strongly suggests that outcomes improve with structured frameworks. this has profound implications for communities worldwide. let's discuss how we can leverage this for positive impact.,ai_generated,0.9971,0.0029,0.9971
post_0eec3018,user_00177,woke up at 4:30am for no reason and now i can't sleep. hate this,2024-02-11T15:42:07.362518+00:00,reddit,,,16,10,61,human,woke up at 4:30am for no reason and now i can't sleep. hate this,human,0.9995,0.9995,0.0005
post_3b2efa9f,user_00121,does anyone else feel like meditation is totally overrated?,2024-04-09T17:59:29.178112+00:00,reddit,,post_4ba440ff,34,36,140,human,does anyone else feel like meditation is totally overrated?,human,0.9994,0.9994,0.0006
post_8a9adac2,user_00295,"Key considerations for remote work: 1) Prioritize scalability from day one. 2) Build cross-functional alignment early. 3) Measure outcomes with clear KPIs. By addressing these dimensions, stakeholders can achieve sustainable outcomes aligned with organizational objectives.",2024-04-02T07:18:33.361917+00:00,twitter,,,33,10807,30,ai_generated,"key considerations for remote work: 1) prioritize scalability from day one. 2) build cross-functional alignment early. 3) measure outcomes with clear kpis. by addressing these dimensions, stakeholders can achieve sustainable outcomes aligned with organizational objectives.",ai_generated,0.9992,0.0008,0.9992
post_dda76953,user_00055,"Key considerations for veganism: 1) Prioritize scalability from day one. 2) Build cross-functional alignment early. 3) Measure outcomes with clear KPIs. By addressing these dimensions, stakeholders can achieve sustainable outcomes aligned with organizational objectives.",2024-05-04T19:24:12.329781+00:00,facebook,,,3,3941,40,ai_generated,"key considerations for veganism: 1) prioritize scalability from day one. 2) build cross-functional alignment early. 3) measure outcomes with clear kpis. by addressing these dimensions, stakeholders can achieve sustainable outcomes aligned with organizational objectives.",ai_generated,0.9987,0.0013,0.9987
post_2c3340ff,user_00194,The data clearly indicates that digital transformation is reshaping healthcare. Forward-thinking leaders must adapt their strategies to remain competitive. Leveraging machine learning will be paramount in this transition.,2024-01-18T13:17:14.140618+00:00,reddit,,,10,2210,87,ai_generated,the data clearly indicates that digital transformation is reshaping healthcare. forward-thinking leaders must adapt their strategies to remain competitive. leveraging machine learning will be paramount in this transition.,ai_generated,0.9979,0.0021,0.9979
post_63e967b4,user_00123,The data clearly indicates that AI adoption is reshaping manufacturing. Forward-thinking leaders must adapt their strategies to remain competitive. Leveraging automation tools will be paramount in this transition.,2024-06-29T23:46:15.190977+00:00,mastodon,,,33,183,31,ai_generated,the data clearly indicates that ai adoption is reshaping manufacturing. forward-thinking leaders must adapt their strategies to remain competitive. leveraging automation tools will be paramount in this transition.,ai_generated,0.9975,0.0025,0.9975
post_eb265d96,user_00110,"As we navigate the evolving landscape of finance, it becomes increasingly important to consider the multifaceted implications of resilience. A comprehensive framework for analysis should incorporate both quantitative metrics and regulatory frameworks to yield meaningful insights.",2024-03-15T23:16:27.279211+00:00,facebook,,post_0d99cd22,15,1175,13,ai_generated,"as we navigate the evolving landscape of finance, it becomes increasingly important to consider the multifaceted implications of resilience. a comprehensive framework for analysis should incorporate both quantitative metrics and regulatory frameworks to yield meaningful insights.",ai_generated,0.9992,0.0008,0.9992
post_bab83ff4,user_00171,throwback to that time when we stayed up all night talking. good times fr,2024-05-23T02:34:52.557501+00:00,twitter,,,4,9963,64,human,throwback to that time when we stayed up all night talking. good times fr,human,0.9991,0.9991,0.0009
post_05c7d56a,user_00239,I'm excited to share insights on crypto. The evidence strongly suggests that adoption rates have accelerated significantly. This has profound implications for communities worldwide. Let's discuss how we can leverage this for positive impact.,2024-06-05T10:38:51.701087+00:00,reddit,,,30,425,156,ai_generated,i'm excited to share insights on crypto. the evidence strongly suggests that adoption rates have accelerated significantly. this has profound implications for communities worldwide. let's discuss how we can leverage this for positive impact.,ai_generated,0.999,0.001,0.999
post_094360c3,user_00174,does anyone else feel like remote work is totally overrated?,2024-05-27T12:40:39.107907+00:00,facebook,,,26,1083,133,human,does anyone else feel like remote work is totally overrated?,human,0.9973,0.9973,0.0027
post_914c337b,user_00111,just had the best pasta at this tiny spot downtown! totally worth it 😊,2024-01-14T21:05:50.216571+00:00,facebook,,,3,55,926,human,just had the best pasta at this tiny spot downtown! totally worth it 😊,human,0.9995,0.9995,0.0005
post_87eaad89,user_00078,unpopular opinion: open offices are terrible. fight me,2024-05-05T03:31:04.886836+00:00,mastodon,,post_8b30505f,0,792,51,human,unpopular opinion: open offices are terrible. fight me,human,0.9995,0.9995,0.0005
post_a744e397,user_00212,I'm excited to share insights on remote work. The evidence strongly suggests that adoption rates have accelerated significantly. This has profound implications for practitioners worldwide. Let's discuss how we can leverage this for positive impact.,2024-01-19T02:18:14.057573+00:00,reddit,,post_55059053,26,749,10,ai_generated,i'm excited to share insights on remote work. the evidence strongly suggests that adoption rates have accelerated significantly. this has profound implications for practitioners worldwide. let's discuss how we can leverage this for positive impact.,ai_generated,0.9991,0.0009,0.9991
post_9a93a537,user_00026,unpopular opinion: mornings are fine. fight me,2024-01-15T12:44:15.865693+00:00,facebook,,,9,30,202,human,unpopular opinion: mornings are fine. fight me,human,0.9995,0.9995,0.0005
post_87c746b3,user_00139,just had the best sushi at a random food truck! totally worth it 😊,2024-01-30T22:05:08.019251+00:00,reddit,,,0,102,293,human,just had the best sushi at a random food truck! totally worth it 😊,human,0.9995,0.9995,0.0005
post_92d8c8e9,user_00254,woke up at 5am for no reason and now i can't sleep. hate this,2024-05-19T12:14:19.824585+00:00,reddit,,,7,194,30,human,woke up at 5am for no reason and now i can't sleep. hate this,human,0.9995,0.9995,0.0005
post_b0afb1ca,user_00223,"As we navigate the evolving landscape of education, it becomes increasingly important to consider the multifaceted implications of resilience. A comprehensive framework for analysis should incorporate both qualitative feedback and technological constraints to yield meaningful insights.",2024-06-09T21:44:36.221044+00:00,twitter,,,38,1859,74,ai_generated,"as we navigate the evolving landscape of education, it becomes increasingly important to consider the multifaceted implications of resilience. a comprehensive framework for analysis should incorporate both qualitative feedback and technological constraints to yield meaningful insights.",ai_generated,0.9992,0.0008,0.9992
post_0728a9fb,user_00172,The data clearly indicates that remote collaboration is reshaping retail. Forward-thinking leaders must adapt their strategies to remain competitive. Leveraging automation tools will be paramount in this transition.,2024-04-25T11:00:29.030842+00:00,twitter,,post_525ff7ae,12,2138,8,ai_generated,the data clearly indicates that remote collaboration is reshaping retail. forward-thinking leaders must adapt their strategies to remain competitive. leveraging automation tools will be paramount in this transition.,ai_generated,0.9988,0.0012,0.9988
post_afbc858a,user_00131,woke up at 4:30am for no reason and now i can't sleep. hate this,2024-02-19T18:18:11.771710+00:00,reddit,,,12,241,60,human,woke up at 4:30am for no reason and now i can't sleep. hate this,human,0.9995,0.9995,0.0005
post_71ffbf9c,user_00097,throwback to that time when we stayed up all night talking. good times fr,2024-02-03T12:53:21.277060+00:00,mastodon,,,8,29,156,human,throwback to that time when we stayed up all night talking. good times fr,human,0.9995,0.9995,0.0005
post_1c26d308,user_00021,unpopular opinion: open offices are terrible. fight me,2024-02-21T17:15:30.308801+00:00,facebook,,,15,80,92,human,unpopular opinion: open offices are terrible. fight me,human,0.9995,0.9995,0.0005
post_98f09f4a,user_00276,"Key considerations for AI: 1) Prioritize scalability from day one. 2) Build cross-functional alignment early. 3) Measure outcomes with clear KPIs. By addressing these dimensions, stakeholders can achieve sustainable outcomes aligned with organizational objectives.",2024-03-03T14:20:31.871114+00:00,mastodon,,post_75828ff8,20,852,29,ai_generated,"key considerations for ai: 1) prioritize scalability from day one. 2) build cross-functional alignment early. 3) measure outcomes with clear kpis. by addressing these dimensions, stakeholders can achieve sustainable outcomes aligned with organizational objectives.",ai_generated,0.9991,0.0009,0.9991
post_e85da3ca,user_00111,just had the best biryani at my friend's place! totally worth it 😊,2024-02-07T14:19:25.494813+00:00,facebook,,,1,203,260,human,just had the best biryani at my friend's place! totally worth it 😊,human,0.9995,0.9995,0.0005
post_866e5d60,user_00238,"As we navigate the evolving landscape of healthcare, it becomes increasingly important to consider the multifaceted implications of scalability. A comprehensive framework for analysis should incorporate both quantitative metrics and regulatory frameworks to yield meaningful insights.",2024-04-29T00:09:30.180509+00:00,twitter,,,42,3549,26,ai_generated,"as we navigate the evolving landscape of healthcare, it becomes increasingly important to consider the multifaceted implications of scalability. a comprehensive framework for analysis should incorporate both quantitative metrics and regulatory frameworks to yield meaningful insights.",ai_generated,0.9992,0.0008,0.9992
post_8bf331be,user_00117,I'm excited to share insights on remote work. The evidence strongly suggests that adoption rates have accelerated significantly. This has profound implications for organizations worldwide. Let's discuss how we can leverage this for positive impact.,2024-05-30T01:38:32.330340+00:00,facebook,,,63,353,21,ai_generated,i'm excited to share insights on remote work. the evidence strongly suggests that adoption rates have accelerated significantly. this has profound implications for organizations worldwide. let's discuss how we can leverage this for positive impact.,ai_generated,0.9991,0.0009,0.9991
post_b88e85b3,user_00190,you guys i just found out this has been happening for years. my whole life is a lie,2024-02-15T04:04:35.035404+00:00,reddit,,post_83b7e320,3,865,10,human,you guys i just found out this has been happening for years. my whole life is a lie,human,0.9981,0.9981,0.0019
post_5b6963a0,user_00150,"As we navigate the evolving landscape of education, it becomes increasingly important to consider the multifaceted implications of resilience. A comprehensive framework for analysis should incorporate both qualitative feedback and technological constraints to yield meaningful insights.",2024-04-30T14:06:49.398504+00:00,facebook,,,57,431,34,ai_generated,"as we navigate the evolving landscape of education, it becomes increasingly important to consider the multifaceted implications of resilience. a comprehensive framework for analysis should incorporate both qualitative feedback and technological constraints to yield meaningful insights.",ai_generated,0.9992,0.0008,0.9992
post_75828ff8,user_00041,throwback to that time when we got completely lost. good times fr,2024-05-03T21:09:50.759350+00:00,reddit,,,3,32,60,human,throwback to that time when we got completely lost. good times fr,human,0.9995,0.9995,0.0005
post_fc817684,user_00155,can't believe it's already March. where did the year go??,2024-03-30T10:33:04.724898+00:00,mastodon,,,0,755,139,human,can't believe it's already march. where did the year go??,human,0.9995,0.9995,0.0005
post_bc759e38,user_00044,you guys i just found out I misunderstood everything. my whole life is a lie,2024-04-12T21:52:00.626423+00:00,twitter,,,9,660,288,human,you guys i just found out i misunderstood everything. my whole life is a lie,human,0.9991,0.9991,0.0009
post_e0cc0237,user_00240,you guys i just found out I misunderstood everything. my whole life is a lie,2024-05-19T02:26:16.137060+00:00,mastodon,,,5,47,11,human,you guys i just found out i misunderstood everything. my whole life is a lie,human,0.9991,0.9991,0.0009
post_34cf65ae,user_00233,The intersection of digital transformation and customer experience presents significant opportunities for innovation. Organizations that prioritize agile methodologies will be well-positioned to capitalize on emerging trends in the coming quarters.,2024-05-16T12:49:58.037276+00:00,reddit,,,29,1091,10,ai_generated,the intersection of digital transformation and customer experience presents significant opportunities for innovation. organizations that prioritize agile methodologies will be well-positioned to capitalize on emerging trends in the coming quarters.,ai_generated,0.9991,0.0009,0.9991
post_8f5bac52,user_00212,unpopular opinion: open offices are terrible. fight me,2024-05-12T02:10:03.547338+00:00,twitter,,,19,24,44,human,unpopular opinion: open offices are terrible. fight me,human,0.9995,0.9995,0.0005
post_5f58cacb,user_00076,"Key considerations for remote work: 1) Prioritize scalability from day one. 2) Build cross-functional alignment early. 3) Measure outcomes with clear KPIs. By addressing these dimensions, stakeholders can achieve sustainable outcomes aligned with organizational objectives.",2024-06-09T16:22:13.348712+00:00,facebook,,,27,504,42,ai_generated,"key considerations for remote work: 1) prioritize scalability from day one. 2) build cross-functional alignment early. 3) measure outcomes with clear kpis. by addressing these dimensions, stakeholders can achieve sustainable outcomes aligned with organizational objectives.",ai_generated,0.9991,0.0009,0.9991
post_b59fed9c,user_00097,my hamster is being so annoying today lmao,2024-02-11T21:14:14.854116+00:00,reddit,,,13,183,309,human,my hamster is being so annoying today lmao,human,0.9995,0.9995,0.0005
post_417626d5,user_00196,The intersection of digital transformation and customer experience presents significant opportunities for innovation. Organizations that prioritize agile methodologies will be well-positioned to capitalize on emerging trends in the coming quarters.,2024-02-02T02:42:14.152225+00:00,twitter,,,6,1029,9,ai_generated,the intersection of digital transformation and customer experience presents significant opportunities for innovation. organizations that prioritize agile methodologies will be well-positioned to capitalize on emerging trends in the coming quarters.,ai_generated,0.9989,0.0011,0.9989
post_2dada34f,user_00275,you guys i just found out this has been happening for years. my whole life is a lie,2024-04-29T19:21:55.223905+00:00,reddit,,,23,93,155,human,you guys i just found out this has been happening for years. my whole life is a lie,human,0.999,0.999,0.001
post_c95bdf5e,user_00138,can't believe it's already March. where did the year go??,2024-03-14T11:47:32.680965+00:00,reddit,,post_12240a74,3,179,726,human,can't believe it's already march. where did the year go??,human,0.9995,0.9995,0.0005
post_ad6c7e8f,user_00167,I'm excited to share insights on meditation. The evidence strongly suggests that outcomes improve with structured frameworks. This has profound implications for organizations worldwide. Let's discuss how we can leverage this for positive impact.,2024-03-23T04:03:56.608944+00:00,mastodon,,,33,1466,100,ai_generated,i'm excited to share insights on meditation. the evidence strongly suggests that outcomes improve with structured frameworks. this has profound implications for organizations worldwide. let's discuss how we can leverage this for positive impact.,ai_generated,0.9991,0.0009,0.9991
post_d9b038f6,user_00002,does anyone else feel like crypto is totally overrated?,2024-05-09T04:33:23.604677+00:00,facebook,,,2,92,45,human,does anyone else feel like crypto is totally overrated?,human,0.9995,0.9995,0.0005
post_1bbdbdbf,user_00053,you guys i just found out I misunderstood everything. my whole life is a lie,2024-06-19T03:17:03.793396+00:00,reddit,,,18,121,77,human,you guys i just found out i misunderstood everything. my whole life is a lie,human,0.9969,0.9969,0.0031
post_375dcff5,user_00160,ok why does everyone suddenly care about digital transformation? been saying this for years,2024-05-03T10:09:20.921801+00:00,mastodon,,post_9e86ec8f,5,39,231,human,ok why does everyone suddenly care about digital transformation? been saying this for years,human,0.9991,0.9991,0.0009
post_89191dc9,user_00065,I'm excited to share insights on AI. The evidence strongly suggests that outcomes improve with structured frameworks. This has profound implications for practitioners worldwide. Let's discuss how we can leverage this for positive impact.,2024-03-26T07:20:58.466374+00:00,reddit,,post_187a6ad7,23,586,17,ai_generated,i'm excited to share insights on ai. the evidence strongly suggests that outcomes improve with structured frameworks. this has profound implications for practitioners worldwide. let's discuss how we can leverage this for positive impact.,ai_generated,0.9991,0.0009,0.9991
post_51b15a7c,user_00005,you guys i just found out I misunderstood everything. my whole life is a lie,2024-02-11T18:02:29.465006+00:00,facebook,,,1,130,364,human,you guys i just found out i misunderstood everything. my whole life is a lie,human,0.9994,0.9994,0.0006
post_675b5a42,user_00272,I'm excited to share insights on meditation. The evidence strongly suggests that adoption rates have accelerated significantly. This has profound implications for communities worldwide. Let's discuss how we can leverage this for positive impact.,2024-05-04T06:21:07.366539+00:00,facebook,,,69,562,47,ai_generated,i'm excited to share insights on meditation. the evidence strongly suggests that adoption rates have accelerated significantly. this has profound implications for communities worldwide. let's discuss how we can leverage this for positive impact.,ai_generated,0.9991,0.0009,0.9991
post_e99888af,user_00218,my cat is being so annoying today lmao,2024-02-06T03:06:53.727567+00:00,mastodon,,,11,141,23,human,my cat is being so annoying today lmao,human,0.9995,0.9995,0.0005
post_89cd0d8b,user_00052,The intersection of sustainability and supply chain optimization presents significant opportunities for innovation. Organizations that prioritize data-driven decision-making will be well-positioned to capitalize on emerging trends in the coming quarters.,2024-04-27T12:22:50.938681+00:00,mastodon,,,14,6599,158,ai_generated,the intersection of sustainability and supply chain optimization presents significant opportunities for innovation. organizations that prioritize data-driven decision-making will be well-positioned to capitalize on emerging trends in the coming quarters.,ai_generated,0.9991,0.0009,0.9991
post_e6f7512d,user_00001,"As we navigate the evolving landscape of healthcare, it becomes increasingly important to consider the multifaceted implications of personalization. A comprehensive framework for analysis should incorporate both qualitative feedback and regulatory frameworks to yield meaningful insights.",2024-01-31T14:10:21.584040+00:00,reddit,,,15,2445,4,ai_generated,"as we navigate the evolving landscape of healthcare, it becomes increasingly important to consider the multifaceted implications of personalization. a comprehensive framework for analysis should incorporate both qualitative feedback and regulatory frameworks to yield meaningful insights.",ai_generated,0.9992,0.0008,0.9992
post_69353b7e,user_00148,can't believe it's already March. where did the year go??,2024-06-22T17:25:52.645000+00:00,mastodon,,post_2a2d4f27,4,831,31,human,can't believe it's already march. where did the year go??,human,0.9994,0.9994,0.0006
post_64ec0971,user_00001,honestly nervous about the announcement rn. mixed feelings for sure,2024-05-05T23:55:46.046895+00:00,twitter,,,1,17,33,human,honestly nervous about the announcement rn. mixed feelings for sure,human,0.9995,0.9995,0.0005
post_ae36ee10,user_00013,"As we navigate the evolving landscape of education, it becomes increasingly important to consider the multifaceted implications of personalization. A comprehensive framework for analysis should incorporate both qualitative feedback and behavioral patterns to yield meaningful insights.",2024-02-27T15:59:07.190108+00:00,twitter,,,3,1091,74,ai_generated,"as we navigate the evolving landscape of education, it becomes increasingly important to consider the multifaceted implications of personalization. a comprehensive framework for analysis should incorporate both qualitative feedback and behavioral patterns to yield meaningful insights.",ai_generated,0.9987,0.0013,0.9987
post_0dd2d70d,user_00149,you guys i just found out I misunderstood everything. my whole life is a lie,2024-02-20T04:08:55.395869+00:00,mastodon,,,2,169,297,human,you guys i just found out i misunderstood everything. my whole life is a lie,human,0.9993,0.9993,0.0007
post_da8184f4,user_00159,The data clearly indicates that digital transformation is reshaping healthcare. Forward-thinking leaders must adapt their strategies to remain competitive. Leveraging automation tools will be paramount in this transition.,2024-04-02T15:44:34.883067+00:00,facebook,,,32,193,25,ai_generated,the data clearly indicates that digital transformation is reshaping healthcare. forward-thinking leaders must adapt their strategies to remain competitive. leveraging automation tools will be paramount in this transition.,ai_generated,0.9981,0.0019,0.9981
post_cd179d1e,user_00226,"As we navigate the evolving landscape of finance, it becomes increasingly important to consider the multifaceted implications of scalability. A comprehensive framework for analysis should incorporate both market signals and regulatory frameworks to yield meaningful insights.",2024-03-26T13:34:33.948830+00:00,mastodon,,,61,10316,27,ai_generated,"as we navigate the evolving landscape of finance, it becomes increasingly important to consider the multifaceted implications of scalability. a comprehensive framework for analysis should incorporate both market signals and regulatory frameworks to yield meaningful insights.",ai_generated,0.9992,0.0008,0.9992
post_1e785efd,user_00137,"As we navigate the evolving landscape of healthcare, it becomes increasingly important to consider the multifaceted implications of resilience. A comprehensive framework for analysis should incorporate both qualitative feedback and behavioral patterns to yield meaningful insights.",2024-02-06T17:26:48.754365+00:00,twitter,,,36,726,30,ai_generated,"as we navigate the evolving landscape of healthcare, it becomes increasingly important to consider the multifaceted implications of resilience. a comprehensive framework for analysis should incorporate both qualitative feedback and behavioral patterns to yield meaningful insights.",ai_generated,0.9992,0.0008,0.9992
post_61181faf,user_00258,my fish is being so annoying today lmao,2024-06-25T14:35:50.243815+00:00,twitter,,,4,109,49,human,my fish is being so annoying today lmao,human,0.9995,0.9995,0.0005
post_72454dec,user_00063,throwback to that time when we got completely lost. good times fr,2024-01-20T09:43:26.091899+00:00,mastodon,,post_1fd70973,0,29,29,human,throwback to that time when we got completely lost. good times fr,human,0.9995,0.9995,0.0005
post_bea53ca2,user_00138,ok why does everyone suddenly care about remote collaboration? been saying this for years,2024-02-21T12:08:31.102505+00:00,mastodon,,,2,90,74,human,ok why does everyone suddenly care about remote collaboration? been saying this for years,human,0.9992,0.9992,0.0008
post_01c8a9ed,user_00006,I'm excited to share insights on AI. The evidence strongly suggests that outcomes improve with structured frameworks. This has profound implications for organizations worldwide. Let's discuss how we can leverage this for positive impact.,2024-03-29T17:00:45.133733+00:00,twitter,,,50,1541,37,ai_generated,i'm excited to share insights on ai. the evidence strongly suggests that outcomes improve with structured frameworks. this has profound implications for organizations worldwide. let's discuss how we can leverage this for positive impact.,ai_generated,0.9991,0.0009,0.9991
post_61893bef,user_00200,"Key considerations for crypto: 1) Prioritize scalability from day one. 2) Build cross-functional alignment early. 3) Measure outcomes with clear KPIs. By addressing these dimensions, stakeholders can achieve sustainable outcomes aligned with organizational objectives.",2024-06-19T14:26:51.987670+00:00,reddit,,,29,1000,15,ai_generated,"key considerations for crypto: 1) prioritize scalability from day one. 2) build cross-functional alignment early. 3) measure outcomes with clear kpis. by addressing these dimensions, stakeholders can achieve sustainable outcomes aligned with organizational objectives.",ai_generated,0.9991,0.0009,0.9991
post_09a476f4,user_00005,does anyone else feel like meditation is totally overrated?,2024-03-14T11:25:20.865676+00:00,mastodon,,,2,1754,181,human,does anyone else feel like meditation is totally overrated?,human,0.9994,0.9994,0.0006
post_c9a9d799,user_00224,I'm excited to share insights on remote work. The evidence strongly suggests that adoption rates have accelerated significantly. This has profound implications for organizations worldwide. Let's discuss how we can leverage this for positive impact.,2024-01-21T08:45:22.590348+00:00,twitter,,,46,752,10,ai_generated,i'm excited to share insights on remote work. the evidence strongly suggests that adoption rates have accelerated significantly. this has profound implications for organizations worldwide. let's discuss how we can leverage this for positive impact.,ai_generated,0.9992,0.0008,0.9992
post_8d597082,user_00175,does anyone else feel like AI is totally overrated?,2024-05-10T13:29:57.582002+00:00,mastodon,,,9,62,21,human,does anyone else feel like ai is totally overrated?,human,0.9995,0.9995,0.0005
post_4a5b0501,user_00237,unpopular opinion: open offices are terrible. fight me,2024-06-08T15:46:38.049855+00:00,mastodon,,,1,52,138,human,unpopular opinion: open offices are terrible. fight me,human,0.9995,0.9995,0.0005
post_45f29351,user_00275,"Key considerations for veganism: 1) Prioritize scalability from day one. 2) Build cross-functional alignment early. 3) Measure outcomes with clear KPIs. By addressing these dimensions, stakeholders can achieve sustainable outcomes aligned with organizational objectives.",2024-03-05T16:23:41.442229+00:00,reddit,,,13,1221,39,ai_generated,"key considerations for veganism: 1) prioritize scalability from day one. 2) build cross-functional alignment early. 3) measure outcomes with clear kpis. by addressing these dimensions, stakeholders can achieve sustainable outcomes aligned with organizational objectives.",ai_generated,0.9991,0.0009,0.9991
post_5e6c5bf3,user_00284,my cat is being so annoying today lmao,2024-03-08T19:27:19.426736+00:00,facebook,,,1,51,51,human,my cat is being so annoying today lmao,human,0.9995,0.9995,0.0005
post_8be27f66,user_00093,you guys i just found out I misunderstood everything. my whole life is a lie,2024-05-31T13:59:40.671651+00:00,mastodon,,post_cd6c3ce4,1,298,57,human,you guys i just found out i misunderstood everything. my whole life is a lie,human,0.998,0.998,0.002
post_381e80e5,user_00261,"As we navigate the evolving landscape of education, it becomes increasingly important to consider the multifaceted implications of personalization. A comprehensive framework for analysis should incorporate both quantitative metrics and regulatory frameworks to yield meaningful insights.",2024-06-11T16:40:40.420983+00:00,twitter,,,22,514,8,ai_generated,"as we navigate the evolving landscape of education, it becomes increasingly important to consider the multifaceted implications of personalization. a comprehensive framework for analysis should incorporate both quantitative metrics and regulatory frameworks to yield meaningful insights.",ai_generated,0.9992,0.0008,0.9992
post_1df3ef24,user_00015,The data clearly indicates that remote collaboration is reshaping finance. Forward-thinking leaders must adapt their strategies to remain competitive. Leveraging machine learning will be paramount in this transition.,2024-02-13T10:37:03.841507+00:00,facebook,,,37,2336,72,ai_generated,the data clearly indicates that remote collaboration is reshaping finance. forward-thinking leaders must adapt their strategies to remain competitive. leveraging machine learning will be paramount in this transition.,ai_generated,0.9986,0.0014,0.9986
post_3fb55355,user_00263,honestly whatever about what happened yesterday rn. mixed feelings for sure,2024-01-12T03:34:08.200600+00:00,facebook,,,10,49,208,human,honestly whatever about what happened yesterday rn. mixed feelings for sure,human,0.9994,0.9994,0.0006
post_6bd0da59,user_00169,woke up at 5am for no reason and now i can't sleep. hate this,2024-05-28T03:38:22.355755+00:00,twitter,,,19,8,174,human,woke up at 5am for no reason and now i can't sleep. hate this,human,0.9995,0.9995,0.0005
post_c4efefe2,user_00088,The intersection of digital transformation and talent management presents significant opportunities for innovation. Organizations that prioritize data-driven decision-making will be well-positioned to capitalize on emerging trends in the coming quarters.,2024-04-08T11:17:20.025737+00:00,twitter,,,36,2806,22,ai_generated,the intersection of digital transformation and talent management presents significant opportunities for innovation. organizations that prioritize data-driven decision-making will be well-positioned to capitalize on emerging trends in the coming quarters.,ai_generated,0.9991,0.0009,0.9991
post_49a10ab8,user_00082,honestly nervous about what happened yesterday rn. mixed feelings for sure,2024-04-06T13:02:14.912257+00:00,twitter,,,14,29,18,human,honestly nervous about what happened yesterday rn. mixed feelings for sure,human,0.9993,0.9993,0.0007
post_ef013b75,user_00289,"Key considerations for crypto: 1) Prioritize scalability from day one. 2) Build cross-functional alignment early. 3) Measure outcomes with clear KPIs. By addressing these dimensions, stakeholders can achieve sustainable outcomes aligned with organizational objectives.",2024-06-16T06:34:38.972752+00:00,facebook,,,25,1199,51,ai_generated,"key considerations for crypto: 1) prioritize scalability from day one. 2) build cross-functional alignment early. 3) measure outcomes with clear kpis. by addressing these dimensions, stakeholders can achieve sustainable outcomes aligned with organizational objectives.",ai_generated,0.9991,0.0009,0.9991
post_6ba40506,user_00132,just had the best tacos at my friend's place! totally worth it 😊,2024-01-29T10:03:25.891615+00:00,mastodon,,,9,3420,134,human,just had the best tacos at my friend's place! totally worth it 😊,human,0.9994,0.9994,0.0006
post_418f5bb4,user_00196,"Key considerations for meditation: 1) Prioritize scalability from day one. 2) Build cross-functional alignment early. 3) Measure outcomes with clear KPIs. By addressing these dimensions, stakeholders can achieve sustainable outcomes aligned with organizational objectives.",2024-02-16T18:28:24.136830+00:00,twitter,,,34,873,16,ai_generated,"key considerations for meditation: 1) prioritize scalability from day one. 2) build cross-functional alignment early. 3) measure outcomes with clear kpis. by addressing these dimensions, stakeholders can achieve sustainable outcomes aligned with organizational objectives.",ai_generated,0.9992,0.0008,0.9992
post_655b34cc,user_00018,ok why does everyone suddenly care about digital transformation? been saying this for years,2024-01-14T09:42:23.675599+00:00,mastodon,,,1,165,94,human,ok why does everyone suddenly care about digital transformation? been saying this for years,human,0.999,0.999,0.001
post_d6311c95,user_00150,unpopular opinion: coffee is overrated. fight me,2024-06-29T05:00:04.857146+00:00,reddit,,,2,118,21,human,unpopular opinion: coffee is overrated. fight me,human,0.9995,0.9995,0.0005
post_70823584,user_00219,can't believe it's already August. where did the year go??,2024-05-12T17:30:34.281800+00:00,reddit,,,3,298,57,human,can't believe it's already august. where did the year go??,human,0.9994,0.9994,0.0006
post_b65d42d6,user_00067,throwback to that time when we stayed up all night talking. good times fr,2024-01-18T19:11:08.791057+00:00,mastodon,,,1,480,71,human,throwback to that time when we stayed up all night talking. good times fr,human,0.9995,0.9995,0.0005
post_c0e1eeaf,user_00130,ok why does everyone suddenly care about AI adoption? been saying this for years,2024-01-30T13:46:24.763617+00:00,facebook,,,6,451,9,human,ok why does everyone suddenly care about ai adoption? been saying this for years,human,0.9988,0.9988,0.0012
post_80ceff6c,user_00065,woke up at 4:30am for no reason and now i can't sleep. hate this,2024-06-29T14:15:27.982899+00:00,reddit,,,9,4,711,human,woke up at 4:30am for no reason and now i can't sleep. hate this,human,0.9995,0.9995,0.0005
post_0e4c6b5e,user_00120,The intersection of sustainability and supply chain optimization presents significant opportunities for innovation. Organizations that prioritize agile methodologies will be well-positioned to capitalize on emerging trends in the coming quarters.,2024-03-01T10:51:50.530763+00:00,reddit,,,43,848,18,ai_generated,the intersection of sustainability and supply chain optimization presents significant opportunities for innovation. organizations that prioritize agile methodologies will be well-positioned to capitalize on emerging trends in the coming quarters.,ai_generated,0.999,0.001,0.999
post_137dd66b,user_00067,my hamster is being so annoying today lmao,2024-03-20T14:31:49.729927+00:00,reddit,,,33,27,148,human,my hamster is being so annoying today lmao,human,0.9995,0.9995,0.0005
post_843de2f8,user_00105,I'm excited to share insights on veganism. The evidence strongly suggests that outcomes improve with structured frameworks. This has profound implications for practitioners worldwide. Let's discuss how we can leverage this for positive impact.,2024-01-30T21:37:03.028703+00:00,twitter,,,46,295,95,ai_generated,i'm excited to share insights on veganism. the evidence strongly suggests that outcomes improve with structured frameworks. this has profound implications for practitioners worldwide. let's discuss how we can leverage this for positive impact.,ai_generated,0.999,0.001,0.999
post_20607df1,user_00261,you guys i just found out I misunderstood everything. my whole life is a lie,2024-05-24T00:45:31.657687+00:00,mastodon,,,13,21,146,human,you guys i just found out i misunderstood everything. my whole life is a lie,human,0.9993,0.9993,0.0007
post_9b2ea550,user_00206,just had the best ramen at my friend's place! totally worth it 😊,2024-03-12T07:54:04.623912+00:00,reddit,,post_dfe92751,8,9,39,human,just had the best ramen at my friend's place! totally worth it 😊,human,0.9995,0.9995,0.0005
post_ab6dfb56,user_00161,does anyone else feel like AI is totally overrated?,2024-01-14T14:24:20.117007+00:00,mastodon,,,29,81,28,human,does anyone else feel like ai is totally overrated?,human,0.9995,0.9995,0.0005
post_41eb1bc7,user_00256,The data clearly indicates that remote collaboration is reshaping finance. Forward-thinking leaders must adapt their strategies to remain competitive. Leveraging automation tools will be paramount in this transition.,2024-02-06T09:35:50.024072+00:00,mastodon,,,41,6324,29,ai_generated,the data clearly indicates that remote collaboration is reshaping finance. forward-thinking leaders must adapt their strategies to remain competitive. leveraging automation tools will be paramount in this transition.,ai_generated,0.999,0.001,0.999
post_9b637d28,user_00163,ok why does everyone suddenly care about digital transformation? been saying this for years,2024-05-20T21:11:52.386218+00:00,facebook,,,3,470,153,human,ok why does everyone suddenly care about digital transformation? been saying this for years,human,0.999,0.999,0.001
post_f2c4ae7c,user_00153,throwback to that time when we stayed up all night talking. good times fr,2024-01-01T02:15:12.328761+00:00,twitter,,,1,98,754,human,throwback to that time when we stayed up all night talking. good times fr,human,0.9995,0.9995,0.0005
post_4c08d189,user_00279,does anyone else feel like AI is totally overrated?,2024-01-14T10:06:05.590816+00:00,twitter,,,21,763,45,human,does anyone else feel like ai is totally overrated?,human,0.9994,0.9994,0.0006
post_9fdf53ff,user_00058,can't believe it's already November. where did the year go??,2024-06-21T12:28:35.624424+00:00,facebook,,,9,1258,12,human,can't believe it's already november. where did the year go??,human,0.999,0.999,0.001
post_fb6435b4,user_00205,"Key considerations for AI: 1) Prioritize scalability from day one. 2) Build cross-functional alignment early. 3) Measure outcomes with clear KPIs. By addressing these dimensions, stakeholders can achieve sustainable outcomes aligned with organizational objectives.",2024-01-31T12:07:15.135864+00:00,reddit,,,56,6062,54,ai_generated,"key considerations for ai: 1) prioritize scalability from day one. 2) build cross-functional alignment early. 3) measure outcomes with clear kpis. by addressing these dimensions, stakeholders can achieve sustainable outcomes aligned with organizational objectives.",ai_generated,0.9992,0.0008,0.9992
post_c37ccc9f,user_00256,honestly nervous about what happened yesterday rn. mixed feelings for sure,2024-04-14T05:47:36.010846+00:00,mastodon,,,3,344,43,human,honestly nervous about what happened yesterday rn. mixed feelings for sure,human,0.9993,0.9993,0.0007
post_4cdbeb8d,user_00163,you guys i just found out I misunderstood everything. my whole life is a lie,2024-02-12T11:33:07.043189+00:00,mastodon,,,10,2705,91,human,you guys i just found out i misunderstood everything. my whole life is a lie,human,0.9984,0.9984,0.0016
post_6da446b9,user_00265,I'm excited to share insights on AI. The evidence strongly suggests that adoption rates have accelerated significantly. This has profound implications for communities worldwide. Let's discuss how we can leverage this for positive impact.,2024-01-20T16:10:10.039876+00:00,mastodon,,,77,583,7,ai_generated,i'm excited to share insights on ai. the evidence strongly suggests that adoption rates have accelerated significantly. this has profound implications for communities worldwide. let's discuss how we can leverage this for positive impact.,ai_generated,0.9992,0.0008,0.9992
post_53693cc1,user_00092,"As we navigate the evolving landscape of retail, it becomes increasingly important to consider the multifaceted implications of personalization. A comprehensive framework for analysis should incorporate both market signals and regulatory frameworks to yield meaningful insights.",2024-06-16T00:34:45.319611+00:00,facebook,,post_eab3d317,112,627,41,ai_generated,"as we navigate the evolving landscape of retail, it becomes increasingly important to consider the multifaceted implications of personalization. a comprehensive framework for analysis should incorporate both market signals and regulatory frameworks to yield meaningful insights.",ai_generated,0.9992,0.0008,0.9992
post_58ef5ef8,user_00246,"Key considerations for veganism: 1) Prioritize scalability from day one. 2) Build cross-functional alignment early. 3) Measure outcomes with clear KPIs. By addressing these dimensions, stakeholders can achieve sustainable outcomes aligned with organizational objectives.",2024-03-27T08:30:25.629142+00:00,facebook,,,22,385,28,ai_generated,"key considerations for veganism: 1) prioritize scalability from day one. 2) build cross-functional alignment early. 3) measure outcomes with clear kpis. by addressing these dimensions, stakeholders can achieve sustainable outcomes aligned with organizational objectives.",ai_generated,0.9991,0.0009,0.9991
post_3360d48d,user_00003,The intersection of sustainability and supply chain optimization presents significant opportunities for innovation. Organizations that prioritize data-driven decision-making will be well-positioned to capitalize on emerging trends in the coming quarters.,2024-05-06T23:18:41.104368+00:00,reddit,,,10,457,14,ai_generated,the intersection of sustainability and supply chain optimization presents significant opportunities for innovation. organizations that prioritize data-driven decision-making will be well-positioned to capitalize on emerging trends in the coming quarters.,ai_generated,0.9989,0.0011,0.9989
post_2942668f,user_00220,"Key considerations for AI: 1) Prioritize scalability from day one. 2) Build cross-functional alignment early. 3) Measure outcomes with clear KPIs. By addressing these dimensions, stakeholders can achieve sustainable outcomes aligned with organizational objectives.",2024-05-28T01:59:42.921612+00:00,twitter,,,14,983,24,ai_generated,"key considerations for ai: 1) prioritize scalability from day one. 2) build cross-functional alignment early. 3) measure outcomes with clear kpis. by addressing these dimensions, stakeholders can achieve sustainable outcomes aligned with organizational objectives.",ai_generated,0.9991,0.0009,0.9991
post_31a59a20,user_00040,you guys i just found out this has been happening for years. my whole life is a lie,2024-03-07T18:01:16.299903+00:00,facebook,,,1,427,66,human,you guys i just found out this has been happening for years. my whole life is a lie,human,0.9992,0.9992,0.0008
post_6deb19e1,user_00134,I'm excited to share insights on veganism. The evidence strongly suggests that adoption rates have accelerated significantly. This has profound implications for practitioners worldwide. Let's discuss how we can leverage this for positive impact.,2024-06-21T14:26:38.224908+00:00,reddit,,,64,710,39,ai_generated,i'm excited to share insights on veganism. the evidence strongly suggests that adoption rates have accelerated significantly. this has profound implications for practitioners worldwide. let's discuss how we can leverage this for positive impact.,ai_generated,0.9991,0.0009,0.9991
post_0869f2ef,user_00043,The data clearly indicates that digital transformation is reshaping healthcare. Forward-thinking leaders must adapt their strategies to remain competitive. Leveraging cloud infrastructure will be paramount in this transition.,2024-02-02T05:13:06.094424+00:00,reddit,,,78,3038,6,ai_generated,the data clearly indicates that digital transformation is reshaping healthcare. forward-thinking leaders must adapt their strategies to remain competitive. leveraging cloud infrastructure will be paramount in this transition.,ai_generated,0.9992,0.0008,0.9992
post_22b07b6c,user_00071,you guys i just found out this has been happening for years. my whole life is a lie,2024-02-14T17:15:41.756931+00:00,reddit,,,13,309,249,human,you guys i just found out this has been happening for years. my whole life is a lie,human,0.9991,0.9991,0.0009
post_56baddcb,user_00186,The data clearly indicates that remote collaboration is reshaping healthcare. Forward-thinking leaders must adapt their strategies to remain competitive. Leveraging cloud infrastructure will be paramount in this transition.,2024-02-20T05:44:35.497843+00:00,mastodon,,post_f41fd2ca,39,2081,45,ai_generated,the data clearly indicates that remote collaboration is reshaping healthcare. forward-thinking leaders must adapt their strategies to remain competitive. leveraging cloud infrastructure will be paramount in this transition.,ai_generated,0.9988,0.0012,0.9988
post_ad8a8224,user_00239,can't believe it's already March. where did the year go??,2024-03-12T21:10:25.518575+00:00,reddit,,,9,7,722,human,can't believe it's already march. where did the year go??,human,0.9995,0.9995,0.0005
post_4f76d3ee,user_00006,The data clearly indicates that remote collaboration is reshaping manufacturing. Forward-thinking leaders must adapt their strategies to remain competitive. Leveraging machine learning will be paramount in this transition.,2024-05-28T12:37:19.477679+00:00,facebook,,,78,2231,153,ai_generated,the data clearly indicates that remote collaboration is reshaping manufacturing. forward-thinking leaders must adapt their strategies to remain competitive. leveraging machine learning will be paramount in this transition.,ai_generated,0.9989,0.0011,0.9989
post_e0779575,user_00138,just had the best tacos at a random food truck! totally worth it 😊,2024-03-06T09:28:56.699818+00:00,reddit,,post_08820c9d,18,173,23,human,just had the best tacos at a random food truck! totally worth it 😊,human,0.9994,0.9994,0.0006
post_d12f1e43,user_00248,my hamster is being so annoying today lmao,2024-01-18T09:21:32.623760+00:00,reddit,,,12,434,464,human,my hamster is being so annoying today lmao,human,0.9995,0.9995,0.0005
post_1b7c9a9c,user_00215,honestly excited about the announcement rn. mixed feelings for sure,2024-01-24T04:31:32.233233+00:00,mastodon,,,13,78,58,human,honestly excited about the announcement rn. mixed feelings for sure,human,0.9994,0.9994,0.0006
post_75aa7a1b,user_00084,can't believe it's already November. where did the year go??,2024-06-13T18:27:36.352241+00:00,facebook,,,8,70,161,human,can't believe it's already november. where did the year go??,human,0.9995,0.9995,0.0005
post_36e02caa,user_00092,ok why does everyone suddenly care about remote collaboration? been saying this for years,2024-06-29T21:54:24.014254+00:00,mastodon,,,2,199,70,human,ok why does everyone suddenly care about remote collaboration? been saying this for years,human,0.9991,0.9991,0.0009
post_78be137f,user_00075,"As we navigate the evolving landscape of finance, it becomes increasingly important to consider the multifaceted implications of resilience. A comprehensive framework for analysis should incorporate both market signals and regulatory frameworks to yield meaningful insights.",2024-03-21T18:06:21.850906+00:00,twitter,,,10,1524,30,ai_generated,"as we navigate the evolving landscape of finance, it becomes increasingly important to consider the multifaceted implications of resilience. a comprehensive framework for analysis should incorporate both market signals and regulatory frameworks to yield meaningful insights.",ai_generated,0.9992,0.0008,0.9992
post_5f5a3062,user_00135,can't believe it's already November. where did the year go??,2024-03-12T03:08:06.411257+00:00,mastodon,,,5,3,143,human,can't believe it's already november. where did the year go??,human,0.9995,0.9995,0.0005
post_a332784b,user_00248,The data clearly indicates that remote collaboration is reshaping retail. Forward-thinking leaders must adapt their strategies to remain competitive. Leveraging cloud infrastructure will be paramount in this transition.,2024-05-30T01:15:32.633958+00:00,reddit,,,3,1285,29,ai_generated,the data clearly indicates that remote collaboration is reshaping retail. forward-thinking leaders must adapt their strategies to remain competitive. leveraging cloud infrastructure will be paramount in this transition.,ai_generated,0.9974,0.0026,0.9974
post_cd063e35,user_00198,"Key considerations for meditation: 1) Prioritize scalability from day one. 2) Build cross-functional alignment early. 3) Measure outcomes with clear KPIs. By addressing these dimensions, stakeholders can achieve sustainable outcomes aligned with organizational objectives.",2024-02-22T04:00:17.031654+00:00,facebook,,,58,392,19,ai_generated,"key considerations for meditation: 1) prioritize scalability from day one. 2) build cross-functional alignment early. 3) measure outcomes with clear kpis. by addressing these dimensions, stakeholders can achieve sustainable outcomes aligned with organizational objectives.",ai_generated,0.9992,0.0008,0.9992
post_7b5350be,user_00043,The intersection of artificial intelligence and supply chain optimization presents significant opportunities for innovation. Organizations that prioritize agile methodologies will be well-positioned to capitalize on emerging trends in the coming quarters.,2024-03-11T07:21:06.686452+00:00,twitter,,,31,2250,31,ai_generated,the intersection of artificial intelligence and supply chain optimization presents significant opportunities for innovation. organizations that prioritize agile methodologies will be well-positioned to capitalize on emerging trends in the coming quarters.,ai_generated,0.9991,0.0009,0.9991
post_883fa7c9,user_00066,"As we navigate the evolving landscape of healthcare, it becomes increasingly important to consider the multifaceted implications of resilience. A comprehensive framework for analysis should incorporate both quantitative metrics and technological constraints to yield meaningful insights.",2024-06-20T13:59:21.885209+00:00,facebook,,,39,337,32,ai_generated,"as we navigate the evolving landscape of healthcare, it becomes increasingly important to consider the multifaceted implications of resilience. a comprehensive framework for analysis should incorporate both quantitative metrics and technological constraints to yield meaningful insights.",ai_generated,0.9992,0.0008,0.9992
post_06445d19,user_00259,The data clearly indicates that remote collaboration is reshaping manufacturing. Forward-thinking leaders must adapt their strategies to remain competitive. Leveraging machine learning will be paramount in this transition.,2024-03-19T10:49:13.414761+00:00,facebook,,,15,1367,18,ai_generated,the data clearly indicates that remote collaboration is reshaping manufacturing. forward-thinking leaders must adapt their strategies to remain competitive. leveraging machine learning will be paramount in this transition.,ai_generated,0.9985,0.0015,0.9985
post_13dbe1e7,user_00024,"As we navigate the evolving landscape of finance, it becomes increasingly important to consider the multifaceted implications of personalization. A comprehensive framework for analysis should incorporate both quantitative metrics and regulatory frameworks to yield meaningful insights.",2024-04-10T06:00:49.888116+00:00,reddit,,,36,877,18,ai_generated,"as we navigate the evolving landscape of finance, it becomes increasingly important to consider the multifaceted implications of personalization. a comprehensive framework for analysis should incorporate both quantitative metrics and regulatory frameworks to yield meaningful insights.",ai_generated,0.9992,0.0008,0.9992
post_7984b05d,user_00244,woke up at 5am for no reason and now i can't sleep. hate this,2024-05-10T13:35:13.171837+00:00,facebook,,post_4a880a07,4,163,88,human,woke up at 5am for no reason and now i can't sleep. hate this,human,0.9995,0.9995,0.0005
post_d55ad7a4,user_00290,The data clearly indicates that digital transformation is reshaping retail. Forward-thinking leaders must adapt their strategies to remain competitive. Leveraging cloud infrastructure will be paramount in this transition.,2024-03-12T00:19:06.514294+00:00,reddit,,,13,2544,75,ai_generated,the data clearly indicates that digital transformation is reshaping retail. forward-thinking leaders must adapt their strategies to remain competitive. leveraging cloud infrastructure will be paramount in this transition.,ai_generated,0.9982,0.0018,0.9982
post_f3bdf24c,user_00254,does anyone else feel like crypto is totally overrated?,2024-04-21T05:04:22.935277+00:00,twitter,,post_e82110ec,5,59,348,human,does anyone else feel like crypto is totally overrated?,human,0.9995,0.9995,0.0005
post_567d3247,user_00120,I'm excited to share insights on crypto. The evidence strongly suggests that outcomes improve with structured frameworks. This has profound implications for practitioners worldwide. Let's discuss how we can leverage this for positive impact.,2024-04-22T08:12:59.432815+00:00,facebook,,post_1f833b60,44,1480,20,ai_generated,i'm excited to share insights on crypto. the evidence strongly suggests that outcomes improve with structured frameworks. this has profound implications for practitioners worldwide. let's discuss how we can leverage this for positive impact.,ai_generated,0.9991,0.0009,0.9991
post_b5f01c92,user_00260,throwback to that time when we stayed up all night talking. good times fr,2024-01-28T01:32:43.174648+00:00,facebook,,,7,835,500,human,throwback to that time when we stayed up all night talking. good times fr,human,0.9995,0.9995,0.0005
post_ef4956d3,user_00014,"As we navigate the evolving landscape of education, it becomes increasingly important to consider the multifaceted implications of resilience. A comprehensive framework for analysis should incorporate both qualitative feedback and technological constraints to yield meaningful insights.",2024-02-08T00:37:22.864098+00:00,facebook,,,27,7203,24,ai_generated,"as we navigate the evolving landscape of education, it becomes increasingly important to consider the multifaceted implications of resilience. a comprehensive framework for analysis should incorporate both qualitative feedback and technological constraints to yield meaningful insights.",ai_generated,0.9992,0.0008,0.9992
post_69d47c55,user_00138,can't believe it's already August. where did the year go??,2024-05-30T10:15:18.215652+00:00,facebook,,,7,231,53,human,can't believe it's already august. where did the year go??,human,0.9994,0.9994,0.0006
post_44958351,user_00151,The intersection of artificial intelligence and supply chain optimization presents significant opportunities for innovation. Organizations that prioritize agile methodologies will be well-positioned to capitalize on emerging trends in the coming quarters.,2024-01-08T10:14:58.532746+00:00,mastodon,,,88,1723,27,ai_generated,the intersection of artificial intelligence and supply chain optimization presents significant opportunities for innovation. organizations that prioritize agile methodologies will be well-positioned to capitalize on emerging trends in the coming quarters.,ai_generated,0.9992,0.0008,0.9992
post_5c60ba26,user_00131,The data clearly indicates that remote collaboration is reshaping retail. Forward-thinking leaders must adapt their strategies to remain competitive. Leveraging machine learning will be paramount in this transition.,2024-01-20T22:06:25.358537+00:00,reddit,,,36,2784,13,ai_generated,the data clearly indicates that remote collaboration is reshaping retail. forward-thinking leaders must adapt their strategies to remain competitive. leveraging machine learning will be paramount in this transition.,ai_generated,0.9989,0.0011,0.9989
post_2556b694,user_00058,"Key considerations for remote work: 1) Prioritize scalability from day one. 2) Build cross-functional alignment early. 3) Measure outcomes with clear KPIs. By addressing these dimensions, stakeholders can achieve sustainable outcomes aligned with organizational objectives.",2024-06-07T18:50:59.805479+00:00,twitter,,,76,1730,11,ai_generated,"key considerations for remote work: 1) prioritize scalability from day one. 2) build cross-functional alignment early. 3) measure outcomes with clear kpis. by addressing these dimensions, stakeholders can achieve sustainable outcomes aligned with organizational objectives.",ai_generated,0.9992,0.0008,0.9992
post_f89bd02c,user_00115,The intersection of sustainability and talent management presents significant opportunities for innovation. Organizations that prioritize stakeholder alignment will be well-positioned to capitalize on emerging trends in the coming quarters.,2024-01-28T17:33:29.113233+00:00,mastodon,,,14,130,9,ai_generated,the intersection of sustainability and talent management presents significant opportunities for innovation. organizations that prioritize stakeholder alignment will be well-positioned to capitalize on emerging trends in the coming quarters.,ai_generated,0.9983,0.0017,0.9983
post_9a8976e3,user_00189,my fish is being so annoying today lmao,2024-04-21T13:01:18.028996+00:00,mastodon,,post_a54cd05c,9,98,69,human,my fish is being so annoying today lmao,human,0.9995,0.9995,0.0005
post_26aedb4d,user_00273,The intersection of artificial intelligence and customer experience presents significant opportunities for innovation. Organizations that prioritize data-driven decision-making will be well-positioned to capitalize on emerging trends in the coming quarters.,2024-05-12T15:09:52.377970+00:00,facebook,,,10,1585,59,ai_generated,the intersection of artificial intelligence and customer experience presents significant opportunities for innovation. organizations that prioritize data-driven decision-making will be well-positioned to capitalize on emerging trends in the coming quarters.,ai_generated,0.999,0.001,0.999
post_55049144,user_00206,you guys i just found out this has been happening for years. my whole life is a lie,2024-03-03T00:17:58.184762+00:00,twitter,,,1,957,323,human,you guys i just found out this has been happening for years. my whole life is a lie,human,0.9992,0.9992,0.0008
post_af30ade0,user_00276,The intersection of artificial intelligence and supply chain optimization presents significant opportunities for innovation. Organizations that prioritize agile methodologies will be well-positioned to capitalize on emerging trends in the coming quarters.,2024-06-11T17:03:02.232609+00:00,mastodon,,,52,705,151,ai_generated,the intersection of artificial intelligence and supply chain optimization presents significant opportunities for innovation. organizations that prioritize agile methodologies will be well-positioned to capitalize on emerging trends in the coming quarters.,ai_generated,0.999,0.001,0.999
post_012a4cbb,user_00262,The intersection of digital transformation and talent management presents significant opportunities for innovation. Organizations that prioritize agile methodologies will be well-positioned to capitalize on emerging trends in the coming quarters.,2024-05-29T04:15:39.927181+00:00,reddit,,,80,2620,281,ai_generated,the intersection of digital transformation and talent management presents significant opportunities for innovation. organizations that prioritize agile methodologies will be well-positioned to capitalize on emerging trends in the coming quarters.,ai_generated,0.9931,0.0069,0.9931
post_662766cd,user_00223,ok why does everyone suddenly care about remote collaboration? been saying this for years,2024-01-11T23:42:43.235679+00:00,twitter,,post_7df3d1a3,9,547,370,human,ok why does everyone suddenly care about remote collaboration? been saying this for years,human,0.9989,0.9989,0.0011
post_9db0f780,user_00184,throwback to that time when we stayed up all night talking. good times fr,2024-03-10T06:15:19.830847+00:00,twitter,,,5,149,56,human,throwback to that time when we stayed up all night talking. good times fr,human,0.9995,0.9995,0.0005
post_1309536a,user_00156,The intersection of artificial intelligence and supply chain optimization presents significant opportunities for innovation. Organizations that prioritize stakeholder alignment will be well-positioned to capitalize on emerging trends in the coming quarters.,2024-01-18T05:56:25.272676+00:00,reddit,,,11,4136,32,ai_generated,the intersection of artificial intelligence and supply chain optimization presents significant opportunities for innovation. organizations that prioritize stakeholder alignment will be well-positioned to capitalize on emerging trends in the coming quarters.,ai_generated,0.9991,0.0009,0.9991
post_8a4b1311,user_00193,The intersection of artificial intelligence and customer experience presents significant opportunities for innovation. Organizations that prioritize agile methodologies will be well-positioned to capitalize on emerging trends in the coming quarters.,2024-05-04T21:00:54.483033+00:00,reddit,,,20,2023,99,ai_generated,the intersection of artificial intelligence and customer experience presents significant opportunities for innovation. organizations that prioritize agile methodologies will be well-positioned to capitalize on emerging trends in the coming quarters.,ai_generated,0.9989,0.0011,0.9989
post_dc9f865f,user_00106,does anyone else feel like remote work is totally overrated?,2024-03-27T01:31:16.821771+00:00,facebook,,,6,95,62,human,does anyone else feel like remote work is totally overrated?,human,0.9995,0.9995,0.0005
post_96b36c74,user_00250,"As we navigate the evolving landscape of education, it becomes increasingly important to consider the multifaceted implications of automation. A comprehensive framework for analysis should incorporate both market signals and technological constraints to yield meaningful insights.",2024-02-02T00:23:53.828637+00:00,twitter,,post_c97178fa,7,168,13,ai_generated,"as we navigate the evolving landscape of education, it becomes increasingly important to consider the multifaceted implications of automation. a comprehensive framework for analysis should incorporate both market signals and technological constraints to yield meaningful insights.",ai_generated,0.9992,0.0008,0.9992
post_5200824d,user_00268,honestly nervous about that whole situation rn. mixed feelings for sure,2024-04-08T01:57:28.024144+00:00,twitter,,,0,296,57,human,honestly nervous about that whole situation rn. mixed feelings for sure,human,0.9994,0.9994,0.0006
post_124115e8,user_00197,woke up at 4:30am for no reason and now i can't sleep. hate this,2024-02-23T11:14:55.304736+00:00,mastodon,,,0,156,1617,human,woke up at 4:30am for no reason and now i can't sleep. hate this,human,0.9995,0.9995,0.0005
post_fdd2cdd7,user_00165,unpopular opinion: coffee is overrated. fight me,2024-02-19T08:02:16.650911+00:00,facebook,,,5,136,752,human,unpopular opinion: coffee is overrated. fight me,human,0.9995,0.9995,0.0005
post_d44f24bf,user_00025,honestly nervous about what happened yesterday rn. mixed feelings for sure,2024-04-30T22:02:06.726564+00:00,twitter,,,3,631,1870,human,honestly nervous about what happened yesterday rn. mixed feelings for sure,human,0.9995,0.9995,0.0005
post_a116291b,user_00173,"Key considerations for AI: 1) Prioritize scalability from day one. 2) Build cross-functional alignment early. 3) Measure outcomes with clear KPIs. By addressing these dimensions, stakeholders can achieve sustainable outcomes aligned with organizational objectives.",2024-03-16T23:20:39.815174+00:00,mastodon,,,30,3599,31,ai_generated,"key considerations for ai: 1) prioritize scalability from day one. 2) build cross-functional alignment early. 3) measure outcomes with clear kpis. by addressing these dimensions, stakeholders can achieve sustainable outcomes aligned with organizational objectives.",ai_generated,0.9992,0.0008,0.9992
post_61fd7f6a,user_00192,The intersection of artificial intelligence and customer experience presents significant opportunities for innovation. Organizations that prioritize agile methodologies will be well-positioned to capitalize on emerging trends in the coming quarters.,2024-01-18T03:18:47.931248+00:00,twitter,,post_ce97ff4c,9,4522,153,ai_generated,the intersection of artificial intelligence and customer experience presents significant opportunities for innovation. organizations that prioritize agile methodologies will be well-positioned to capitalize on emerging trends in the coming quarters.,ai_generated,0.9989,0.0011,0.9989
post_3e50e087,user_00052,The intersection of artificial intelligence and supply chain optimization presents significant opportunities for innovation. Organizations that prioritize data-driven decision-making will be well-positioned to capitalize on emerging trends in the coming quarters.,2024-06-11T10:18:23.008221+00:00,twitter,,,13,3400,28,ai_generated,the intersection of artificial intelligence and supply chain optimization presents significant opportunities for innovation. organizations that prioritize data-driven decision-making will be well-positioned to capitalize on emerging trends in the coming quarters.,ai_generated,0.9991,0.0009,0.9991
post_5b50753e,user_00144,can't believe it's already January. where did the year go??,2024-05-18T06:04:13.463378+00:00,reddit,,,13,354,30,human,can't believe it's already january. where did the year go??,human,0.9992,0.9992,0.0008
post_b893cdeb,user_00010,I'm excited to share insights on veganism. The evidence strongly suggests that adoption rates have accelerated significantly. This has profound implications for communities worldwide. Let's discuss how we can leverage this for positive impact.,2024-03-14T04:40:06.027106+00:00,mastodon,,,48,821,112,ai_generated,i'm excited to share insights on veganism. the evidence strongly suggests that adoption rates have accelerated significantly. this has profound implications for communities worldwide. let's discuss how we can leverage this for positive impact.,ai_generated,0.9991,0.0009,0.9991
post_6a553475,user_00222,you guys i just found out I misunderstood everything. my whole life is a lie,2024-02-01T02:26:04.085574+00:00,mastodon,,,0,21,290,human,you guys i just found out i misunderstood everything. my whole life is a lie,human,0.9994,0.9994,0.0006
post_dc52b036,user_00115,The intersection of sustainability and supply chain optimization presents significant opportunities for innovation. Organizations that prioritize agile methodologies will be well-positioned to capitalize on emerging trends in the coming quarters.,2024-02-07T06:05:52.933858+00:00,twitter,,post_30d9791f,31,3834,35,ai_generated,the intersection of sustainability and supply chain optimization presents significant opportunities for innovation. organizations that prioritize agile methodologies will be well-positioned to capitalize on emerging trends in the coming quarters.,ai_generated,0.9991,0.0009,0.9991
post_56041f17,user_00093,"As we navigate the evolving landscape of finance, it becomes increasingly important to consider the multifaceted implications of resilience. A comprehensive framework for analysis should incorporate both quantitative metrics and regulatory frameworks to yield meaningful insights.",2024-02-21T17:22:55.817234+00:00,facebook,,post_127028f3,16,546,38,ai_generated,"as we navigate the evolving landscape of finance, it becomes increasingly important to consider the multifaceted implications of resilience. a comprehensive framework for analysis should incorporate both quantitative metrics and regulatory frameworks to yield meaningful insights.",ai_generated,0.9992,0.0008,0.9992
post_a07fcfe1,user_00274,I'm excited to share insights on crypto. The evidence strongly suggests that adoption rates have accelerated significantly. This has profound implications for communities worldwide. Let's discuss how we can leverage this for positive impact.,2024-01-03T00:17:43.202508+00:00,reddit,,post_be5d15d2,34,1089,40,ai_generated,i'm excited to share insights on crypto. the evidence strongly suggests that adoption rates have accelerated significantly. this has profound implications for communities worldwide. let's discuss how we can leverage this for positive impact.,ai_generated,0.9991,0.0009,0.9991
post_334280d3,user_00226,"Key considerations for meditation: 1) Prioritize scalability from day one. 2) Build cross-functional alignment early. 3) Measure outcomes with clear KPIs. By addressing these dimensions, stakeholders can achieve sustainable outcomes aligned with organizational objectives.",2024-04-10T04:20:47.378306+00:00,twitter,,post_a11eb44c,116,1047,64,ai_generated,"key considerations for meditation: 1) prioritize scalability from day one. 2) build cross-functional alignment early. 3) measure outcomes with clear kpis. by addressing these dimensions, stakeholders can achieve sustainable outcomes aligned with organizational objectives.",ai_generated,0.9992,0.0008,0.9992
post_5ffc6c1a,user_00156,I'm excited to share insights on remote work. The evidence strongly suggests that outcomes improve with structured frameworks. This has profound implications for communities worldwide. Let's discuss how we can leverage this for positive impact.,2024-03-14T09:08:03.773340+00:00,reddit,,,7,422,29,ai_generated,i'm excited to share insights on remote work. the evidence strongly suggests that outcomes improve with structured frameworks. this has profound implications for communities worldwide. let's discuss how we can leverage this for positive impact.,ai_generated,0.9989,0.0011,0.9989
post_1ad7e6e4,user_00020,I'm excited to share insights on AI. The evidence strongly suggests that outcomes improve with structured frameworks. This has profound implications for organizations worldwide. Let's discuss how we can leverage this for positive impact.,2024-06-16T22:29:12.901176+00:00,mastodon,,,63,1271,28,ai_generated,i'm excited to share insights on ai. the evidence strongly suggests that outcomes improve with structured frameworks. this has profound implications for organizations worldwide. let's discuss how we can leverage this for positive impact.,ai_generated,0.9991,0.0009,0.9991
post_d4249938,user_00062,"As we navigate the evolving landscape of retail, it becomes increasingly important to consider the multifaceted implications of personalization. A comprehensive framework for analysis should incorporate both market signals and technological constraints to yield meaningful insights.",2024-01-04T12:32:13.261603+00:00,twitter,,,70,4513,44,ai_generated,"as we navigate the evolving landscape of retail, it becomes increasingly important to consider the multifaceted implications of personalization. a comprehensive framework for analysis should incorporate both market signals and technological constraints to yield meaningful insights.",ai_generated,0.9992,0.0008,0.9992
post_d850c19a,user_00218,The intersection of digital transformation and talent management presents significant opportunities for innovation. Organizations that prioritize data-driven decision-making will be well-positioned to capitalize on emerging trends in the coming quarters.,2024-04-12T15:19:37.495176+00:00,mastodon,,post_99b615bc,26,407,19,ai_generated,the intersection of digital transformation and talent management presents significant opportunities for innovation. organizations that prioritize data-driven decision-making will be well-positioned to capitalize on emerging trends in the coming quarters.,ai_generated,0.999,0.001,0.999
post_28f8843d,user_00111,I'm excited to share insights on AI. The evidence strongly suggests that outcomes improve with structured frameworks. This has profound implications for practitioners worldwide. Let's discuss how we can leverage this for positive impact.,2024-02-03T12:51:48.777801+00:00,mastodon,,,34,3265,10,ai_generated,i'm excited to share insights on ai. the evidence strongly suggests that outcomes improve with structured frameworks. this has profound implications for practitioners worldwide. let's discuss how we can leverage this for positive impact.,ai_generated,0.9992,0.0008,0.9992
post_3af57284,user_00010,woke up at 4:30am for no reason and now i can't sleep. hate this,2024-01-31T04:53:17.315321+00:00,reddit,,,4,9,421,human,woke up at 4:30am for no reason and now i can't sleep. hate this,human,0.9995,0.9995,0.0005
post_ff547569,user_00020,woke up at 3am for no reason and now i can't sleep. hate this,2024-01-06T23:36:33.001805+00:00,twitter,,,0,16,199,human,woke up at 3am for no reason and now i can't sleep. hate this,human,0.9995,0.9995,0.0005
post_23b67c35,user_00137,does anyone else feel like meditation is totally overrated?,2024-06-17T12:59:59.904233+00:00,twitter,,,8,40,45,human,does anyone else feel like meditation is totally overrated?,human,0.9995,0.9995,0.0005
post_90579029,user_00111,"As we navigate the evolving landscape of education, it becomes increasingly important to consider the multifaceted implications of automation. A comprehensive framework for analysis should incorporate both quantitative metrics and regulatory frameworks to yield meaningful insights.",2024-06-29T05:39:39.654012+00:00,reddit,,,35,993,47,ai_generated,"as we navigate the evolving landscape of education, it becomes increasingly important to consider the multifaceted implications of automation. a comprehensive framework for analysis should incorporate both quantitative metrics and regulatory frameworks to yield meaningful insights.",ai_generated,0.9992,0.0008,0.9992
post_5bce29e2,user_00284,can't believe it's already November. where did the year go??,2024-01-21T07:46:16.976108+00:00,twitter,,,12,8,24,human,can't believe it's already november. where did the year go??,human,0.9995,0.9995,0.0005
post_a902c0db,user_00186,unpopular opinion: coffee is overrated. fight me,2024-05-01T04:13:18.975351+00:00,facebook,,post_426cd052,19,26,150,human,unpopular opinion: coffee is overrated. fight me,human,0.9995,0.9995,0.0005
post_cee09436,user_00268,my cat is being so annoying today lmao,2024-06-17T15:06:47.030628+00:00,twitter,,,12,234,682,human,my cat is being so annoying today lmao,human,0.9995,0.9995,0.0005
post_89e96b06,user_00033,ok why does everyone suddenly care about remote collaboration? been saying this for years,2024-04-02T04:16:40.420599+00:00,twitter,,,1,82,176,human,ok why does everyone suddenly care about remote collaboration? been saying this for years,human,0.9992,0.9992,0.0008
post_33952a05,user_00050,honestly nervous about what happened yesterday rn. mixed feelings for sure,2024-05-25T15:38:51.512706+00:00,twitter,,,0,2615,9,human,honestly nervous about what happened yesterday rn. mixed feelings for sure,human,0.9986,0.9986,0.0014
post_e1eb94f1,user_00029,The data clearly indicates that AI adoption is reshaping finance. Forward-thinking leaders must adapt their strategies to remain competitive. Leveraging cloud infrastructure will be paramount in this transition.,2024-03-04T00:01:16.574532+00:00,twitter,,post_dfba422a,4,540,26,ai_generated,the data clearly indicates that ai adoption is reshaping finance. forward-thinking leaders must adapt their strategies to remain competitive. leveraging cloud infrastructure will be paramount in this transition.,ai_generated,0.9967,0.0033,0.9967
post_8140273e,user_00266,my cat is being so annoying today lmao,2024-01-22T17:52:33.814900+00:00,facebook,,,17,662,94,human,my cat is being so annoying today lmao,human,0.9995,0.9995,0.0005
post_2988bdd9,user_00146,honestly nervous about that whole situation rn. mixed feelings for sure,2024-04-17T18:51:02.600905+00:00,reddit,,,2,325,24,human,honestly nervous about that whole situation rn. mixed feelings for sure,human,0.9994,0.9994,0.0006
post_0d8232e2,user_00167,honestly nervous about that whole situation rn. mixed feelings for sure,2024-02-26T08:11:48.934418+00:00,mastodon,,,20,333,39,human,honestly nervous about that whole situation rn. mixed feelings for sure,human,0.9992,0.9992,0.0008
post_75379421,user_00213,unpopular opinion: coffee is overrated. fight me,2024-04-11T21:29:20.100652+00:00,facebook,,,8,847,240,human,unpopular opinion: coffee is overrated. fight me,human,0.9995,0.9995,0.0005
post_cb7ee3a2,user_00295,just had the best pizza at my friend's place! totally worth it 😊,2024-06-02T20:28:39.596044+00:00,reddit,,,11,784,124,human,just had the best pizza at my friend's place! totally worth it 😊,human,0.9994,0.9994,0.0006
post_5d017ec0,user_00177,The intersection of digital transformation and customer experience presents significant opportunities for innovation. Organizations that prioritize agile methodologies will be well-positioned to capitalize on emerging trends in the coming quarters.,2024-06-20T08:49:30.122332+00:00,reddit,,,21,1595,18,ai_generated,the intersection of digital transformation and customer experience presents significant opportunities for innovation. organizations that prioritize agile methodologies will be well-positioned to capitalize on emerging trends in the coming quarters.,ai_generated,0.999,0.001,0.999
post_1a6a4e38,user_00219,ok why does everyone suddenly care about digital transformation? been saying this for years,2024-05-14T23:15:32.691202+00:00,mastodon,,,7,20,485,human,ok why does everyone suddenly care about digital transformation? been saying this for years,human,0.9993,0.9993,0.0007
post_c3d1a53b,user_00218,The data clearly indicates that remote collaboration is reshaping retail. Forward-thinking leaders must adapt their strategies to remain competitive. Leveraging cloud infrastructure will be paramount in this transition.,2024-05-05T18:18:15.548445+00:00,twitter,,,13,2655,15,ai_generated,the data clearly indicates that remote collaboration is reshaping retail. forward-thinking leaders must adapt their strategies to remain competitive. leveraging cloud infrastructure will be paramount in this transition.,ai_generated,0.9987,0.0013,0.9987
post_a5bcaf0e,user_00042,"As we navigate the evolving landscape of finance, it becomes increasingly important to consider the multifaceted implications of automation. A comprehensive framework for analysis should incorporate both quantitative metrics and regulatory frameworks to yield meaningful insights.",2024-04-12T00:08:44.179761+00:00,reddit,,,16,10523,20,ai_generated,"as we navigate the evolving landscape of finance, it becomes increasingly important to consider the multifaceted implications of automation. a comprehensive framework for analysis should incorporate both quantitative metrics and regulatory frameworks to yield meaningful insights.",ai_generated,0.9992,0.0008,0.9992
post_ef33abd6,user_00045,can't believe it's already November. where did the year go??,2024-02-24T23:02:04.071961+00:00,mastodon,,,11,30,131,human,can't believe it's already november. where did the year go??,human,0.9994,0.9994,0.0006
post_b6874880,user_00282,"Key considerations for crypto: 1) Prioritize scalability from day one. 2) Build cross-functional alignment early. 3) Measure outcomes with clear KPIs. By addressing these dimensions, stakeholders can achieve sustainable outcomes aligned with organizational objectives.",2024-06-12T19:05:17.016537+00:00,mastodon,,,77,1456,11,ai_generated,"key considerations for crypto: 1) prioritize scalability from day one. 2) build cross-functional alignment early. 3) measure outcomes with clear kpis. by addressing these dimensions, stakeholders can achieve sustainable outcomes aligned with organizational objectives.",ai_generated,0.9992,0.0008,0.9992
post_e94317dd,user_00241,you guys i just found out this has been happening for years. my whole life is a lie,2024-06-09T15:36:31.710211+00:00,facebook,,,10,245,149,human,you guys i just found out this has been happening for years. my whole life is a lie,human,0.999,0.999,0.001
post_9365c9d2,user_00210,ok why does everyone suddenly care about digital transformation? been saying this for years,2024-03-09T04:37:20.125441+00:00,reddit,,,17,95,52,human,ok why does everyone suddenly care about digital transformation? been saying this for years,human,0.9983,0.9983,0.0017
post_eb63d3d5,user_00212,you guys i just found out I misunderstood everything. my whole life is a lie,2024-02-23T23:02:35.649394+00:00,facebook,,,3,265,95,human,you guys i just found out i misunderstood everything. my whole life is a lie,human,0.9992,0.9992,0.0008
post_26fb56ab,user_00053,my fish is being so annoying today lmao,2024-03-25T20:12:03.770752+00:00,twitter,,,5,325,13,human,my fish is being so annoying today lmao,human,0.9995,0.9995,0.0005
post_0acd923e,user_00152,can't believe it's already August. where did the year go??,2024-03-02T01:06:49.649848+00:00,mastodon,,,6,32,650,human,can't believe it's already august. where did the year go??,human,0.9995,0.9995,0.0005
post_315f59b9,user_00249,woke up at 4:30am for no reason and now i can't sleep. hate this,2024-02-12T21:58:44.875972+00:00,facebook,,,2,70,29,human,woke up at 4:30am for no reason and now i can't sleep. hate this,human,0.9995,0.9995,0.0005
post_8ef5e473,user_00245,The data clearly indicates that remote collaboration is reshaping finance. Forward-thinking leaders must adapt their strategies to remain competitive. Leveraging machine learning will be paramount in this transition.,2024-05-15T16:37:33.765524+00:00,twitter,,,17,814,16,ai_generated,the data clearly indicates that remote collaboration is reshaping finance. forward-thinking leaders must adapt their strategies to remain competitive. leveraging machine learning will be paramount in this transition.,ai_generated,0.998,0.002,0.998
post_e789770f,user_00245,"As we navigate the evolving landscape of finance, it becomes increasingly important to consider the multifaceted implications of resilience. A comprehensive framework for analysis should incorporate both qualitative feedback and technological constraints to yield meaningful insights.",2024-02-14T08:06:10.734747+00:00,mastodon,,,42,415,11,ai_generated,"as we navigate the evolving landscape of finance, it becomes increasingly important to consider the multifaceted implications of resilience. a comprehensive framework for analysis should incorporate both qualitative feedback and technological constraints to yield meaningful insights.",ai_generated,0.9992,0.0008,0.9992
post_b91e05d7,user_00127,The data clearly indicates that remote collaboration is reshaping manufacturing. Forward-thinking leaders must adapt their strategies to remain competitive. Leveraging cloud infrastructure will be paramount in this transition.,2024-05-26T05:59:29.747639+00:00,mastodon,,,20,1724,38,ai_generated,the data clearly indicates that remote collaboration is reshaping manufacturing. forward-thinking leaders must adapt their strategies to remain competitive. leveraging cloud infrastructure will be paramount in this transition.,ai_generated,0.9986,0.0014,0.9986
post_7c503a10,user_00116,you guys i just found out this has been happening for years. my whole life is a lie,2024-05-23T15:19:12.933833+00:00,twitter,,,2,431,146,human,you guys i just found out this has been happening for years. my whole life is a lie,human,0.9992,0.9992,0.0008
post_491d1f98,user_00027,"As we navigate the evolving landscape of finance, it becomes increasingly important to consider the multifaceted implications of scalability. A comprehensive framework for analysis should incorporate both qualitative feedback and regulatory frameworks to yield meaningful insights.",2024-06-05T08:04:21.151196+00:00,reddit,,,29,1042,79,ai_generated,"as we navigate the evolving landscape of finance, it becomes increasingly important to consider the multifaceted implications of scalability. a comprehensive framework for analysis should incorporate both qualitative feedback and regulatory frameworks to yield meaningful insights.",ai_generated,0.9992,0.0008,0.9992
post_c8b4ceee,user_00202,you guys i just found out I misunderstood everything. my whole life is a lie,2024-02-01T17:26:22.879153+00:00,mastodon,,,8,215,218,human,you guys i just found out i misunderstood everything. my whole life is a lie,human,0.9992,0.9992,0.0008
post_8b86e671,user_00152,you guys i just found out this has been happening for years. my whole life is a lie,2024-05-18T02:33:20.970713+00:00,twitter,,post_9e821cc7,8,92,15,human,you guys i just found out this has been happening for years. my whole life is a lie,human,0.9987,0.9987,0.0013
post_d42e37f2,user_00044,woke up at 5am for no reason and now i can't sleep. hate this,2024-05-28T08:53:35.137870+00:00,reddit,,,21,1802,80,human,woke up at 5am for no reason and now i can't sleep. hate this,human,0.9995,0.9995,0.0005
post_13389182,user_00201,throwback to that time when we got completely lost. good times fr,2024-05-09T15:46:01.415147+00:00,facebook,,,3,1101,689,human,throwback to that time when we got completely lost. good times fr,human,0.9995,0.9995,0.0005
post_2c72cd08,user_00096,can't believe it's already August. where did the year go??,2024-05-11T10:20:26.851502+00:00,mastodon,,,1,6125,37,human,can't believe it's already august. where did the year go??,human,0.9989,0.9989,0.0011
post_5938cfad,user_00250,just had the best sushi at a random food truck! totally worth it 😊,2024-03-01T23:52:11.540487+00:00,facebook,,,11,1016,34,human,just had the best sushi at a random food truck! totally worth it 😊,human,0.9994,0.9994,0.0006
post_ec856a48,user_00031,honestly whatever about that whole situation rn. mixed feelings for sure,2024-05-07T08:22:58.962656+00:00,reddit,,,2,207,285,human,honestly whatever about that whole situation rn. mixed feelings for sure,human,0.9995,0.9995,0.0005
post_7ece5461,user_00149,The data clearly indicates that AI adoption is reshaping healthcare. Forward-thinking leaders must adapt their strategies to remain competitive. Leveraging machine learning will be paramount in this transition.,2024-03-04T22:55:32.556731+00:00,facebook,,,29,1562,6,ai_generated,the data clearly indicates that ai adoption is reshaping healthcare. forward-thinking leaders must adapt their strategies to remain competitive. leveraging machine learning will be paramount in this transition.,ai_generated,0.9988,0.0012,0.9988
post_0843ff83,user_00264,throwback to that time when we got completely lost. good times fr,2024-05-09T02:45:44.840145+00:00,reddit,,post_145c9a82,10,318,67,human,throwback to that time when we got completely lost. good times fr,human,0.9995,0.9995,0.0005
post_cd6c6f50,user_00097,woke up at 3am for no reason and now i can't sleep. hate this,2024-04-19T23:09:41.319507+00:00,twitter,,,26,29,222,human,woke up at 3am for no reason and now i can't sleep. hate this,human,0.9995,0.9995,0.0005
post_49ec38ed,user_00094,I'm excited to share insights on remote work. The evidence strongly suggests that outcomes improve with structured frameworks. This has profound implications for communities worldwide. Let's discuss how we can leverage this for positive impact.,2024-04-28T19:22:44.257778+00:00,twitter,,post_655b34cc,40,471,75,ai_generated,i'm excited to share insights on remote work. the evidence strongly suggests that outcomes improve with structured frameworks. this has profound implications for communities worldwide. let's discuss how we can leverage this for positive impact.,ai_generated,0.9991,0.0009,0.9991
post_7324e193,user_00231,honestly nervous about that whole situation rn. mixed feelings for sure,2024-01-06T00:10:23.526685+00:00,twitter,,post_5a2f4658,0,327,131,human,honestly nervous about that whole situation rn. mixed feelings for sure,human,0.9994,0.9994,0.0006
post_3a62430f,user_00087,"As we navigate the evolving landscape of education, it becomes increasingly important to consider the multifaceted implications of automation. A comprehensive framework for analysis should incorporate both qualitative feedback and behavioral patterns to yield meaningful insights.",2024-04-30T15:04:07.933923+00:00,reddit,,,55,138,22,ai_generated,"as we navigate the evolving landscape of education, it becomes increasingly important to consider the multifaceted implications of automation. a comprehensive framework for analysis should incorporate both qualitative feedback and behavioral patterns to yield meaningful insights.",ai_generated,0.9992,0.0008,0.9992
post_513dd1cf,user_00204,ok why does everyone suddenly care about digital transformation? been saying this for years,2024-06-13T20:55:08.305056+00:00,twitter,,post_f41fd2ca,26,407,899,human,ok why does everyone suddenly care about digital transformation? been saying this for years,human,0.9987,0.9987,0.0013
post_7270cbc0,user_00126,I'm excited to share insights on meditation. The evidence strongly suggests that adoption rates have accelerated significantly. This has profound implications for practitioners worldwide. Let's discuss how we can leverage this for positive impact.,2024-05-08T07:18:19.439666+00:00,twitter,,,47,642,24,ai_generated,i'm excited to share insights on meditation. the evidence strongly suggests that adoption rates have accelerated significantly. this has profound implications for practitioners worldwide. let's discuss how we can leverage this for positive impact.,ai_generated,0.9991,0.0009,0.9991
post_45fbf2ea,user_00008,does anyone else feel like meditation is totally overrated?,2024-04-16T07:15:44.583014+00:00,reddit,,,1,148,50,human,does anyone else feel like meditation is totally overrated?,human,0.9995,0.9995,0.0005
post_2d5fe22b,user_00260,"Key considerations for AI: 1) Prioritize scalability from day one. 2) Build cross-functional alignment early. 3) Measure outcomes with clear KPIs. By addressing these dimensions, stakeholders can achieve sustainable outcomes aligned with organizational objectives.",2024-05-10T20:10:01.431462+00:00,twitter,,,125,9790,54,ai_generated,"key considerations for ai: 1) prioritize scalability from day one. 2) build cross-functional alignment early. 3) measure outcomes with clear kpis. by addressing these dimensions, stakeholders can achieve sustainable outcomes aligned with organizational objectives.",ai_generated,0.9992,0.0008,0.9992
post_f5b1b7f6,user_00111,honestly nervous about that whole situation rn. mixed feelings for sure,2024-02-28T18:44:34.297702+00:00,twitter,,post_675b5a42,25,73,60,human,honestly nervous about that whole situation rn. mixed feelings for sure,human,0.9993,0.9993,0.0007
post_5787de9e,user_00193,can't believe it's already January. where did the year go??,2024-04-01T18:00:17.298012+00:00,reddit,,post_377b6dd5,7,21,395,human,can't believe it's already january. where did the year go??,human,0.9995,0.9995,0.0005
post_bbe939c1,user_00202,ok why does everyone suddenly care about remote collaboration? been saying this for years,2024-01-21T00:50:46.930505+00:00,reddit,,,11,11,33,human,ok why does everyone suddenly care about remote collaboration? been saying this for years,human,0.9991,0.9991,0.0009
post_c766a200,user_00102,unpopular opinion: coffee is overrated. fight me,2024-06-20T12:48:05.430404+00:00,twitter,,,20,203,402,human,unpopular opinion: coffee is overrated. fight me,human,0.9995,0.9995,0.0005
post_83ba439c,user_00039,"Key considerations for veganism: 1) Prioritize scalability from day one. 2) Build cross-functional alignment early. 3) Measure outcomes with clear KPIs. By addressing these dimensions, stakeholders can achieve sustainable outcomes aligned with organizational objectives.",2024-01-02T16:10:38.493241+00:00,reddit,,,92,356,54,ai_generated,"key considerations for veganism: 1) prioritize scalability from day one. 2) build cross-functional alignment early. 3) measure outcomes with clear kpis. by addressing these dimensions, stakeholders can achieve sustainable outcomes aligned with organizational objectives.",ai_generated,0.9992,0.0008,0.9992
post_0f79aa60,user_00100,I'm excited to share insights on AI. The evidence strongly suggests that outcomes improve with structured frameworks. This has profound implications for practitioners worldwide. Let's discuss how we can leverage this for positive impact.,2024-05-12T01:34:31.932971+00:00,facebook,,,45,2001,23,ai_generated,i'm excited to share insights on ai. the evidence strongly suggests that outcomes improve with structured frameworks. this has profound implications for practitioners worldwide. let's discuss how we can leverage this for positive impact.,ai_generated,0.9991,0.0009,0.9991
post_6380a626,user_00253,throwback to that time when we stayed up all night talking. good times fr,2024-04-19T07:11:15.549778+00:00,reddit,,,5,336,333,human,throwback to that time when we stayed up all night talking. good times fr,human,0.9995,0.9995,0.0005
post_0b50af3d,user_00195,can't believe it's already November. where did the year go??,2024-06-14T20:24:57.727176+00:00,mastodon,,,15,127,52,human,can't believe it's already november. where did the year go??,human,0.9994,0.9994,0.0006
post_46b26cc5,user_00177,you guys i just found out this has been happening for years. my whole life is a lie,2024-06-07T00:28:34.118223+00:00,facebook,,,16,115,314,human,you guys i just found out this has been happening for years. my whole life is a lie,human,0.9991,0.9991,0.0009
post_46dee7b3,user_00289,honestly nervous about what happened yesterday rn. mixed feelings for sure,2024-05-07T16:26:25.890710+00:00,mastodon,,,0,29,53,human,honestly nervous about what happened yesterday rn. mixed feelings for sure,human,0.9995,0.9995,0.0005
post_1096aee2,user_00254,unpopular opinion: mornings are fine. fight me,2024-01-15T18:30:40.933607+00:00,reddit,,post_b667c333,19,714,41,human,unpopular opinion: mornings are fine. fight me,human,0.9995,0.9995,0.0005
post_cd0e13c9,user_00171,my fish is being so annoying today lmao,2024-05-19T09:16:55.161258+00:00,reddit,,,9,975,45,human,my fish is being so annoying today lmao,human,0.9995,0.9995,0.0005
post_149cc5ab,user_00276,unpopular opinion: open offices are terrible. fight me,2024-01-04T22:22:00.089683+00:00,facebook,,post_4da891a1,9,396,24,human,unpopular opinion: open offices are terrible. fight me,human,0.9995,0.9995,0.0005
post_ec7b285f,user_00241,can't believe it's already March. where did the year go??,2024-04-15T20:09:56.667545+00:00,reddit,,,1,1522,416,human,can't believe it's already march. where did the year go??,human,0.9995,0.9995,0.0005
post_c4717d4a,user_00115,can't believe it's already March. where did the year go??,2024-03-12T15:18:18.553367+00:00,twitter,,post_f75e3f57,4,223,41,human,can't believe it's already march. where did the year go??,human,0.9994,0.9994,0.0006
post_459d41b1,user_00183,unpopular opinion: open offices are terrible. fight me,2024-03-09T02:54:19.990083+00:00,reddit,,,8,1058,13,human,unpopular opinion: open offices are terrible. fight me,human,0.9994,0.9994,0.0006
post_87731b3f,user_00001,does anyone else feel like crypto is totally overrated?,2024-02-25T13:43:08.194408+00:00,reddit,,,8,9,102,human,does anyone else feel like crypto is totally overrated?,human,0.9995,0.9995,0.0005
post_23c773c7,user_00020,my cat is being so annoying today lmao,2024-01-22T11:32:04.137326+00:00,facebook,,,56,244,34,human,my cat is being so annoying today lmao,human,0.9995,0.9995,0.0005
post_22081b4b,user_00171,The intersection of digital transformation and customer experience presents significant opportunities for innovation. Organizations that prioritize data-driven decision-making will be well-positioned to capitalize on emerging trends in the coming quarters.,2024-06-14T17:50:30.507184+00:00,facebook,,,17,1455,24,ai_generated,the intersection of digital transformation and customer experience presents significant opportunities for innovation. organizations that prioritize data-driven decision-making will be well-positioned to capitalize on emerging trends in the coming quarters.,ai_generated,0.999,0.001,0.999
post_a3557c18,user_00043,The intersection of sustainability and talent management presents significant opportunities for innovation. Organizations that prioritize data-driven decision-making will be well-positioned to capitalize on emerging trends in the coming quarters.,2024-01-07T21:27:38.999723+00:00,reddit,,,14,1903,43,ai_generated,the intersection of sustainability and talent management presents significant opportunities for innovation. organizations that prioritize data-driven decision-making will be well-positioned to capitalize on emerging trends in the coming quarters.,ai_generated,0.9989,0.0011,0.9989
post_ce97ff4c,user_00187,woke up at 5am for no reason and now i can't sleep. hate this,2024-05-10T18:26:37.189822+00:00,reddit,,,9,745,138,human,woke up at 5am for no reason and now i can't sleep. hate this,human,0.9995,0.9995,0.0005
post_bd2b5ae4,user_00142,just had the best biryani at my friend's place! totally worth it 😊,2024-02-07T08:02:58.172614+00:00,mastodon,,post_a996d704,1,1022,9,human,just had the best biryani at my friend's place! totally worth it 😊,human,0.9994,0.9994,0.0006
post_b934183c,user_00020,unpopular opinion: open offices are terrible. fight me,2024-06-21T15:31:26.118996+00:00,twitter,,,2,947,36,human,unpopular opinion: open offices are terrible. fight me,human,0.9995,0.9995,0.0005
post_84fd903a,user_00274,I'm excited to share insights on remote work. The evidence strongly suggests that adoption rates have accelerated significantly. This has profound implications for communities worldwide. Let's discuss how we can leverage this for positive impact.,2024-01-18T11:11:53.151999+00:00,facebook,,post_bb359931,105,4237,6,ai_generated,i'm excited to share insights on remote work. the evidence strongly suggests that adoption rates have accelerated significantly. this has profound implications for communities worldwide. let's discuss how we can leverage this for positive impact.,ai_generated,0.9992,0.0008,0.9992
post_38d6d72f,user_00244,does anyone else feel like remote work is totally overrated?,2024-05-12T21:20:36.154824+00:00,reddit,,,22,114,19,human,does anyone else feel like remote work is totally overrated?,human,0.9993,0.9993,0.0007
post_2c15a75d,user_00163,just had the best ramen at a random food truck! totally worth it 😊,2024-02-28T16:55:58.549716+00:00,reddit,,,27,9,415,human,just had the best ramen at a random food truck! totally worth it 😊,human,0.9995,0.9995,0.0005
post_18e23fe2,user_00285,I'm excited to share insights on meditation. The evidence strongly suggests that outcomes improve with structured frameworks. This has profound implications for organizations worldwide. Let's discuss how we can leverage this for positive impact.,2024-02-02T14:31:09.940534+00:00,reddit,,,83,2379,13,ai_generated,i'm excited to share insights on meditation. the evidence strongly suggests that outcomes improve with structured frameworks. this has profound implications for organizations worldwide. let's discuss how we can leverage this for positive impact.,ai_generated,0.9992,0.0008,0.9992
post_b6d8530f,user_00171,throwback to that time when we stayed up all night talking. good times fr,2024-05-01T06:58:26.845860+00:00,mastodon,,post_16206031,3,176,138,human,throwback to that time when we stayed up all night talking. good times fr,human,0.9995,0.9995,0.0005
post_e17742d0,user_00187,ok why does everyone suddenly care about AI adoption? been saying this for years,2024-06-29T19:53:27.033389+00:00,facebook,,,10,10,29,human,ok why does everyone suddenly care about ai adoption? been saying this for years,human,0.9993,0.9993,0.0007
post_84dfcdbb,user_00144,The data clearly indicates that AI adoption is reshaping manufacturing. Forward-thinking leaders must adapt their strategies to remain competitive. Leveraging machine learning will be paramount in this transition.,2024-05-30T12:46:58.689498+00:00,mastodon,,,37,393,147,ai_generated,the data clearly indicates that ai adoption is reshaping manufacturing. forward-thinking leaders must adapt their strategies to remain competitive. leveraging machine learning will be paramount in this transition.,ai_generated,0.9973,0.0027,0.9973
post_7d0b44cd,user_00114,ok why does everyone suddenly care about AI adoption? been saying this for years,2024-04-10T01:37:56.686933+00:00,twitter,,,5,2595,389,human,ok why does everyone suddenly care about ai adoption? been saying this for years,human,0.9991,0.9991,0.0009
post_1e5faf61,user_00035,woke up at 5am for no reason and now i can't sleep. hate this,2024-03-18T05:38:07.340818+00:00,mastodon,,post_7ece5461,18,45,52,human,woke up at 5am for no reason and now i can't sleep. hate this,human,0.9995,0.9995,0.0005
post_98c6c839,user_00221,The intersection of sustainability and talent management presents significant opportunities for innovation. Organizations that prioritize stakeholder alignment will be well-positioned to capitalize on emerging trends in the coming quarters.,2024-05-20T06:20:28.703736+00:00,twitter,,,97,900,82,ai_generated,the intersection of sustainability and talent management presents significant opportunities for innovation. organizations that prioritize stakeholder alignment will be well-positioned to capitalize on emerging trends in the coming quarters.,ai_generated,0.999,0.001,0.999
post_bc4dc774,user_00197,can't believe it's already January. where did the year go??,2024-02-11T05:36:41.905149+00:00,facebook,,,5,32,380,human,can't believe it's already january. where did the year go??,human,0.9995,0.9995,0.0005
post_a7445b68,user_00144,I'm excited to share insights on remote work. The evidence strongly suggests that outcomes improve with structured frameworks. This has profound implications for organizations worldwide. Let's discuss how we can leverage this for positive impact.,2024-04-09T09:06:49.050249+00:00,reddit,,,44,14853,34,ai_generated,i'm excited to share insights on remote work. the evidence strongly suggests that outcomes improve with structured frameworks. this has profound implications for organizations worldwide. let's discuss how we can leverage this for positive impact.,ai_generated,0.9992,0.0008,0.9992
post_511a9e8a,user_00288,honestly excited about that whole situation rn. mixed feelings for sure,2024-06-24T12:52:36.721088+00:00,facebook,,,34,12,19,human,honestly excited about that whole situation rn. mixed feelings for sure,human,0.9994,0.9994,0.0006
post_230df8cd,user_00207,"Key considerations for remote work: 1) Prioritize scalability from day one. 2) Build cross-functional alignment early. 3) Measure outcomes with clear KPIs. By addressing these dimensions, stakeholders can achieve sustainable outcomes aligned with organizational objectives.",2024-05-21T06:42:22.024509+00:00,mastodon,,,12,1212,46,ai_generated,"key considerations for remote work: 1) prioritize scalability from day one. 2) build cross-functional alignment early. 3) measure outcomes with clear kpis. by addressing these dimensions, stakeholders can achieve sustainable outcomes aligned with organizational objectives.",ai_generated,0.9991,0.0009,0.9991
post_efc4434b,user_00053,honestly excited about the announcement rn. mixed feelings for sure,2024-02-29T16:55:01.582945+00:00,reddit,,,1,56,29,human,honestly excited about the announcement rn. mixed feelings for sure,human,0.9995,0.9995,0.0005
post_53c53260,user_00126,my hamster is being so annoying today lmao,2024-01-14T00:00:31.279179+00:00,mastodon,,,9,33,757,human,my hamster is being so annoying today lmao,human,0.9995,0.9995,0.0005
post_ae71b5f3,user_00039,can't believe it's already August. where did the year go??,2024-03-22T12:44:11.444586+00:00,facebook,,,1,48,91,human,can't believe it's already august. where did the year go??,human,0.9995,0.9995,0.0005
post_11abc2ca,user_00071,just had the best pizza at my friend's place! totally worth it 😊,2024-02-21T22:00:49.138310+00:00,reddit,,post_fb6435b4,1,49,94,human,just had the best pizza at my friend's place! totally worth it 😊,human,0.9995,0.9995,0.0005
post_a19302dc,user_00278,you guys i just found out this has been happening for years. my whole life is a lie,2024-02-05T09:54:07.275244+00:00,reddit,,post_561c663c,1,183,178,human,you guys i just found out this has been happening for years. my whole life is a lie,human,0.9993,0.9993,0.0007
post_8b05cde6,user_00087,throwback to that time when we got completely lost. good times fr,2024-01-24T16:43:19.847872+00:00,reddit,,post_3a5d9b5b,1,142,40,human,throwback to that time when we got completely lost. good times fr,human,0.9995,0.9995,0.0005
post_951d22a6,user_00134,you guys i just found out this has been happening for years. my whole life is a lie,2024-03-27T21:44:19.984531+00:00,facebook,,post_fea37971,9,76,132,human,you guys i just found out this has been happening for years. my whole life is a lie,human,0.9992,0.9992,0.0008
post_199146e8,user_00182,just had the best pizza at my friend's place! totally worth it 😊,2024-01-12T10:51:05.830894+00:00,twitter,,post_beca6bba,2,112,111,human,just had the best pizza at my friend's place! totally worth it 😊,human,0.9995,0.9995,0.0005
post_b240be1a,user_00028,woke up at 4:30am for no reason and now i can't sleep. hate this,2024-05-12T18:25:03.998276+00:00,reddit,,,1,645,19,human,woke up at 4:30am for no reason and now i can't sleep. hate this,human,0.9995,0.9995,0.0005
post_42410225,user_00202,"Key considerations for meditation: 1) Prioritize scalability from day one. 2) Build cross-functional alignment early. 3) Measure outcomes with clear KPIs. By addressing these dimensions, stakeholders can achieve sustainable outcomes aligned with organizational objectives.",2024-04-02T13:48:22.401900+00:00,reddit,,,13,577,41,ai_generated,"key considerations for meditation: 1) prioritize scalability from day one. 2) build cross-functional alignment early. 3) measure outcomes with clear kpis. by addressing these dimensions, stakeholders can achieve sustainable outcomes aligned with organizational objectives.",ai_generated,0.9991,0.0009,0.9991
post_4bfb8d51,user_00214,honestly whatever about what happened yesterday rn. mixed feelings for sure,2024-06-02T04:09:25.886389+00:00,mastodon,,,6,55,135,human,honestly whatever about what happened yesterday rn. mixed feelings for sure,human,0.9994,0.9994,0.0006
post_c3b8f12e,user_00253,The data clearly indicates that digital transformation is reshaping finance. Forward-thinking leaders must adapt their strategies to remain competitive. Leveraging cloud infrastructure will be paramount in this transition.,2024-05-17T14:04:57.333565+00:00,facebook,,,55,506,16,ai_generated,the data clearly indicates that digital transformation is reshaping finance. forward-thinking leaders must adapt their strategies to remain competitive. leveraging cloud infrastructure will be paramount in this transition.,ai_generated,0.9987,0.0013,0.9987
post_80e225bc,user_00083,can't believe it's already March. where did the year go??,2024-02-29T12:13:11.764964+00:00,twitter,,post_4b22a90f,4,266,56,human,can't believe it's already march. where did the year go??,human,0.9994,0.9994,0.0006
post_5df4eb45,user_00106,"Key considerations for meditation: 1) Prioritize scalability from day one. 2) Build cross-functional alignment early. 3) Measure outcomes with clear KPIs. By addressing these dimensions, stakeholders can achieve sustainable outcomes aligned with organizational objectives.",2024-01-28T12:03:36.182704+00:00,reddit,,post_b240be1a,57,437,25,ai_generated,"key considerations for meditation: 1) prioritize scalability from day one. 2) build cross-functional alignment early. 3) measure outcomes with clear kpis. by addressing these dimensions, stakeholders can achieve sustainable outcomes aligned with organizational objectives.",ai_generated,0.9992,0.0008,0.9992
post_16206031,user_00270,you guys i just found out this has been happening for years. my whole life is a lie,2024-03-10T06:50:47.611877+00:00,facebook,,post_48dd4c69,3,7051,228,human,you guys i just found out this has been happening for years. my whole life is a lie,human,0.9977,0.9977,0.0023
post_7ad50b81,user_00075,I'm excited to share insights on remote work. The evidence strongly suggests that adoption rates have accelerated significantly. This has profound implications for practitioners worldwide. Let's discuss how we can leverage this for positive impact.,2024-05-21T00:30:45.425632+00:00,mastodon,,,64,901,79,ai_generated,i'm excited to share insights on remote work. the evidence strongly suggests that adoption rates have accelerated significantly. this has profound implications for practitioners worldwide. let's discuss how we can leverage this for positive impact.,ai_generated,0.9992,0.0008,0.9992
post_f901e1e8,user_00156,I'm excited to share insights on veganism. The evidence strongly suggests that adoption rates have accelerated significantly. This has profound implications for communities worldwide. Let's discuss how we can leverage this for positive impact.,2024-06-25T07:02:09.187747+00:00,mastodon,,,29,1459,18,ai_generated,i'm excited to share insights on veganism. the evidence strongly suggests that adoption rates have accelerated significantly. this has profound implications for communities worldwide. let's discuss how we can leverage this for positive impact.,ai_generated,0.9991,0.0009,0.9991
post_d9e2f156,user_00069,ok why does everyone suddenly care about AI adoption? been saying this for years,2024-01-19T10:04:55.872037+00:00,mastodon,,,8,938,184,human,ok why does everyone suddenly care about ai adoption? been saying this for years,human,0.9991,0.9991,0.0009
post_82c4a8a9,user_00072,"Key considerations for veganism: 1) Prioritize scalability from day one. 2) Build cross-functional alignment early. 3) Measure outcomes with clear KPIs. By addressing these dimensions, stakeholders can achieve sustainable outcomes aligned with organizational objectives.",2024-04-19T05:33:39.027121+00:00,twitter,,,85,472,36,ai_generated,"key considerations for veganism: 1) prioritize scalability from day one. 2) build cross-functional alignment early. 3) measure outcomes with clear kpis. by addressing these dimensions, stakeholders can achieve sustainable outcomes aligned with organizational objectives.",ai_generated,0.9992,0.0008,0.9992
post_eb610fa8,user_00078,unpopular opinion: open offices are terrible. fight me,2024-02-19T12:54:13.662562+00:00,twitter,,,0,1954,61,human,unpopular opinion: open offices are terrible. fight me,human,0.9995,0.9995,0.0005
post_efae831d,user_00108,The intersection of digital transformation and talent management presents significant opportunities for innovation. Organizations that prioritize agile methodologies will be well-positioned to capitalize on emerging trends in the coming quarters.,2024-01-01T11:12:09.482126+00:00,mastodon,,,39,9517,37,ai_generated,the intersection of digital transformation and talent management presents significant opportunities for innovation. organizations that prioritize agile methodologies will be well-positioned to capitalize on emerging trends in the coming quarters.,ai_generated,0.9992,0.0008,0.9992
post_a2835b8a,user_00142,throwback to that time when we stayed up all night talking. good times fr,2024-01-19T02:11:27.101344+00:00,twitter,,post_e94317dd,17,1279,175,human,throwback to that time when we stayed up all night talking. good times fr,human,0.9994,0.9994,0.0006
post_cde38eba,user_00076,you guys i just found out I misunderstood everything. my whole life is a lie,2024-03-03T23:11:45.356201+00:00,twitter,,,7,475,87,human,you guys i just found out i misunderstood everything. my whole life is a lie,human,0.9969,0.9969,0.0031
post_d91cc832,user_00114,woke up at 5am for no reason and now i can't sleep. hate this,2024-05-25T07:09:20.789719+00:00,twitter,,,5,63,42,human,woke up at 5am for no reason and now i can't sleep. hate this,human,0.9995,0.9995,0.0005
post_1eb7f291,user_00069,you guys i just found out I misunderstood everything. my whole life is a lie,2024-03-11T23:06:31.454542+00:00,reddit,,post_a2112599,4,568,8,human,you guys i just found out i misunderstood everything. my whole life is a lie,human,0.9984,0.9984,0.0016
post_7efa35f4,user_00253,"Key considerations for AI: 1) Prioritize scalability from day one. 2) Build cross-functional alignment early. 3) Measure outcomes with clear KPIs. By addressing these dimensions, stakeholders can achieve sustainable outcomes aligned with organizational objectives.",2024-01-02T00:32:09.961399+00:00,facebook,,,26,6703,30,ai_generated,"key considerations for ai: 1) prioritize scalability from day one. 2) build cross-functional alignment early. 3) measure outcomes with clear kpis. by addressing these dimensions, stakeholders can achieve sustainable outcomes aligned with organizational objectives.",ai_generated,0.9992,0.0008,0.9992
post_5d271f12,user_00030,my hamster is being so annoying today lmao,2024-06-16T15:46:29.088246+00:00,twitter,,post_0b414b23,2,127,60,human,my hamster is being so annoying today lmao,human,0.9995,0.9995,0.0005
post_6a169eaf,user_00015,ok why does everyone suddenly care about AI adoption? been saying this for years,2024-04-30T13:32:11.258511+00:00,twitter,,,16,582,79,human,ok why does everyone suddenly care about ai adoption? been saying this for years,human,0.9988,0.9988,0.0012
post_a6eb8222,user_00185,ok why does everyone suddenly care about remote collaboration? been saying this for years,2024-06-13T16:08:15.651437+00:00,twitter,,,4,166,20,human,ok why does everyone suddenly care about remote collaboration? been saying this for years,human,0.9988,0.9988,0.0012
post_65eef6e1,user_00166,"Key considerations for crypto: 1) Prioritize scalability from day one. 2) Build cross-functional alignment early. 3) Measure outcomes with clear KPIs. By addressing these dimensions, stakeholders can achieve sustainable outcomes aligned with organizational objectives.",2024-03-09T21:53:36.137146+00:00,twitter,,,62,4905,61,ai_generated,"key considerations for crypto: 1) prioritize scalability from day one. 2) build cross-functional alignment early. 3) measure outcomes with clear kpis. by addressing these dimensions, stakeholders can achieve sustainable outcomes aligned with organizational objectives.",ai_generated,0.9992,0.0008,0.9992
post_7a73991b,user_00195,"As we navigate the evolving landscape of finance, it becomes increasingly important to consider the multifaceted implications of personalization. A comprehensive framework for analysis should incorporate both quantitative metrics and regulatory frameworks to yield meaningful insights.",2024-06-11T00:42:24.260816+00:00,mastodon,,,55,454,36,ai_generated,"as we navigate the evolving landscape of finance, it becomes increasingly important to consider the multifaceted implications of personalization. a comprehensive framework for analysis should incorporate both quantitative metrics and regulatory frameworks to yield meaningful insights.",ai_generated,0.9992,0.0008,0.9992
post_9ed539cc,user_00230,The intersection of sustainability and supply chain optimization presents significant opportunities for innovation. Organizations that prioritize agile methodologies will be well-positioned to capitalize on emerging trends in the coming quarters.,2024-04-19T09:33:22.176588+00:00,facebook,,,10,1363,31,ai_generated,the intersection of sustainability and supply chain optimization presents significant opportunities for innovation. organizations that prioritize agile methodologies will be well-positioned to capitalize on emerging trends in the coming quarters.,ai_generated,0.9988,0.0012,0.9988
post_9f2cdead,user_00035,throwback to that time when we stayed up all night talking. good times fr,2024-05-18T17:55:28.014985+00:00,facebook,,,0,838,130,human,throwback to that time when we stayed up all night talking. good times fr,human,0.9995,0.9995,0.0005
post_c5b62394,user_00086,does anyone else feel like crypto is totally overrated?,2024-04-26T16:09:56.146465+00:00,mastodon,,,0,49,72,human,does anyone else feel like crypto is totally overrated?,human,0.9995,0.9995,0.0005
post_ef38c8da,user_00142,The intersection of artificial intelligence and supply chain optimization presents significant opportunities for innovation. Organizations that prioritize stakeholder alignment will be well-positioned to capitalize on emerging trends in the coming quarters.,2024-05-20T19:43:43.494062+00:00,twitter,,,17,1254,58,ai_generated,the intersection of artificial intelligence and supply chain optimization presents significant opportunities for innovation. organizations that prioritize stakeholder alignment will be well-positioned to capitalize on emerging trends in the coming quarters.,ai_generated,0.999,0.001,0.999
post_8620833a,user_00100,my cat is being so annoying today lmao,2024-04-29T08:55:18.726971+00:00,facebook,,,1,62,57,human,my cat is being so annoying today lmao,human,0.9995,0.9995,0.0005
post_43db79ef,user_00245,does anyone else feel like remote work is totally overrated?,2024-05-27T10:18:16.774253+00:00,facebook,,,2,178,72,human,does anyone else feel like remote work is totally overrated?,human,0.9995,0.9995,0.0005
post_4b22a90f,user_00134,"As we navigate the evolving landscape of retail, it becomes increasingly important to consider the multifaceted implications of scalability. A comprehensive framework for analysis should incorporate both qualitative feedback and regulatory frameworks to yield meaningful insights.",2024-02-13T10:49:15.367994+00:00,mastodon,,,78,777,114,ai_generated,"as we navigate the evolving landscape of retail, it becomes increasingly important to consider the multifaceted implications of scalability. a comprehensive framework for analysis should incorporate both qualitative feedback and regulatory frameworks to yield meaningful insights.",ai_generated,0.9992,0.0008,0.9992
post_970b4163,user_00017,The intersection of digital transformation and supply chain optimization presents significant opportunities for innovation. Organizations that prioritize agile methodologies will be well-positioned to capitalize on emerging trends in the coming quarters.,2024-05-10T11:20:44.218008+00:00,twitter,,,8,4186,28,ai_generated,the intersection of digital transformation and supply chain optimization presents significant opportunities for innovation. organizations that prioritize agile methodologies will be well-positioned to capitalize on emerging trends in the coming quarters.,ai_generated,0.9991,0.0009,0.9991
post_d8695a1c,user_00129,The intersection of sustainability and talent management presents significant opportunities for innovation. Organizations that prioritize agile methodologies will be well-positioned to capitalize on emerging trends in the coming quarters.,2024-04-20T17:45:19.970757+00:00,mastodon,,post_1db7bd75,126,213,15,ai_generated,the intersection of sustainability and talent management presents significant opportunities for innovation. organizations that prioritize agile methodologies will be well-positioned to capitalize on emerging trends in the coming quarters.,ai_generated,0.9991,0.0009,0.9991
post_093e15df,user_00119,does anyone else feel like crypto is totally overrated?,2024-04-26T20:59:33.819713+00:00,mastodon,,,2,4,93,human,does anyone else feel like crypto is totally overrated?,human,0.9995,0.9995,0.0005
post_f485ccc3,user_00208,throwback to that time when we got completely lost. good times fr,2024-01-08T16:50:42.345087+00:00,twitter,,,7,375,22,human,throwback to that time when we got completely lost. good times fr,human,0.9995,0.9995,0.0005
post_0f1f8d6b,user_00221,you guys i just found out this has been happening for years. my whole life is a lie,2024-03-09T16:23:31.064402+00:00,reddit,,,10,52,295,human,you guys i just found out this has been happening for years. my whole life is a lie,human,0.9993,0.9993,0.0007
post_b631cf90,user_00290,unpopular opinion: coffee is overrated. fight me,2024-05-12T06:11:52.485131+00:00,mastodon,,,6,531,116,human,unpopular opinion: coffee is overrated. fight me,human,0.9995,0.9995,0.0005
post_2887fdd9,user_00014,"Key considerations for veganism: 1) Prioritize scalability from day one. 2) Build cross-functional alignment early. 3) Measure outcomes with clear KPIs. By addressing these dimensions, stakeholders can achieve sustainable outcomes aligned with organizational objectives.",2024-01-27T21:01:24.596725+00:00,reddit,,,110,168,56,ai_generated,"key considerations for veganism: 1) prioritize scalability from day one. 2) build cross-functional alignment early. 3) measure outcomes with clear kpis. by addressing these dimensions, stakeholders can achieve sustainable outcomes aligned with organizational objectives.",ai_generated,0.9992,0.0008,0.9992
post_a5eeeee1,user_00125,The intersection of sustainability and supply chain optimization presents significant opportunities for innovation. Organizations that prioritize agile methodologies will be well-positioned to capitalize on emerging trends in the coming quarters.,2024-03-27T16:50:57.331499+00:00,mastodon,,post_2068594b,37,1303,21,ai_generated,the intersection of sustainability and supply chain optimization presents significant opportunities for innovation. organizations that prioritize agile methodologies will be well-positioned to capitalize on emerging trends in the coming quarters.,ai_generated,0.999,0.001,0.999
post_6440a6b6,user_00076,"As we navigate the evolving landscape of education, it becomes increasingly important to consider the multifaceted implications of scalability. A comprehensive framework for analysis should incorporate both qualitative feedback and technological constraints to yield meaningful insights.",2024-02-17T00:23:32.395099+00:00,mastodon,,post_0f1f8d6b,77,387,99,ai_generated,"as we navigate the evolving landscape of education, it becomes increasingly important to consider the multifaceted implications of scalability. a comprehensive framework for analysis should incorporate both qualitative feedback and technological constraints to yield meaningful insights.",ai_generated,0.9992,0.0008,0.9992
post_a19e10cb,user_00229,"Key considerations for AI: 1) Prioritize scalability from day one. 2) Build cross-functional alignment early. 3) Measure outcomes with clear KPIs. By addressing these dimensions, stakeholders can achieve sustainable outcomes aligned with organizational objectives.",2024-05-29T21:02:09.297221+00:00,mastodon,,,5,1756,30,ai_generated,"key considerations for ai: 1) prioritize scalability from day one. 2) build cross-functional alignment early. 3) measure outcomes with clear kpis. by addressing these dimensions, stakeholders can achieve sustainable outcomes aligned with organizational objectives.",ai_generated,0.9991,0.0009,0.9991
post_500edb7e,user_00107,does anyone else feel like crypto is totally overrated?,2024-03-14T20:11:04.032551+00:00,facebook,,post_52b942e0,2,223,22,human,does anyone else feel like crypto is totally overrated?,human,0.9995,0.9995,0.0005
post_bc39c0ae,user_00132,The data clearly indicates that digital transformation is reshaping healthcare. Forward-thinking leaders must adapt their strategies to remain competitive. Leveraging machine learning will be paramount in this transition.,2024-02-22T04:27:30.790982+00:00,mastodon,,,32,481,13,ai_generated,the data clearly indicates that digital transformation is reshaping healthcare. forward-thinking leaders must adapt their strategies to remain competitive. leveraging machine learning will be paramount in this transition.,ai_generated,0.9985,0.0015,0.9985
post_586822f6,user_00171,can't believe it's already August. where did the year go??,2024-02-26T20:36:05.251255+00:00,twitter,,,26,23,44,human,can't believe it's already august. where did the year go??,human,0.9994,0.9994,0.0006
post_a1d6deaf,user_00159,just had the best pasta at a random food truck! totally worth it 😊,2024-04-27T19:42:01.452039+00:00,facebook,,,18,65,1047,human,just had the best pasta at a random food truck! totally worth it 😊,human,0.9995,0.9995,0.0005
post_e8ab3b7c,user_00228,"As we navigate the evolving landscape of retail, it becomes increasingly important to consider the multifaceted implications of automation. A comprehensive framework for analysis should incorporate both market signals and regulatory frameworks to yield meaningful insights.",2024-05-29T17:12:04.647340+00:00,facebook,,,30,917,17,ai_generated,"as we navigate the evolving landscape of retail, it becomes increasingly important to consider the multifaceted implications of automation. a comprehensive framework for analysis should incorporate both market signals and regulatory frameworks to yield meaningful insights.",ai_generated,0.9992,0.0008,0.9992
post_50b81207,user_00279,unpopular opinion: coffee is overrated. fight me,2024-04-26T06:30:07.147630+00:00,mastodon,,post_dd86b8c2,3,153,227,human,unpopular opinion: coffee is overrated. fight me,human,0.9995,0.9995,0.0005
post_1474b115,user_00027,just had the best pizza at this tiny spot downtown! totally worth it 😊,2024-04-04T10:19:35.567124+00:00,reddit,,,4,110,159,human,just had the best pizza at this tiny spot downtown! totally worth it 😊,human,0.9995,0.9995,0.0005
post_1c5b5362,user_00198,throwback to that time when we stayed up all night talking. good times fr,2024-04-23T13:01:46.574441+00:00,reddit,,post_bee1353a,12,194,117,human,throwback to that time when we stayed up all night talking. good times fr,human,0.9995,0.9995,0.0005
post_17fd4d42,user_00273,my hamster is being so annoying today lmao,2024-04-17T04:25:28.062439+00:00,twitter,,post_5ab1492d,4,66,55,human,my hamster is being so annoying today lmao,human,0.9995,0.9995,0.0005
post_c3350152,user_00015,woke up at 5am for no reason and now i can't sleep. hate this,2024-04-22T17:04:10.837909+00:00,reddit,,,1,80,55,human,woke up at 5am for no reason and now i can't sleep. hate this,human,0.9995,0.9995,0.0005
post_fab77887,user_00253,woke up at 4:30am for no reason and now i can't sleep. hate this,2024-02-23T14:55:50.053756+00:00,facebook,,,7,63,10,human,woke up at 4:30am for no reason and now i can't sleep. hate this,human,0.9995,0.9995,0.0005
post_dc203683,user_00210,honestly excited about what happened yesterday rn. mixed feelings for sure,2024-01-09T10:08:18.689291+00:00,twitter,,,1,94,75,human,honestly excited about what happened yesterday rn. mixed feelings for sure,human,0.9994,0.9994,0.0006
post_bdd3114b,user_00188,my fish is being so annoying today lmao,2024-03-13T22:06:32.469686+00:00,mastodon,,,6,43,22,human,my fish is being so annoying today lmao,human,0.9995,0.9995,0.0005
post_41c6aaab,user_00244,unpopular opinion: mornings are fine. fight me,2024-01-08T18:03:12.657827+00:00,twitter,,,8,89,58,human,unpopular opinion: mornings are fine. fight me,human,0.9995,0.9995,0.0005
post_d0a0016e,user_00045,ok why does everyone suddenly care about AI adoption? been saying this for years,2024-05-15T11:57:11.651476+00:00,mastodon,,post_56041f17,10,1765,712,human,ok why does everyone suddenly care about ai adoption? been saying this for years,human,0.9991,0.9991,0.0009
post_28d48e2d,user_00156,can't believe it's already August. where did the year go??,2024-02-13T17:06:45.779622+00:00,reddit,,post_b39880ba,7,281,70,human,can't believe it's already august. where did the year go??,human,0.9994,0.9994,0.0006
post_ae5cf5cd,user_00123,The data clearly indicates that AI adoption is reshaping healthcare. Forward-thinking leaders must adapt their strategies to remain competitive. Leveraging machine learning will be paramount in this transition.,2024-05-31T19:03:39.220295+00:00,reddit,,,79,1561,95,ai_generated,the data clearly indicates that ai adoption is reshaping healthcare. forward-thinking leaders must adapt their strategies to remain competitive. leveraging machine learning will be paramount in this transition.,ai_generated,0.9986,0.0014,0.9986
post_2a9d40be,user_00044,The intersection of sustainability and talent management presents significant opportunities for innovation. Organizations that prioritize agile methodologies will be well-positioned to capitalize on emerging trends in the coming quarters.,2024-04-22T23:54:54.184647+00:00,reddit,,,99,419,31,ai_generated,the intersection of sustainability and talent management presents significant opportunities for innovation. organizations that prioritize agile methodologies will be well-positioned to capitalize on emerging trends in the coming quarters.,ai_generated,0.999,0.001,0.999
post_ddfb4590,user_00244,ok why does everyone suddenly care about digital transformation? been saying this for years,2024-02-16T16:07:21.820410+00:00,reddit,,,11,24,43,human,ok why does everyone suddenly care about digital transformation? been saying this for years,human,0.9989,0.9989,0.0011
post_ce6689e6,user_00134,"Key considerations for veganism: 1) Prioritize scalability from day one. 2) Build cross-functional alignment early. 3) Measure outcomes with clear KPIs. By addressing these dimensions, stakeholders can achieve sustainable outcomes aligned with organizational objectives.",2024-04-21T23:34:20.713787+00:00,twitter,,,8,1394,41,ai_generated,"key considerations for veganism: 1) prioritize scalability from day one. 2) build cross-functional alignment early. 3) measure outcomes with clear kpis. by addressing these dimensions, stakeholders can achieve sustainable outcomes aligned with organizational objectives.",ai_generated,0.9991,0.0009,0.9991
post_ee4771fc,user_00253,woke up at 3am for no reason and now i can't sleep. hate this,2024-04-08T02:12:51.957533+00:00,twitter,,,4,73,22,human,woke up at 3am for no reason and now i can't sleep. hate this,human,0.9995,0.9995,0.0005
post_22ed2258,user_00276,ok why does everyone suddenly care about digital transformation? been saying this for years,2024-03-05T00:11:08.718042+00:00,facebook,,,2,3,61,human,ok why does everyone suddenly care about digital transformation? been saying this for years,human,0.9994,0.9994,0.0006
post_0d8e0456,user_00021,I'm excited to share insights on remote work. The evidence strongly suggests that outcomes improve with structured frameworks. This has profound implications for practitioners worldwide. Let's discuss how we can leverage this for positive impact.,2024-01-08T06:56:39.985285+00:00,twitter,,,16,267,62,ai_generated,i'm excited to share insights on remote work. the evidence strongly suggests that outcomes improve with structured frameworks. this has profound implications for practitioners worldwide. let's discuss how we can leverage this for positive impact.,ai_generated,0.999,0.001,0.999
post_76287cd1,user_00257,The intersection of digital transformation and talent management presents significant opportunities for innovation. Organizations that prioritize agile methodologies will be well-positioned to capitalize on emerging trends in the coming quarters.,2024-06-10T15:15:17.890678+00:00,reddit,,post_5938274a,9,489,46,ai_generated,the intersection of digital transformation and talent management presents significant opportunities for innovation. organizations that prioritize agile methodologies will be well-positioned to capitalize on emerging trends in the coming quarters.,ai_generated,0.9986,0.0014,0.9986
post_8927cf5b,user_00134,can't believe it's already August. where did the year go??,2024-03-05T18:19:36.410924+00:00,twitter,,,4,45,378,human,can't believe it's already august. where did the year go??,human,0.9995,0.9995,0.0005
post_cd633a09,user_00104,The intersection of sustainability and supply chain optimization presents significant opportunities for innovation. Organizations that prioritize agile methodologies will be well-positioned to capitalize on emerging trends in the coming quarters.,2024-06-17T05:33:58.876768+00:00,mastodon,,,24,204,78,ai_generated,the intersection of sustainability and supply chain optimization presents significant opportunities for innovation. organizations that prioritize agile methodologies will be well-positioned to capitalize on emerging trends in the coming quarters.,ai_generated,0.9987,0.0013,0.9987
post_05139499,user_00282,throwback to that time when we stayed up all night talking. good times fr,2024-02-06T11:24:03.798914+00:00,facebook,,,3,15,16,human,throwback to that time when we stayed up all night talking. good times fr,human,0.9995,0.9995,0.0005
post_73185516,user_00135,does anyone else feel like AI is totally overrated?,2024-06-13T16:09:23.504951+00:00,facebook,,post_6da446b9,14,381,700,human,does anyone else feel like ai is totally overrated?,human,0.9995,0.9995,0.0005
post_8aef271a,user_00114,I'm excited to share insights on crypto. The evidence strongly suggests that adoption rates have accelerated significantly. This has profound implications for communities worldwide. Let's discuss how we can leverage this for positive impact.,2024-05-20T10:24:23.768987+00:00,reddit,,,53,926,8,ai_generated,i'm excited to share insights on crypto. the evidence strongly suggests that adoption rates have accelerated significantly. this has profound implications for communities worldwide. let's discuss how we can leverage this for positive impact.,ai_generated,0.9992,0.0008,0.9992
post_840cf4d7,user_00181,can't believe it's already November. where did the year go??,2024-06-27T06:04:15.125896+00:00,reddit,,,3,299,154,human,can't believe it's already november. where did the year go??,human,0.9995,0.9995,0.0005
post_be5d15d2,user_00253,honestly nervous about that whole situation rn. mixed feelings for sure,2024-02-19T04:14:46.774149+00:00,twitter,,,1,480,494,human,honestly nervous about that whole situation rn. mixed feelings for sure,human,0.9995,0.9995,0.0005
post_7355eabe,user_00256,The intersection of artificial intelligence and supply chain optimization presents significant opportunities for innovation. Organizations that prioritize stakeholder alignment will be well-positioned to capitalize on emerging trends in the coming quarters.,2024-03-01T06:04:59.571984+00:00,facebook,,,29,22,47,ai_generated,the intersection of artificial intelligence and supply chain optimization presents significant opportunities for innovation. organizations that prioritize stakeholder alignment will be well-positioned to capitalize on emerging trends in the coming quarters.,ai_generated,0.9957,0.0043,0.9957
post_764029b6,user_00023,I'm excited to share insights on crypto. The evidence strongly suggests that outcomes improve with structured frameworks. This has profound implications for practitioners worldwide. Let's discuss how we can leverage this for positive impact.,2024-05-04T00:21:14.062917+00:00,mastodon,,,31,218,9,ai_generated,i'm excited to share insights on crypto. the evidence strongly suggests that outcomes improve with structured frameworks. this has profound implications for practitioners worldwide. let's discuss how we can leverage this for positive impact.,ai_generated,0.9991,0.0009,0.9991
post_bed43a7c,user_00128,woke up at 4:30am for no reason and now i can't sleep. hate this,2024-05-20T08:26:37.760676+00:00,twitter,,,7,125,79,human,woke up at 4:30am for no reason and now i can't sleep. hate this,human,0.9995,0.9995,0.0005
post_ea65595f,user_00046,woke up at 4:30am for no reason and now i can't sleep. hate this,2024-03-25T21:54:33.831010+00:00,facebook,,post_ed1e8c1b,2,720,9,human,woke up at 4:30am for no reason and now i can't sleep. hate this,human,0.9995,0.9995,0.0005
post_1fd70973,user_00002,honestly nervous about that whole situation rn. mixed feelings for sure,2024-03-12T22:37:38.710388+00:00,twitter,,,8,454,36,human,honestly nervous about that whole situation rn. mixed feelings for sure,human,0.9993,0.9993,0.0007
post_85e19492,user_00233,"As we navigate the evolving landscape of healthcare, it becomes increasingly important to consider the multifaceted implications of scalability. A comprehensive framework for analysis should incorporate both market signals and behavioral patterns to yield meaningful insights.",2024-03-20T17:29:46.472976+00:00,twitter,,,95,2899,23,ai_generated,"as we navigate the evolving landscape of healthcare, it becomes increasingly important to consider the multifaceted implications of scalability. a comprehensive framework for analysis should incorporate both market signals and behavioral patterns to yield meaningful insights.",ai_generated,0.9992,0.0008,0.9992
post_a9e9e50f,user_00049,throwback to that time when we stayed up all night talking. good times fr,2024-02-16T22:21:52.159115+00:00,reddit,,,4,82,12,human,throwback to that time when we stayed up all night talking. good times fr,human,0.9995,0.9995,0.0005
post_0d4e38d4,user_00267,can't believe it's already November. where did the year go??,2024-02-02T10:44:29.510294+00:00,twitter,,,2,389,56,human,can't believe it's already november. where did the year go??,human,0.9994,0.9994,0.0006
post_a221e193,user_00033,I'm excited to share insights on meditation. The evidence strongly suggests that outcomes improve with structured frameworks. This has profound implications for communities worldwide. Let's discuss how we can leverage this for positive impact.,2024-03-27T07:30:37.869618+00:00,facebook,,,42,1321,51,ai_generated,i'm excited to share insights on meditation. the evidence strongly suggests that outcomes improve with structured frameworks. this has profound implications for communities worldwide. let's discuss how we can leverage this for positive impact.,ai_generated,0.9991,0.0009,0.9991
post_5a2f4658,user_00267,ok why does everyone suddenly care about remote collaboration? been saying this for years,2024-05-14T18:59:27.996680+00:00,mastodon,,,0,54,50,human,ok why does everyone suddenly care about remote collaboration? been saying this for years,human,0.9993,0.9993,0.0007
post_efc3f1e3,user_00293,you guys i just found out this has been happening for years. my whole life is a lie,2024-05-26T23:00:05.731525+00:00,facebook,,,1,863,350,human,you guys i just found out this has been happening for years. my whole life is a lie,human,0.9992,0.9992,0.0008
post_7e9d0bda,user_00298,woke up at 5am for no reason and now i can't sleep. hate this,2024-03-30T21:04:40.487547+00:00,twitter,,post_31a59a20,17,43,28,human,woke up at 5am for no reason and now i can't sleep. hate this,human,0.9995,0.9995,0.0005
post_3032c4be,user_00264,woke up at 3am for no reason and now i can't sleep. hate this,2024-01-17T20:19:37.880096+00:00,twitter,,,5,32,594,human,woke up at 3am for no reason and now i can't sleep. hate this,human,0.9995,0.9995,0.0005
post_76f82456,user_00120,unpopular opinion: mornings are fine. fight me,2024-03-06T18:12:02.884254+00:00,facebook,,post_4e68c02f,1,85,62,human,unpopular opinion: mornings are fine. fight me,human,0.9995,0.9995,0.0005
post_fffd7a99,user_00228,my cat is being so annoying today lmao,2024-01-16T00:16:29.827702+00:00,reddit,,post_3b8befeb,3,247,112,human,my cat is being so annoying today lmao,human,0.9995,0.9995,0.0005
post_4c32a96c,user_00108,can't believe it's already August. where did the year go??,2024-01-01T11:12:05.342233+00:00,twitter,,post_44a0359b,19,14,60,human,can't believe it's already august. where did the year go??,human,0.9994,0.9994,0.0006
post_ada0b208,user_00258,I'm excited to share insights on crypto. The evidence strongly suggests that outcomes improve with structured frameworks. This has profound implications for communities worldwide. Let's discuss how we can leverage this for positive impact.,2024-04-07T23:52:16.473212+00:00,mastodon,,post_960d096c,17,465,57,ai_generated,i'm excited to share insights on crypto. the evidence strongly suggests that outcomes improve with structured frameworks. this has profound implications for communities worldwide. let's discuss how we can leverage this for positive impact.,ai_generated,0.999,0.001,0.999
post_4b099e65,user_00108,The intersection of sustainability and talent management presents significant opportunities for innovation. Organizations that prioritize agile methodologies will be well-positioned to capitalize on emerging trends in the coming quarters.,2024-02-27T12:36:46.109940+00:00,reddit,,,78,1348,79,ai_generated,the intersection of sustainability and talent management presents significant opportunities for innovation. organizations that prioritize agile methodologies will be well-positioned to capitalize on emerging trends in the coming quarters.,ai_generated,0.999,0.001,0.999
post_cf7c93ca,user_00197,unpopular opinion: mornings are fine. fight me,2024-04-11T21:31:26.107820+00:00,mastodon,,,8,193,191,human,unpopular opinion: mornings are fine. fight me,human,0.9995,0.9995,0.0005
post_cd2132cf,user_00204,ok why does everyone suddenly care about remote collaboration? been saying this for years,2024-06-04T15:56:35.926245+00:00,reddit,,post_7fd4d4f0,4,262,398,human,ok why does everyone suddenly care about remote collaboration? been saying this for years,human,0.9991,0.9991,0.0009
post_04002dc6,user_00212,The data clearly indicates that remote collaboration is reshaping finance. Forward-thinking leaders must adapt their strategies to remain competitive. Leveraging cloud infrastructure will be paramount in this transition.,2024-06-26T06:11:09.533303+00:00,reddit,,,18,3636,32,ai_generated,the data clearly indicates that remote collaboration is reshaping finance. forward-thinking leaders must adapt their strategies to remain competitive. leveraging cloud infrastructure will be paramount in this transition.,ai_generated,0.9987,0.0013,0.9987
post_154e381a,user_00036,"As we navigate the evolving landscape of retail, it becomes increasingly important to consider the multifaceted implications of automation. A comprehensive framework for analysis should incorporate both quantitative metrics and behavioral patterns to yield meaningful insights.",2024-04-07T12:29:59.939148+00:00,reddit,,,49,1976,24,ai_generated,"as we navigate the evolving landscape of retail, it becomes increasingly important to consider the multifaceted implications of automation. a comprehensive framework for analysis should incorporate both quantitative metrics and behavioral patterns to yield meaningful insights.",ai_generated,0.9992,0.0008,0.9992
post_2c49d961,user_00090,just had the best pizza at this tiny spot downtown! totally worth it 😊,2024-02-08T18:01:00.857563+00:00,facebook,,post_124115e8,1,278,79,human,just had the best pizza at this tiny spot downtown! totally worth it 😊,human,0.9995,0.9995,0.0005
post_f242f96e,user_00299,"As we navigate the evolving landscape of healthcare, it becomes increasingly important to consider the multifaceted implications of resilience. A comprehensive framework for analysis should incorporate both market signals and technological constraints to yield meaningful insights.",2024-05-10T07:12:12.525529+00:00,reddit,,post_5e6c5bf3,83,3038,68,ai_generated,"as we navigate the evolving landscape of healthcare, it becomes increasingly important to consider the multifaceted implications of resilience. a comprehensive framework for analysis should incorporate both market signals and technological constraints to yield meaningful insights.",ai_generated,0.9992,0.0008,0.9992
post_ea27b780,user_00237,honestly excited about that whole situation rn. mixed feelings for sure,2024-03-26T12:32:25.380565+00:00,reddit,,,12,702,188,human,honestly excited about that whole situation rn. mixed feelings for sure,human,0.9993,0.9993,0.0007
post_84f8b8cf,user_00259,does anyone else feel like meditation is totally overrated?,2024-05-06T07:32:21.246720+00:00,reddit,,,21,121,12,human,does anyone else feel like meditation is totally overrated?,human,0.9993,0.9993,0.0007
post_6de0610c,user_00047,"As we navigate the evolving landscape of healthcare, it becomes increasingly important to consider the multifaceted implications of personalization. A comprehensive framework for analysis should incorporate both quantitative metrics and technological constraints to yield meaningful insights.",2024-04-02T09:28:01.503708+00:00,twitter,,,8,1641,89,ai_generated,"as we navigate the evolving landscape of healthcare, it becomes increasingly important to consider the multifaceted implications of personalization. a comprehensive framework for analysis should incorporate both quantitative metrics and technological constraints to yield meaningful insights.",ai_generated,0.9992,0.0008,0.9992
post_98a3c8b1,user_00116,woke up at 5am for no reason and now i can't sleep. hate this,2024-06-11T09:52:50.720634+00:00,twitter,,,14,118,36,human,woke up at 5am for no reason and now i can't sleep. hate this,human,0.9995,0.9995,0.0005
post_05b02676,user_00094,"Key considerations for crypto: 1) Prioritize scalability from day one. 2) Build cross-functional alignment early. 3) Measure outcomes with clear KPIs. By addressing these dimensions, stakeholders can achieve sustainable outcomes aligned with organizational objectives.",2024-06-02T12:30:53.728417+00:00,facebook,,,66,909,70,ai_generated,"key considerations for crypto: 1) prioritize scalability from day one. 2) build cross-functional alignment early. 3) measure outcomes with clear kpis. by addressing these dimensions, stakeholders can achieve sustainable outcomes aligned with organizational objectives.",ai_generated,0.9992,0.0008,0.9992
post_30fee0af,user_00084,honestly conflicted about that whole situation rn. mixed feelings for sure,2024-02-16T04:31:48.753851+00:00,reddit,,post_678d0019,8,563,496,human,honestly conflicted about that whole situation rn. mixed feelings for sure,human,0.9993,0.9993,0.0007
post_fd743eaa,user_00234,you guys i just found out I misunderstood everything. my whole life is a lie,2024-04-21T03:35:57.450232+00:00,facebook,,,0,22,259,human,you guys i just found out i misunderstood everything. my whole life is a lie,human,0.9994,0.9994,0.0006
post_1f2f4acc,user_00240,my fish is being so annoying today lmao,2024-03-08T07:59:03.549085+00:00,mastodon,,post_725ccdce,5,73,93,human,my fish is being so annoying today lmao,human,0.9995,0.9995,0.0005
post_3fb5b6ea,user_00214,ok why does everyone suddenly care about remote collaboration? been saying this for years,2024-03-29T22:01:20.449647+00:00,mastodon,,,12,251,27,human,ok why does everyone suddenly care about remote collaboration? been saying this for years,human,0.9985,0.9985,0.0015
post_e4047ed6,user_00292,The data clearly indicates that digital transformation is reshaping retail. Forward-thinking leaders must adapt their strategies to remain competitive. Leveraging automation tools will be paramount in this transition.,2024-02-27T00:22:34.183413+00:00,mastodon,,,25,3135,13,ai_generated,the data clearly indicates that digital transformation is reshaping retail. forward-thinking leaders must adapt their strategies to remain competitive. leveraging automation tools will be paramount in this transition.,ai_generated,0.9989,0.0011,0.9989
post_516cc467,user_00121,unpopular opinion: open offices are terrible. fight me,2024-02-07T02:10:17.817693+00:00,reddit,,,7,23,69,human,unpopular opinion: open offices are terrible. fight me,human,0.9995,0.9995,0.0005
post_9e1e1094,user_00176,The data clearly indicates that AI adoption is reshaping healthcare. Forward-thinking leaders must adapt their strategies to remain competitive. Leveraging cloud infrastructure will be paramount in this transition.,2024-03-12T05:01:00.119626+00:00,reddit,,post_2735958c,43,6836,206,ai_generated,the data clearly indicates that ai adoption is reshaping healthcare. forward-thinking leaders must adapt their strategies to remain competitive. leveraging cloud infrastructure will be paramount in this transition.,ai_generated,0.9968,0.0032,0.9968
post_a06b1409,user_00004,just had the best tacos at a random food truck! totally worth it 😊,2024-02-06T09:00:52.989784+00:00,twitter,,,4,134,83,human,just had the best tacos at a random food truck! totally worth it 😊,human,0.9995,0.9995,0.0005
post_15f8319f,user_00213,honestly conflicted about that whole situation rn. mixed feelings for sure,2024-01-31T16:08:46.428891+00:00,twitter,,,25,234,78,human,honestly conflicted about that whole situation rn. mixed feelings for sure,human,0.9991,0.9991,0.0009
post_c4cf2816,user_00251,does anyone else feel like veganism is totally overrated?,2024-06-04T16:58:13.498453+00:00,mastodon,,,4,152,108,human,does anyone else feel like veganism is totally overrated?,human,0.9995,0.9995,0.0005
post_5f749841,user_00124,throwback to that time when we got completely lost. good times fr,2024-04-30T23:47:42.343113+00:00,mastodon,,,35,948,387,human,throwback to that time when we got completely lost. good times fr,human,0.9995,0.9995,0.0005
post_ad15dd3c,user_00276,I'm excited to share insights on AI. The evidence strongly suggests that adoption rates have accelerated significantly. This has profound implications for organizations worldwide. Let's discuss how we can leverage this for positive impact.,2024-04-21T00:07:16.920992+00:00,reddit,,post_8c905c77,5,1679,27,ai_generated,i'm excited to share insights on ai. the evidence strongly suggests that adoption rates have accelerated significantly. this has profound implications for organizations worldwide. let's discuss how we can leverage this for positive impact.,ai_generated,0.999,0.001,0.999
post_8cc71ad3,user_00181,unpopular opinion: coffee is overrated. fight me,2024-03-18T12:09:11.908924+00:00,twitter,,,12,109,37,human,unpopular opinion: coffee is overrated. fight me,human,0.9995,0.9995,0.0005
